Date,Open,High,Low,Close,Volume
2021-09-20 00:00:00-04:00,140.25840615619828,141.27278583373996,137.79071777768286,139.41958618164062,123478900
2021-09-21 00:00:00-04:00,140.38516176883357,141.03867353306788,139.2634909051742,139.89747619628906,75834000
2021-09-22 00:00:00-04:00,140.89237536058963,142.82360628582634,140.16084691647131,142.25790405273438,76404300
2021-09-23 00:00:00-04:00,143.03818581433492,143.45760318499043,142.05306622379317,143.21376037597656,64838200
2021-09-24 00:00:00-04:00,142.0725514999574,143.8379707289355,141.97500844122595,143.301513671875,53477900
2021-09-27 00:00:00-04:00,141.88721590155166,142.3651530337308,140.2778597575895,141.7896728515625,74150700
2021-09-28 00:00:00-04:00,139.7219569087335,141.18501404913908,138.20037986398958,138.4149627685547,108972300
2021-09-29 00:00:00-04:00,138.96115210906663,140.89238314094982,138.531986350207,139.31228637695312,74602000
2021-09-30 00:00:00-04:00,140.12181985738948,140.82408826037346,137.80043180958225,138.0150146484375,89056700
2021-10-01 00:00:00-04:00,138.40515987182454,139.40004260947205,135.68388091891475,139.13668823242188,94639600
2021-10-04 00:00:00-04:00,138.26860229461653,138.7075311976416,134.86456666800945,135.713134765625,98322000
2021-10-05 00:00:00-04:00,136.0545317412187,138.73680249578317,135.92772872481194,137.63462829589844,80861100
2021-10-06 00:00:00-04:00,136.035013031244,138.64900052233625,134.96209883237336,138.50270080566406,83221100
2021-10-07 00:00:00-04:00,139.5365636274982,140.66799748439982,139.20494108139994,139.76089477539062,61732700
2021-10-08 00:00:00-04:00,140.48268240335435,140.6289820985626,139.04888585839274,139.38050842285156,58773200
2021-10-11 00:00:00-04:00,138.76604603984862,141.24348200456123,138.31736879996546,139.29273986816406,64452200
2021-10-12 00:00:00-04:00,139.7024045703548,139.72191616043952,137.56633938704366,138.02476501464844,73035900
2021-10-13 00:00:00-04:00,137.76141892529833,137.91746698955632,135.77165355544514,137.43954467773438,78762700
2021-10-14 00:00:00-04:00,138.60998871817293,140.3363997461316,138.024760100328,140.21934509277344,69907100
2021-10-15 00:00:00-04:00,140.22914177699147,141.3313012712168,139.9755357033759,141.2727813720703,67940300
2021-10-18 00:00:00-04:00,139.9170017643,143.2235096811566,139.63415065247935,142.94065856933594,85589200
2021-10-19 00:00:00-04:00,143.38930715549284,145.49611240776287,142.94064476173952,145.09620666503906,76378900
2021-10-20 00:00:00-04:00,145.03768735830047,146.0618300447265,144.47197030405582,145.58389282226562,58418800
2021-10-21 00:00:00-04:00,145.14498028007083,145.95454013073487,144.2281290062348,145.79847717285156,61421000
2021-10-22 00:00:00-04:00,146.00332535531382,146.48124774454206,144.97918256227808,145.0279541015625,58883400
2021-10-25 00:00:00-04:00,145.0181953145529,145.69120388157359,143.98430413512364,144.97918701171875,50720600
2021-10-26 00:00:00-04:00,145.65218915043056,147.1249943659197,145.34006320959406,145.64244079589844,60893400
2021-10-27 00:00:00-04:00,145.68140905786274,146.04229155515878,144.8328410742834,145.18397521972656,56094900
2021-10-28 00:00:00-04:00,146.13007740006395,149.39756103040457,146.03253435552523,148.81234741210938,100077900
2021-10-29 00:00:00-04:00,143.59410645366754,146.2471165175258,142.80405839843382,146.11056518554688,124953200
2021-11-01 00:00:00-04:00,145.32053496464482,146.0130400607468,144.15984105888933,145.29127502441406,74588300
2021-11-02 00:00:00-04:00,144.9986596105235,147.83699285465968,144.98889637520205,146.32516479492188,69122000
2021-11-03 00:00:00-04:00,146.68605801297326,148.22714612515688,146.1301042293714,147.75897216796875,54511500
2021-11-04 00:00:00-04:00,147.84676026074618,148.6758168059769,146.92990900121129,147.24203491210938,60394600
2021-11-05 00:00:00-04:00,148.36531545380285,148.6681193629179,146.57777973692555,147.76947021484375,65463900
2021-11-08 00:00:00-05:00,147.89649723038997,148.0527879681065,146.67550378830177,146.94900512695312,55020900
2021-11-09 00:00:00-05:00,146.7145337755314,147.91598686060686,146.57778313905698,147.3103790283203,56787900
2021-11-10 00:00:00-05:00,146.53874739869644,146.64619541359409,144.41910465453822,144.4874725341797,65187100
2021-11-11 00:00:00-05:00,145.5033467129879,145.96242651484354,144.25303577054234,144.43862915039062,41000000
2021-11-12 00:00:00-05:00,144.9856178095641,146.90990439693277,144.05766590459464,146.50942993164062,63804000
2021-11-15 00:00:00-05:00,146.88062009926887,148.35558969382197,145.96243066007273,146.5192108154297,59222800
2021-11-16 00:00:00-05:00,146.46063248583715,147.97466759067277,145.8745495727693,147.49603271484375,59256200
2021-11-17 00:00:00-05:00,147.4959684847215,151.4031464578267,147.4862059054811,149.92819213867188,88807000
2021-11-18 00:00:00-05:00,150.1431040324191,154.98799688592075,149.4984160214015,154.20655822753906,137827700
2021-11-19 00:00:00-05:00,153.99168810581827,157.2834965855034,152.897682743032,156.82440185546875,117305600
2021-11-22 00:00:00-05:00,157.9281509208038,161.8548695638248,157.26393771700205,157.28347778320312,117467900
2021-11-23 00:00:00-05:00,157.3811499145866,158.04537802988585,155.36895531169498,157.6644287109375,96041900
2021-11-24 00:00:00-05:00,157.01972573471906,158.37746957878764,155.93548317544833,158.18211364746094,69463600
2021-11-26 00:00:00-05:00,155.86710492688786,156.72667394842426,152.73158803573577,153.171142578125,76959800
2021-11-29 00:00:00-05:00,155.67175446958956,157.44952783966656,155.10521179906075,156.52157592773438,88748200
2021-11-30 00:00:00-05:00,156.27736517799391,161.67903783874624,156.20898240534294,161.46414184570312,174048100
2021-12-01 00:00:00-05:00,163.59356203535145,166.34813007275002,160.71202083002768,160.9464569091797,152052500
2021-12-02 00:00:00-05:00,155.0563862894109,160.38967666927002,154.13819694441963,159.9598846435547,136739200
2021-12-03 00:00:00-05:00,160.21386222018816,161.13205157338396,156.01364225594332,158.08444213867188,118023100
2021-12-06 00:00:00-05:00,160.47757621707362,163.98428011365826,160.46781363689186,161.4836883544922,107497000
2021-12-07 00:00:00-05:00,165.15642772326544,167.59841414884357,164.43359437560147,167.2076873779297,120405400
2021-12-08 00:00:00-05:00,168.13564062689133,171.87676531869016,166.73881675330688,171.01718139648438,116998900
2021-12-09 00:00:00-05:00,170.85116144440897,172.6484600825667,169.8841293433167,170.50927734375,108923700
2021-12-10 00:00:00-05:00,171.14422713494562,175.4616584549351,170.63628965473916,175.28582763671875,115402700
2021-12-13 00:00:00-05:00,176.9170250648393,177.90359710458122,171.4567470785072,171.66188049316406,153237000
2021-12-14 00:00:00-05:00,171.18324085105056,173.61546458889217,168.21379204713816,170.2845916748047,139380400
2021-12-15 00:00:00-05:00,171.0465102933484,175.33463817394934,168.31148231582245,175.1392822265625,131063300
2021-12-16 00:00:00-05:00,175.11973661793166,176.9365751900634,166.78767978084602,168.26263427734375,150185800
2021-12-17 00:00:00-05:00,165.98672717242667,169.44458898529163,165.75230596796482,167.1686553955078,195432700
2021-12-20 00:00:00-05:00,164.374993320752,166.62162387110183,163.57402950297322,165.81088256835938,107499100
2021-12-21 00:00:00-05:00,167.5789142050935,169.18085708761444,165.19553249835857,168.97573852539062,91185900
2021-12-22 00:00:00-05:00,169.02453697313442,171.77910499631244,168.15519034473417,171.564208984375,92135300
2021-12-23 00:00:00-05:00,171.76931657934202,172.74611106678847,171.20277398805894,172.1893310546875,68356600
2021-12-27 00:00:00-05:00,172.9805506410723,176.23327841950962,172.96102548062714,176.14537048339844,74919600
2021-12-28 00:00:00-05:00,175.9793227997058,177.12217071968058,174.38714279522745,175.12950134277344,79144300
2021-12-29 00:00:00-05:00,175.16856451921535,176.43840038673264,174.0061766459811,175.2174072265625,62348900
2021-12-30 00:00:00-05:00,175.30535282655248,176.379833000267,173.95737131856603,174.0648193359375,59773000
2021-12-31 00:00:00-05:00,173.9573548573712,175.0709001571645,173.14661351296067,173.44943237304688,64062300
2022-01-03 00:00:00-05:00,173.70339765267045,178.6362137085352,173.58618706197944,177.78639221191406,104487900
2022-01-04 00:00:00-05:00,178.39199939810527,178.69480333397306,174.96344087400894,175.5299835205078,99310400
2022-01-05 00:00:00-05:00,175.44210103848545,175.9891036993743,170.58743006603996,170.86093139648438,94537600
2022-01-06 00:00:00-05:00,168.69246617678775,171.2321387270322,167.65706602936248,168.0087127685547,96904000
2022-01-07 00:00:00-05:00,168.8779910690407,170.09898412579085,167.0611528044084,168.17469787597656,86709100
2022-01-10 00:00:00-05:00,165.1564429133354,168.4970788622131,164.2675561955421,168.19427490234375,106765600
2022-01-11 00:00:00-05:00,168.32123396506768,171.11485190283432,166.8560422275084,171.01718139648438,76138300
2022-01-12 00:00:00-05:00,172.0330618342014,173.06846173538992,170.7632407657719,171.45675659179688,74805200
2022-01-13 00:00:00-05:00,171.70096415486904,172.52146809219963,167.80354809549323,168.19427490234375,84505800
2022-01-14 00:00:00-05:00,167.36399798657283,169.74737940608347,167.11979931497876,169.05386352539062,80440800
2022-01-18 00:00:00-05:00,167.53005178287384,168.53614912039677,165.47879187832885,165.8597412109375,90956700
2022-01-19 00:00:00-05:00,166.0550783276264,167.11001826086033,162.08929472408371,162.37255859375,94815000
2022-01-20 00:00:00-05:00,163.10515822088573,165.74250066133902,160.3701303584997,160.69247436523438,91420500
2022-01-21 00:00:00-05:00,160.60460283678086,162.47028452383861,158.5338025837486,158.64125061035156,122848900
2022-01-24 00:00:00-05:00,156.30670516297684,158.53379607319022,151.11014976934194,157.86956787109375,162294600
2022-01-25 00:00:00-05:00,155.2907812885663,158.98306320756222,153.37627246633923,156.0722198486328,115798400
2022-01-26 00:00:00-05:00,159.70596106577034,160.57530790290645,154.1577733646561,155.984375,108275300
2022-01-27 00:00:00-05:00,158.68029600296296,160.0380400395087,154.6070638933257,155.52525329589844,121954600
2022-01-28 00:00:00-05:00,161.86465470605705,166.39698147337538,159.0221785798324,166.37744140625,179935700
2022-01-31 00:00:00-05:00,166.2113655240236,170.9390476064095,165.57644011866424,170.72415161132812,115541600
2022-02-01 00:00:00-05:00,169.9720379540269,170.78277933201363,168.31148996868112,170.55812072753906,86213900
2022-02-02 00:00:00-05:00,170.6948950003688,171.79867791780276,169.30784814286474,171.7595977783203,84914300
2022-02-03 00:00:00-05:00,170.43110878285196,172.15027672857178,168.12587305039293,168.8877716064453,89418100
2022-02-04 00:00:00-05:00,167.90975737649003,170.27662529840396,166.93171820745542,168.6041717529297,82465400
2022-02-07 00:00:00-05:00,169.06382633955357,170.129885294368,167.19576822143142,167.8901824951172,77251200
2022-02-08 00:00:00-05:00,167.95862803498034,171.49913925228722,167.6652133594248,170.9905548095703,74829200
2022-02-09 00:00:00-05:00,172.1837618828852,172.7705763046375,171.05900812473544,172.40870666503906,71285000
2022-02-10 00:00:00-05:00,170.31573108381698,171.62629991772872,167.78261335475796,168.340087890625,90865900
2022-02-11 00:00:00-05:00,168.54545914237346,169.27898837706067,164.34966356269592,164.93649291992188,98670700
2022-02-14 00:00:00-05:00,163.69440078491326,165.85587378073802,162.90219149496014,165.17124938964844,86185500
2022-02-15 00:00:00-05:00,167.21536820889426,169.15188170406051,166.51117876998032,168.99539184570312,62527400
2022-02-16 00:00:00-05:00,168.07601104878276,169.5332796330186,166.31553783336227,168.76063537597656,61177400
2022-02-17 00:00:00-05:00,167.274027503072,168.13470669398032,164.77024977354867,165.17124938964844,69589300
2022-02-18 00:00:00-05:00,166.09057780285292,166.7947521007373,162.54029172105788,163.62591552734375,82772700
2022-02-22 00:00:00-05:00,161.35687442039574,163.02932772220805,158.58902218443671,160.7113800048828,91162800
2022-02-23 00:00:00-05:00,161.90457789540673,162.5011823133144,156.24173835796486,156.55471801757812,90009200
2022-02-24 00:00:00-05:00,149.22918225588046,159.27364628099374,148.6619178836396,159.1660614013672,141147500
2022-02-25 00:00:00-05:00,160.2419073795577,161.49379611504713,157.33713033388693,161.229736328125,91974200
2022-02-28 00:00:00-05:00,159.47904685433394,161.78721963459702,158.86287747049465,161.49380493164062,95056600
2022-03-01 00:00:00-05:00,161.08304074169718,162.94132403155473,158.41299811175085,159.61598205566406,83474400
2022-03-02 00:00:00-05:00,160.77986315221446,163.68464076398826,159.37148431939156,162.90220642089844,79724800
2022-03-03 00:00:00-05:00,164.7702811660162,165.20062084345977,161.9144082164394,162.5794677734375,76678400
2022-03-04 00:00:00-05:00,160.87765818976635,161.91437725608384,158.54014531943216,159.58663940429688,83737200
2022-03-07 00:00:00-05:00,159.7724722055909,161.3960207362876,155.54733601828758,155.8016357421875,96418800
2022-03-08 00:00:00-05:00,155.33218168421902,159.30301816152476,152.37849933499598,153.98248291015625,131148300
2022-03-09 00:00:00-05:00,157.9337564869507,159.8213797915154,155.90922322313332,159.37147521972656,91454900
2022-03-10 00:00:00-05:00,156.68185579600046,156.86768560681452,152.55452973284972,155.03875732421875,105342000
2022-03-11 00:00:00-05:00,155.4397623739769,155.78208206231224,151.10705589580672,151.33200073242188,96970100
2022-03-14 00:00:00-04:00,148.1240148231261,150.73537736075448,146.80367102699051,147.31224060058594,108732100
2022-03-15 00:00:00-04:00,147.58611061794517,152.15356685525754,147.07754097449947,151.68409729003906,92964300
2022-03-16 00:00:00-04:00,153.60103819497576,156.48625045296393,151.06792059745445,156.0852508544922,102300200
2022-03-17 00:00:00-04:00,155.1268130175759,157.46432633327734,154.16833868809496,157.09266662597656,75615400
2022-03-18 00:00:00-04:00,156.98504839102176,160.86786475806085,156.25151907619613,160.37884521484375,123511700
2022-03-21 00:00:00-04:00,159.9191797677464,162.69682236043158,159.4301601813594,161.7481231689453,95811400
2022-03-22 00:00:00-04:00,161.8752422072329,165.69937857870127,161.2884277154457,165.11256408691406,81532000
2022-03-23 00:00:00-04:00,164.3008129085659,168.8486892835288,163.9682682338466,166.47206115722656,98062700
2022-03-24 00:00:00-04:00,167.30337650948087,170.31573891650316,166.4720521767643,170.24728393554688,90131400
2022-03-25 00:00:00-04:00,170.061446329407,171.43069512284325,168.95625735233114,170.88299560546875,80546200
2022-03-28 00:00:00-04:00,168.38898581373743,171.87080253422522,168.22272096176943,171.74366760253906,90371900
2022-03-29 00:00:00-04:00,172.80972386459516,175.0787667230212,172.467404224187,175.02987670898438,100589400
2022-03-30 00:00:00-04:00,174.62891251824163,175.66563174403498,172.81953392128133,173.8660430908203,92633200
2022-03-31 00:00:00-04:00,173.9345145849757,174.12034444944086,170.57005683003788,170.77545166015625,103049300
2022-04-01 00:00:00-04:00,170.208175340956,171.0395147015426,168.1640768197994,170.48202514648438,78751300
2022-04-04 00:00:00-04:00,170.73632454310336,174.57023673592576,170.60917466091976,174.52133178710938,76468400
2022-04-05 00:00:00-04:00,173.60197924086432,174.38441368133695,170.58961634544698,171.21556091308594,73401800
2022-04-06 00:00:00-04:00,168.57481703992445,169.81693085468368,166.39379406221198,168.05645751953125,89058800
2022-04-07 00:00:00-04:00,167.401190693142,169.55287391806212,166.11996174699982,168.3596649169922,77594700
2022-04-08 00:00:00-04:00,168.00757925318007,168.00757925318007,165.48423622614246,166.3546905517578,76575500
2022-04-11 00:00:00-04:00,165.00501879739264,165.31798361672782,161.8655060412837,162.11001586914062,72246700
2022-04-12 00:00:00-04:00,164.33013728303388,166.13950070260202,162.9804385205217,163.97804260253906,79265200
2022-04-13 00:00:00-04:00,163.71394494457553,167.2837812669122,163.10756555004033,166.6578369140625,70618900
2022-04-14 00:00:00-04:00,166.8730302686766,167.5087646523774,161.41557017548345,161.6600799560547,75329400
2022-04-18 00:00:00-04:00,160.32019219645267,162.94134514885508,159.97788741289764,161.4449462890625,69023900
2022-04-19 00:00:00-04:00,161.39603175237912,164.1345444765827,160.31040765157212,163.7237548828125,67723800
2022-04-20 00:00:00-04:00,165.0538631380032,165.1712379709988,162.45229063171516,163.55746459960938,67929800
2022-04-21 00:00:00-04:00,165.2006278854853,167.76308617115384,162.26650987641895,162.7653045654297,87227800
2022-04-22 00:00:00-04:00,162.80440987833427,164.18343379206294,157.95332893712188,158.23695373535156,84882400
2022-04-25 00:00:00-04:00,157.58163561913904,159.58661851207708,154.9800632753819,159.30299377441406,96046400
2022-04-26 00:00:00-04:00,158.68681550148915,158.7748354230094,153.27826144285282,153.35650634765625,95623200
2022-04-27 00:00:00-04:00,152.48606720314393,156.28084845296394,151.96770771639416,153.13157653808594,88063200
2022-04-28 00:00:00-04:00,155.75271956865106,160.906989569117,155.43973990755873,160.0463104248047,130216800
2022-04-29 00:00:00-04:00,158.28583697775457,162.55008785176082,153.7966412998766,154.18785095214844,131747600
2022-05-02 00:00:00-04:00,153.2685246478865,154.7551334388098,149.9040675207667,154.49107360839844,123055300
2022-05-03 00:00:00-04:00,154.67686742533908,157.18065989099466,152.88706912402677,155.9776611328125,88966500
2022-05-04 00:00:00-04:00,156.16349976201118,162.8239435793619,155.76250015329012,162.37405395507812,108256500
2022-05-05 00:00:00-04:00,160.25174474333807,160.47668960295778,151.5471860479713,153.3272247314453,130525300
2022-05-06 00:00:00-04:00,152.80807823964273,156.16768941381943,151.01563498071906,154.05201721191406,116124600
2022-05-09 00:00:00-04:00,151.75019320834667,152.63173048104144,148.3808086845327,148.93910217285156,131577900
2022-05-10 00:00:00-04:00,152.32811702969943,153.52307898712107,149.7912627423493,151.33883666992188,115366700
2022-05-11 00:00:00-04:00,150.34957266016625,152.25954795565056,142.81739949520818,143.4932403564453,142689800
2022-05-12 00:00:00-04:00,139.8398213340432,143.19941752795359,135.95129962230052,139.63412475585938,182602000
2022-05-13 00:00:00-04:00,141.62245981596948,145.0604308345469,140.17283922837782,144.0907440185547,113990900
2022-05-16 00:00:00-04:00,142.56276758428663,144.4923369438145,141.22087499257742,142.55296325683594,86643800
2022-05-17 00:00:00-04:00,145.80482673464496,146.69615365751025,143.66956086149628,146.17703247070312,78336300
2022-05-18 00:00:00-04:00,143.83604831537036,144.3355756662519,137.02867854993576,137.9298095703125,109742900
2022-05-19 00:00:00-04:00,137.00912503429328,138.7525913397019,133.7964445425997,134.5310516357422,136095600
2022-05-20 00:00:00-04:00,136.2353120090451,137.8122689524701,129.88831177177445,134.76609802246094,137426100
2022-05-23 00:00:00-04:00,134.96201586760006,140.31975175202894,134.82488980062982,140.17283630371094,117726300
2022-05-24 00:00:00-04:00,137.92002455292192,139.05622039365426,134.51145197634384,137.47926330566406,104132700
2022-05-25 00:00:00-04:00,135.5888849437953,138.87992561613757,135.50073567160547,137.63600158691406,92482700
2022-05-26 00:00:00-04:00,134.5702485880299,141.37760590054086,134.32537951243148,140.8291015625,90601500
2022-05-27 00:00:00-04:00,142.4060284868712,146.60797434750936,142.27869181225157,146.5688018798828,90978500
2022-05-31 00:00:00-04:00,146.01049226377089,147.5678554930359,143.8262500562877,145.7852020263672,103718400
2022-06-01 00:00:00-04:00,146.8234927200187,148.625740486996,144.64905411869742,145.65792846679688,74286600
2022-06-02 00:00:00-04:00,144.79596367082308,148.16536407915592,143.8458705924634,148.10659790039062,72348100
2022-06-03 00:00:00-04:00,143.8850177275583,144.93306421639832,141.49510885340763,142.39622497558594,88570300
2022-06-06 00:00:00-04:00,144.01238876362018,145.5207905259265,141.9260996131152,143.14065551757812,71598400
2022-06-07 00:00:00-04:00,141.3874111623379,145.94197002029273,141.14254208512267,145.65792846679688,67808200
2022-06-08 00:00:00-04:00,145.5305491597089,146.79406665216868,144.43354079753493,144.92327880859375,53950200
2022-06-09 00:00:00-04:00,144.0613709060868,144.91351047437155,139.60475090946733,139.71249389648438,69473000
2022-06-10 00:00:00-04:00,137.40092646925825,137.87107088214006,134.24701176433422,134.31558227539062,91437900
2022-06-13 00:00:00-04:00,130.14299644685158,132.4251777606438,128.7423526705115,129.17332458496094,122207100
2022-06-14 00:00:00-04:00,130.3976794412042,131.14207601932122,128.7815346427886,130.03526306152344,84784300
2022-06-15 00:00:00-04:00,131.5338494146611,134.52125474775525,129.4475753177957,132.65045166015625,91533000
2022-06-16 00:00:00-04:00,129.36920136755154,129.67283655853572,126.39158573948599,127.39065551757812,108123900
2022-06-17 00:00:00-04:00,127.40040831326962,130.34862471673097,127.14573507239332,128.8598175048828,134520300
2022-06-21 00:00:00-04:00,130.68172228241795,134.24701531100777,130.58378362269173,133.08143615722656,81000500
2022-06-22 00:00:00-04:00,132.0235937967665,134.93263938077834,131.16166488175563,132.57211303710938,73409200
2022-06-23 00:00:00-04:00,134.01190702274286,135.74556869818326,132.8463282477274,135.43214416503906,72433800
2022-06-24 00:00:00-04:00,137.02873655581266,138.99749360130787,136.90141479225005,138.75262451171875,89116800
2022-06-27 00:00:00-04:00,139.77127334833523,140.54506804098577,138.07678343315314,138.75262451171875,70207900
2022-06-28 00:00:00-04:00,139.212931320367,140.47644880841756,134.50165406172098,134.6191864013672,67083400
2022-06-29 00:00:00-04:00,134.63881999394516,137.78293057588337,133.86502534038587,136.3724822998047,66242400
2022-06-30 00:00:00-04:00,134.43310739232075,135.53011594509118,131.0245344279122,133.9139862060547,98964500
2022-07-01 00:00:00-04:00,133.2479278277153,136.1863562547321,132.87573705664798,136.07861328125,71051600
2022-07-05 00:00:00-04:00,134.94245447298385,138.70363989022064,134.11968301964518,138.6546630859375,73353800
2022-07-06 00:00:00-04:00,138.44894003031942,141.16207781793045,138.18447732277275,139.98670959472656,74064300
2022-07-07 00:00:00-04:00,140.3491492881493,143.5422515193908,140.3393599057939,143.3463592529297,66253700
2022-07-08 00:00:00-04:00,142.27867446652914,144.52168281438622,142.02401609395528,144.0221405029297,64547800
2022-07-11 00:00:00-04:00,142.68029721118097,143.63039032716094,140.8290877786715,141.89671325683594,63141600
2022-07-12 00:00:00-04:00,142.76844044820817,145.40323372369386,142.07302074051665,142.86639404296875,77588800
2022-07-13 00:00:00-04:00,140.05527730810053,143.4442558667998,139.20312303306522,142.50396728515625,71185600
2022-07-14 00:00:00-04:00,141.12292146669557,145.8929653987599,140.30995449187216,145.42282104492188,78140700
2022-07-15 00:00:00-04:00,146.7059412883577,147.76377735798872,145.1583671279135,147.0879364013672,76259900
2022-07-18 00:00:00-04:00,147.64626627696484,148.45923341835072,143.68917356336667,144.0515899658203,81420900
2022-07-19 00:00:00-04:00,144.88409097349603,148.1261542059037,143.89482557447934,147.90087890625,82982400
2022-07-20 00:00:00-04:00,148.01839486109847,150.56503820748694,147.28378792798063,149.89898681640625,64823400
2022-07-21 00:00:00-04:00,151.3290452388946,152.3770917552224,148.82158901652633,152.16160583496094,65086600
2022-07-22 00:00:00-04:00,152.20079694797485,153.07253011561605,150.2614383736218,150.92747497558594,66675400
2022-07-25 00:00:00-04:00,150.84910958984113,151.85796878260385,149.15462011252404,149.8108673095703,53623900
2022-07-26 00:00:00-04:00,149.13504463438227,149.94801169458665,147.70501771546552,148.4886016845703,55138700
2022-07-27 00:00:00-04:00,149.44845111836102,154.10096215711584,149.0370729884084,153.57203674316406,78620700
2022-07-28 00:00:00-04:00,153.7581586202447,154.40461645264705,151.24091273921562,154.12057495117188,81378700
2022-07-29 00:00:00-04:00,157.93074338059327,160.27169083424704,156.22644946059978,159.17466735839844,101786900
2022-08-01 00:00:00-04:00,157.7054523459462,160.2325026515257,157.58791998844677,158.1951904296875,67829400
2022-08-02 00:00:00-04:00,156.81414688340993,159.07673453265352,156.35379186998745,156.72598266601562,59907000
2022-08-03 00:00:00-04:00,157.53894532472003,163.17093336402678,157.45079605540153,162.7203826904297,82507500
2022-08-04 00:00:00-04:00,162.6027983303137,163.75858773192834,161.05522452393103,162.4069061279297,55474100
2022-08-05 00:00:00-04:00,160.0823608155598,162.67176904705062,159.87637852795464,162.1813507080078,56697000
2022-08-08 00:00:00-04:00,163.18181120847004,164.59421857415984,161.05339717997808,161.71055603027344,60276900
2022-08-09 00:00:00-04:00,160.87682032374863,162.64232916411427,160.12157196524083,161.7595672607422,63135500
2022-08-10 00:00:00-04:00,164.46672330332,166.0949161402945,163.70167172283962,165.99684143066406,70170500
2022-08-11 00:00:00-04:00,166.80107516257124,167.713261012407,164.9669154508603,165.26116943359375,57149200
2022-08-12 00:00:00-04:00,166.56566536252754,168.8706222095757,166.15370085284405,168.80197143554688,68039400
2022-08-15 00:00:00-04:00,168.2330984181666,170.0672580774187,168.06635799154176,169.87109375,54091700
2022-08-16 00:00:00-04:00,169.46896318920653,170.38114909928223,168.3704308785935,169.71417236328125,56377100
2022-08-17 00:00:00-04:00,169.45915949271176,172.7743773350279,169.26299514755854,171.20504760742188,79542000
2022-08-18 00:00:00-04:00,170.4203849105247,171.54834118381174,169.8024529702403,170.81271362304688,62290100
2022-08-19 00:00:00-04:00,169.71418188591318,170.4105825645676,168.02714147630917,168.23312377929688,70346300
2022-08-22 00:00:00-04:00,166.43817940694694,166.6049198473659,163.9370428679026,164.3588104248047,69026800
2022-08-23 00:00:00-04:00,163.87817957003261,165.4769480040651,163.4564120530002,164.02529907226562,54147100
2022-08-24 00:00:00-04:00,164.1135822617859,164.88843656775538,163.0640799468379,164.31954956054688,53841500
2022-08-25 00:00:00-04:00,165.5456215718219,166.87956011908489,165.1238689631101,166.77166748046875,51218200
2022-08-26 00:00:00-04:00,167.3013082441995,167.7721056277997,160.42563400937078,160.48448181152344,78961000
2022-08-29 00:00:00-04:00,158.06181135805244,159.77827539995786,156.7573118566176,158.28741455078125,73314000
2022-08-30 00:00:00-04:00,159.02305667853338,159.44480926961938,154.6975633016655,155.86476135253906,77906200
2022-08-31 00:00:00-04:00,157.23791969354875,157.50274977749038,154.12866933419335,154.20713806152344,87991100
2022-09-01 00:00:00-04:00,153.6382414104045,155.38412932683354,151.70599214901193,154.93295288085938,74229900
2022-09-02 00:00:00-04:00,156.6886409081276,157.2869518100939,152.0002433352291,152.8241424560547,76957800
2022-09-06 00:00:00-04:00,153.47148977301632,154.079603619405,150.74476547508485,151.56866455078125,73714800
2022-09-07 00:00:00-04:00,151.85312983190147,153.6676685648947,150.66631095885003,152.97128295898438,87449600
2022-09-08 00:00:00-04:00,151.67658920142858,153.36362955067995,149.75414265238146,151.5000457763672,84923800
2022-09-09 00:00:00-04:00,152.49067960307377,154.79565178409123,151.78447599724632,154.35426330566406,68028800
2022-09-12 00:00:00-04:00,156.53170218353472,161.11220709833708,156.24726616785827,160.29811096191406,104956000
2022-09-13 00:00:00-04:00,156.8357585865151,157.46349338077283,150.43089710301157,150.8918914794922,122656600
2022-09-14 00:00:00-04:00,151.8237313927598,154.08947711736784,150.66635107863272,152.33377075195312,87965400
2022-09-15 00:00:00-04:00,151.68639505914092,152.2651001071562,148.4790697119515,149.45008850097656,90481100
2022-09-16 00:00:00-04:00,148.31232430924803,148.44964084888636,145.52673670084437,147.8120880126953,162278800
2022-09-19 00:00:00-04:00,146.44872924023372,151.5981220543988,146.24276190884032,151.5196533203125,81474200
2022-09-20 00:00:00-04:00,150.4603364872082,155.05065980282333,150.14647654096675,153.8932647705078,107689800
2022-09-21 00:00:00-04:00,154.32483969180942,155.69802002410492,150.6565200858437,150.7742156982422,101696800
2022-09-22 00:00:00-04:00,149.45987128233378,151.50981598394938,148.01804042401267,149.81297302246094,86652500
2022-09-23 00:00:00-04:00,148.29268659863374,148.5673196468233,145.71308157487604,147.5472412109375,96029900
2022-09-26 00:00:00-04:00,146.79200808789446,150.82324708343862,146.77238716545008,147.8807373046875,93339400
2022-09-27 00:00:00-04:00,149.81300689014782,151.75505941669135,147.07646404392761,148.85177612304688,84442700
2022-09-28 00:00:00-04:00,144.81072915722658,147.75323924438212,142.06438341593866,146.96856689453125,146691400
2022-09-29 00:00:00-04:00,143.3002265150421,143.90834038923484,137.9840792223541,139.7495880126953,128138200
2022-09-30 00:00:00-04:00,138.5726147256006,140.35774479295515,135.35547138562947,135.5516357421875,124925300
2022-10-03 00:00:00-04:00,135.5614315097669,140.32829792951577,135.05139229305564,139.7201690673828,114311700
2022-10-04 00:00:00-04:00,142.25072959734777,143.41792753527417,141.4954812316815,143.30023193359375,87830100
2022-10-05 00:00:00-04:00,141.30913113651346,144.55569777280346,140.2694318056122,143.59446716308594,79471000
2022-10-06 00:00:00-04:00,143.0157891213956,144.71263233032042,142.43709909152813,142.64306640625,68402200
2022-10-07 00:00:00-04:00,139.80844218113944,140.35772324812106,136.7776606833551,137.4053955078125,85925600
2022-10-10 00:00:00-04:00,137.72909545898438,139.1709266873786,135.91455644051044,137.72909545898438,74899000
2022-10-11 00:00:00-04:00,137.21904887976436,138.64127407342733,135.57125040118655,136.31668090820312,77033700
2022-10-12 00:00:00-04:00,136.46383432846753,137.67025945099226,135.51242139642648,135.68896484375,70433700
2022-10-13 00:00:00-04:00,132.4031536839207,140.8383404618952,131.7950247428473,140.24984741210938,113224000
2022-10-14 00:00:00-04:00,141.5445499741852,141.75053227831364,135.5418338120233,135.7281951904297,88598000
2022-10-17 00:00:00-04:00,138.36665154683308,140.16156968133146,137.5819791306435,139.68096923828125,85250900
2022-10-18 00:00:00-04:00,142.70191550699425,143.8887193551449,137.91542833833753,140.99525451660156,99136600
2022-10-19 00:00:00-04:00,138.97473585531196,142.17225768233465,138.78837451258266,141.1031494140625,61758300
2022-10-20 00:00:00-04:00,140.2792613677454,143.09425775385319,139.91634163141597,140.6421661376953,64522000
2022-10-21 00:00:00-04:00,140.1321395849877,145.0167173026428,139.9163543059083,144.4478302001953,86548600
2022-10-24 00:00:00-04:00,144.36937374781388,147.35111109163424,143.20217553886908,146.5860595703125,75981900
2022-10-25 00:00:00-04:00,147.2137868289863,149.5678040506047,146.49778017936205,149.42066955566406,74732300
2022-10-26 00:00:00-04:00,148.06713927955596,149.0774000501519,145.20308247196704,146.4879913330078,88194300
2022-10-27 00:00:00-04:00,145.23248644302674,146.1937021462339,141.36798774070627,142.025146484375,109180200
2022-10-28 00:00:00-04:00,145.36000606754794,154.48179100593666,144.98729827273644,152.75552368164062,164762400
2022-10-31 00:00:00-04:00,150.22496108445085,151.2842665764986,149.0087181195706,150.40150451660156,97943200
2022-11-01 00:00:00-04:00,152.10817643552318,152.47108127109797,146.27220032701106,147.7630615234375,80379300
2022-11-02 00:00:00-04:00,146.09559446780847,149.25388921211223,142.22129326523782,142.25071716308594,93604600
2022-11-03 00:00:00-04:00,139.33763513663766,140.06345955714755,136.09106861510674,136.2185821533203,97918500
2022-11-04 00:00:00-04:00,139.59827074317496,140.16810151754257,132.0234836201314,135.95333862304688,140814800
2022-11-07 00:00:00-05:00,134.7055842324109,136.70980337190065,133.29083425573356,136.4838409423828,83374600
2022-11-08 00:00:00-05:00,137.94774130575934,138.9498435557623,135.0789489012502,137.05369567871094,89908500
2022-11-09 00:00:00-05:00,136.07123106652006,136.12035725287217,132.2297941583769,132.5048828125,74917800
2022-11-10 00:00:00-05:00,138.7631586833069,144.29441833496094,137.05366669118547,144.29441833496094,118854000
2022-11-11 00:00:00-05:00,143.26284999283982,147.37935990276293,141.83826577346156,147.07479858398438,93979700
2022-11-14 00:00:00-05:00,146.35763570725214,147.64466090619808,144.8446330372058,145.6797332763672,73374100
2022-11-15 00:00:00-05:00,149.5506380930854,150.89660867721872,145.95481705312972,147.4088592529297,89868300
2022-11-16 00:00:00-05:00,146.51480463978803,147.2418181251695,144.70706018330316,146.18075561523438,64218300
2022-11-17 00:00:00-05:00,143.86215701114332,148.82360185357618,143.58706836561342,148.07693481445312,80389400
2022-11-18 00:00:00-05:00,149.6390649453273,150.0222252429551,147.3401031595605,148.63694763183594,74829600
2022-11-21 00:00:00-05:00,147.52674987775407,147.73305885560603,145.12953609848137,145.41444396972656,58724100
2022-11-22 00:00:00-05:00,145.5323481888436,147.7821833963105,144.353379792247,147.54638671875,51804100
2022-11-23 00:00:00-05:00,146.82922050043365,149.16748927839564,146.72114887646376,148.4208221435547,58301400
2022-11-25 00:00:00-05:00,145.70916976960694,146.26918120067512,144.5400357218998,145.51268005371094,35195900
2022-11-28 00:00:00-05:00,142.59478278627932,144.06847835661756,140.86565204725017,141.69091796875,69246000
2022-11-29 00:00:00-05:00,141.7596944766532,142.27057984792378,137.8887997144492,138.6944122314453,83763800
2022-11-30 00:00:00-05:00,138.9203582971881,146.1119996275474,138.08527316426236,145.43409729003906,111380900
2022-12-01 00:00:00-05:00,145.61094536816785,146.51481013470644,144.03899751867118,145.7091827392578,71250400
2022-12-02 00:00:00-05:00,143.40039263183445,145.4046117654443,143.09581632538948,145.2179412841797,65447400
2022-12-05 00:00:00-05:00,145.1787089175549,148.27346450913342,143.21378092513402,144.05870056152344,68826400
2022-12-06 00:00:00-05:00,144.49095300364328,144.71691547188212,139.43125562304482,140.40390014648438,64727200
2022-12-07 00:00:00-05:00,139.69653991914743,140.85584008868295,137.5449416476374,138.4684600830078,69721100
2022-12-08 00:00:00-05:00,139.86352962985669,141.00319109284194,138.62563079391435,140.1484375,62128300
2022-12-09 00:00:00-05:00,139.84388950557997,143.01725827820258,138.42913927736055,139.66705322265625,76097000
2022-12-12 00:00:00-05:00,140.1975885864345,141.9660265170688,138.58634846990296,141.95620727539062,70462700
2022-12-13 00:00:00-05:00,146.87833415604433,147.34009332894186,141.71058010364294,142.91900634765625,93886200
2022-12-14 00:00:00-05:00,142.8011107216781,144.0881358235322,138.68458524913544,140.69863891601562,82291200
2022-12-15 00:00:00-05:00,138.63545090272245,139.3133532425607,133.6445335943197,134.10629272460938,98931900
2022-12-16 00:00:00-05:00,134.29296269794702,135.23611943482993,131.38486361161162,132.15118408203125,160156900
2022-12-19 00:00:00-05:00,132.74067737544078,132.82909551472687,129.01714637272462,130.04872131347656,79592600
2022-12-20 00:00:00-05:00,129.08593469778208,130.91331820064397,127.61223880809378,129.97998046875,77432800
2022-12-21 00:00:00-05:00,130.64802045895354,134.41085828161889,130.42205800232537,133.07470703125,85928000
2022-12-22 00:00:00-05:00,131.9940429577661,132.20035200043924,128.01506080289434,129.9112091064453,77852100
2022-12-23 00:00:00-05:00,128.62411984922235,130.09781510183655,127.36656776628784,129.54763793945312,63814900
2022-12-27 00:00:00-05:00,129.07611099897005,129.1055837164495,126.4627534469259,127.7497787475586,69007800
2022-12-28 00:00:00-05:00,127.39608344761355,128.73223486036684,123.66272537894751,123.82974243164062,85438400
2022-12-29 00:00:00-05:00,125.74551863845643,128.19185099265815,125.49008349000029,127.33711242675781,75703700
2022-12-30 00:00:00-05:00,126.15817044916967,127.67115798862761,125.19535270118398,127.65150451660156,77034200
2023-01-03 00:00:00-05:00,127.99536673400503,128.60448941700523,121.9925130634904,122.8767318725586,112117500
2023-01-04 00:00:00-05:00,124.66483150899292,126.4037966398773,122.886574422074,124.14412689208984,89113600
2023-01-05 00:00:00-05:00,124.90062844390272,125.5294047177782,122.57219388132161,122.82762908935547,80962700
2023-01-06 00:00:00-05:00,123.800229800476,128.0051649557748,122.69986796369008,127.34691619873047,87754700
2023-01-09 00:00:00-05:00,128.1820714377982,131.07051781969213,127.61224055371211,127.86767578125,70790800
2023-01-10 00:00:00-05:00,127.97574077291436,128.95820466182693,125.87326865028986,128.4375,63896200
2023-01-11 00:00:00-05:00,128.94836939344688,131.1687321095965,128.17222961380043,131.1490936279297,69458900
2023-01-12 00:00:00-05:00,131.5322547782573,131.90558081812333,129.13504077259947,131.07049560546875,71379600
2023-01-13 00:00:00-05:00,129.71466811603167,132.55398732492168,129.3511613806362,132.39678955078125,57809700
2023-01-17 00:00:00-05:00,132.4655864864573,134.88243886666353,131.77786487384603,133.55612182617188,63646600
2023-01-18 00:00:00-05:00,134.42069543585905,136.1792989256054,132.6620769549058,132.83892822265625,69672800
2023-01-19 00:00:00-05:00,131.72876893688178,133.86071392112063,131.42420750930626,132.8979034423828,58280400
2023-01-20 00:00:00-05:00,132.90769302903612,135.59964906296133,131.86628386729487,135.4522705078125,80223600
2023-01-23 00:00:00-05:00,135.6979103035641,140.80673462294286,135.48176704430378,138.63548278808594,81760300
2023-01-24 00:00:00-05:00,137.84946249034775,140.64948968940584,137.83964325138285,140.03053283691406,66435100
2023-01-25 00:00:00-05:00,138.41930821894437,139.93229570032543,136.37578195167205,139.37229919433594,65799300
2023-01-26 00:00:00-05:00,140.65933109437518,141.72039372676826,139.41159795380088,141.43548583984375,54105100
2023-01-27 00:00:00-05:00,140.64949717713105,144.64811636457318,140.57089828761406,143.37091064453125,70555800
2023-01-30 00:00:00-05:00,142.41796049282078,142.99761054282715,140.34496125408572,140.49232482910156,64015300
2023-01-31 00:00:00-05:00,140.19759064122545,141.80883078137197,139.78495761656453,141.75970458984375,65874500
2023-02-01 00:00:00-05:00,141.44531098955775,144.03901475780756,138.84178798038548,142.87969970703125,77663600
2023-02-02 00:00:00-05:00,146.28885767804982,148.52887400177488,145.57166328269082,148.17520141601562,118339000
2023-02-03 00:00:00-05:00,145.4341223704264,154.62016535520215,145.23763259886508,151.79066467285156,154357300
2023-02-06 00:00:00-05:00,149.8944947732861,150.41519933800663,148.1358763450209,149.0692138671875,69858300
2023-02-07 00:00:00-05:00,147.9983592694092,152.5078649107581,147.9983592694092,151.9380340576172,83322600
2023-02-08 00:00:00-05:00,151.18154087876943,151.86926257026718,148.51905726950346,149.2559051513672,64120100
2023-02-09 00:00:00-05:00,151.0832773681269,151.62363543992853,147.782198500911,148.22430419921875,56007100
2023-02-10 00:00:00-05:00,147.0632318137508,148.9130734935689,146.8270751036462,148.58836364746094,57450700
2023-02-13 00:00:00-05:00,148.52933886882354,151.78625678187208,148.49982115470684,151.38284301757812,62199000
2023-02-14 00:00:00-05:00,149.68054257567448,151.30409157346335,148.44075380707582,150.74322509765625,61707600
2023-02-15 00:00:00-05:00,150.65466519061528,153.00633755961738,150.428357769875,152.8390655517578,65573800
2023-02-16 00:00:00-05:00,151.0482514150965,153.8230360580732,150.89082864502956,151.24505615234375,68167900
2023-02-17 00:00:00-05:00,149.90687847207133,150.5464488832577,148.4309328947845,150.10366821289062,59144100
2023-02-21 00:00:00-05:00,147.79135689260553,148.87372305726493,146.03006833094608,146.09893798828125,58867200
2023-02-22 00:00:00-05:00,146.4826514820273,147.54533393656627,144.80008218957667,146.5220184326172,51011300
2023-02-23 00:00:00-05:00,147.68310298099968,147.92909389742377,144.87881554222116,147.00416564941406,48394200
2023-02-24 00:00:00-05:00,144.75094042273577,144.8296593421339,143.38323110315275,144.35736083984375,55469600
2023-02-27 00:00:00-05:00,145.34128862301924,146.77786725557394,145.0854484451516,145.54791259765625,44998500
2023-02-28 00:00:00-05:00,144.6918692589824,146.689314426437,144.47539603761436,145.0460968017578,50547000
2023-03-01 00:00:00-05:00,144.4754113339038,144.86899086128216,142.68458995191014,142.9797821044922,55479000
2023-03-02 00:00:00-05:00,142.0647116163666,144.35734928778834,141.59239813777418,143.57017517089844,52238100
2023-03-03 00:00:00-05:00,145.66597544130724,148.68675112203792,144.96736964186593,148.6080322265625,70732300
2023-03-06 00:00:00-05:00,151.32380747304748,153.7935665673354,150.9991125857975,151.36317443847656,87558000
2023-03-07 00:00:00-05:00,151.2352451910372,151.55995507278075,148.70646582947896,149.16893005371094,56182000
2023-03-08 00:00:00-05:00,150.35949790258118,151.00891757952724,149.39521763366128,150.4185333251953,47204800
2023-03-09 00:00:00-05:00,151.09749920529256,152.06177965604292,147.82089750549494,148.1751251220703,53833600
2023-03-10 00:00:00-05:00,147.80120650188752,148.5194958597798,145.242894659562,146.11862182617188,68572400
2023-03-13 00:00:00-04:00,145.43968998615728,150.6842189540097,145.33145336527863,148.05703735351562,84457100
2023-03-14 00:00:00-04:00,148.85404568502526,150.94004418166887,147.6929755826584,150.14303588867188,73695900
2023-03-15 00:00:00-04:00,148.7654682431246,150.7924309816341,147.51583019026035,150.53660583496094,77167900
2023-03-16 00:00:00-04:00,149.71992520737962,153.95097226183628,149.20825986230471,153.3507537841797,76161100
2023-03-17 00:00:00-04:00,153.5770563789343,154.22647602550626,151.80591871287191,152.51437377929688,98944600
2023-03-20 00:00:00-04:00,152.58327776546486,155.28917828804447,151.67801783277878,154.8759002685547,73641400
2023-03-21 00:00:00-04:00,154.79717806171172,156.8438093660786,154.0296725549558,156.72573852539062,73938300
2023-03-22 00:00:00-04:00,156.7454392443716,159.53989288471735,155.27932775015748,155.29901123046875,75701800
2023-03-23 00:00:00-04:00,156.28296029217628,158.95934282613845,155.15139299961646,156.38134765625,67622100
2023-03-24 00:00:00-04:00,156.31249715364865,157.76875944157217,155.31869907440637,157.68020629882812,59196500
2023-03-27 00:00:00-04:00,157.37517430078694,158.19186606543823,155.33836200567538,155.74179077148438,52390300
2023-03-28 00:00:00-04:00,155.4367475403247,155.9484128704115,153.4786543640599,155.1218719482422,45992200
2023-03-29 00:00:00-04:00,156.81432081388166,158.4673879613573,156.79465234617297,158.19187927246094,51305700
2023-03-30 00:00:00-04:00,158.93967116064357,159.86459953343115,158.68384597812414,159.75636291503906,49501700
2023-03-31 00:00:00-04:00,159.83511792767183,162.35406341845376,159.3136181978193,162.2556610107422,68749800
2023-04-03 00:00:00-04:00,161.63573905142377,163.62333513475417,161.58653785817188,163.50526428222656,56976200
2023-04-04 00:00:00-04:00,163.92836877990578,164.16451047380076,162.46225736922722,162.9739227294922,46278300
2023-04-05 00:00:00-04:00,162.0982064947886,162.40323287933546,159.20535043705326,161.1339111328125,51511700
2023-04-06 00:00:00-04:00,159.82526545905753,162.3147081943001,159.40216814543908,162.01951599121094,45390100
2023-04-10 00:00:00-04:00,158.8314221542027,159.431640625,157.5129143705151,159.431640625,47716900
2023-04-11 00:00:00-04:00,159.7465367378167,159.75637097122245,157.93603184667685,158.2213897705078,47644200
2023-04-12 00:00:00-04:00,158.6346733983191,159.46119953470492,157.21776287074414,157.5326385498047,50133100
2023-04-13 00:00:00-04:00,159.03807402297244,163.14120127307194,158.83143501847854,162.90504455566406,68445600
2023-04-14 00:00:00-04:00,161.9506011686896,163.65286938363687,161.19295983913122,162.5606689453125,49386500
2023-04-17 00:00:00-04:00,162.44256794452966,162.73776006518966,161.39956879707992,162.580322265625,41516200
2023-04-18 00:00:00-04:00,163.43642945073645,164.72541991249665,162.9936336312071,163.8004913330078,49923000
2023-04-19 00:00:00-04:00,163.14125365366036,165.463409571088,162.88541337413386,164.94190979003906,47720200
2023-04-20 00:00:00-04:00,163.4265370188754,165.17799130758831,162.9050374280842,163.97755432128906,52456400
2023-04-21 00:00:00-04:00,162.40322071444277,163.78076396537094,161.85220341407148,162.3737030029297,58337300
2023-04-24 00:00:00-04:00,162.35403159020615,162.9444158925364,161.26183114076272,162.67874145507812,41949600
2023-04-25 00:00:00-04:00,162.54099521393778,163.6430299514636,161.10440134757968,161.14376831054688,48714100
2023-04-26 00:00:00-04:00,160.44513945575562,162.6295403559192,160.1893142654478,161.1339111328125,45498800
2023-04-27 00:00:00-04:00,162.5409858833323,165.85693915334915,162.5409858833323,165.7093505859375,64902300
2023-04-28 00:00:00-04:00,165.7880496631181,167.12624089927414,165.18783120394306,166.95895385742188,55275900
2023-05-01 00:00:00-04:00,166.5654112090663,167.71664719399982,165.93567490070697,166.8704376220703,52472900
2023-05-02 00:00:00-04:00,167.36242742401706,167.6182676642773,164.85331630714083,165.8372802734375,48425700
2023-05-03 00:00:00-04:00,166.78188428598025,168.17911124939818,164.47941231869004,164.76475524902344,65136000
2023-05-04 00:00:00-04:00,162.24575591244712,164.36127162736898,161.67505522800053,163.13131713867188,81235400
2023-05-05 00:00:00-04:00,168.23815821665508,171.50492585877407,168.0216849384858,170.78663635253906,113453200
2023-05-08 00:00:00-04:00,169.71408033203093,171.06212101363838,169.35001851271124,170.7177276611328,55962800
2023-05-09 00:00:00-04:00,170.27491417680565,170.75704676065035,168.8481698742082,169.01544189453125,45326900
2023-05-10 00:00:00-04:00,170.24541483030967,171.23921282792068,169.14336520388548,170.77674865722656,53724500
2023-05-11 00:00:00-04:00,171.06211698775132,171.79024060925457,169.40904995436452,170.96371459960938,49514700
2023-05-12 00:00:00-04:00,171.07210045600348,171.50564580777203,168.49055408757272,170.0375213623047,45533100
2023-05-15 00:00:00-04:00,170.61886136031444,170.66813061172948,168.95365989259247,169.54486083984375,37266700
2023-05-16 00:00:00-04:00,169.4660330445526,170.5991506527755,169.2788189100942,169.54486083984375,42110300
2023-05-17 00:00:00-04:00,169.19011716888295,170.39219951568867,167.91903983890595,170.15573120117188,57951600
2023-05-18 00:00:00-04:00,170.4611455275274,172.66827791106903,170.04731102464947,172.48106384277344,65496700
2023-05-19 00:00:00-04:00,173.8014841703934,173.8014841703934,172.3727658614243,172.58953857421875,55809500
2023-05-22 00:00:00-04:00,171.42679729660153,172.1460951955022,170.9045763773169,171.64356994628906,43570900
2023-05-23 00:00:00-04:00,170.58929510312979,170.83562631420236,168.7664381272472,169.04232788085938,50747300
2023-05-24 00:00:00-04:00,168.57921320123526,169.8896969643689,168.01758589409968,169.31820678710938,45143500
2023-05-25 00:00:00-04:00,169.8798495430277,171.3479738482291,169.17041449607095,170.4513397216797,56058300
2023-05-26 00:00:00-04:00,170.77652387763237,173.19056694623742,170.5695990272421,172.8555450439453,54835000
2023-05-30 00:00:00-04:00,174.36308277683443,176.36329091292328,173.978806707213,174.69808959960938,55964400
2023-05-31 00:00:00-04:00,174.72766202276017,176.71802248155805,174.16601962684186,174.64883422851562,99625300
2023-06-01 00:00:00-04:00,175.0922328882,177.47671735788407,174.33352850038895,177.44715881347656,68901800
2023-06-02 00:00:00-04:00,178.37336820267623,179.11236188910445,176.62933889294345,178.29454040527344,61996900
2023-06-05 00:00:00-04:00,179.9498694414483,182.23581511366768,175.42721727327233,176.9446258544922,121946500
2023-06-06 00:00:00-04:00,177.3288889732544,177.4766816655694,174.82615579439974,176.58004760742188,64848400
2023-06-07 00:00:00-04:00,175.82136104700194,178.5507149734009,174.71780207381394,175.21046447753906,61944600
2023-06-08 00:00:00-04:00,175.28924448775277,178.18610128610723,174.85571428274253,177.92007446289062,50214900
2023-06-09 00:00:00-04:00,178.83645110058313,179.55573399442156,177.9792233362159,178.30438232421875,48900000
2023-06-12 00:00:00-04:00,178.60981180571443,181.1913576973854,178.31421139002148,181.0928192138672,54274900
2023-06-13 00:00:00-04:00,180.1173932820357,181.44757286544584,179.7626757194867,180.61990356445312,54929100
2023-06-14 00:00:00-04:00,180.67901332162722,181.684048880549,179.34883379218707,181.25050354003906,57462900
2023-06-15 00:00:00-04:00,181.26036948430115,183.78279874291368,181.08300318978328,183.2802734375,65433200
2023-06-16 00:00:00-04:00,183.98970387223915,184.245897953939,181.56581317602513,182.20626831054688,101256200
2023-06-20 00:00:00-04:00,181.70373606119196,183.3689372512462,181.70373606119196,182.294921875,49799100
2023-06-21 00:00:00-04:00,182.18656875714527,182.68909408055805,179.91047063421516,181.2603759765625,49515700
2023-06-22 00:00:00-04:00,181.04359886716716,184.30502181445038,180.9746189088309,184.25575256347656,51245300
2023-06-23 00:00:00-04:00,182.8270228675936,184.8075203379306,182.29493904669715,183.9404296875,53117000
2023-06-26 00:00:00-04:00,184.08825189117624,185.29034946556595,182.51172604562308,182.5511474609375,48088700
2023-06-27 00:00:00-04:00,183.1620179856705,185.6253298715582,182.94524533692336,185.3001708984375,50730800
2023-06-28 00:00:00-04:00,185.17208134019785,187.11317238738192,184.84693738882143,186.47271728515625,51216800
2023-06-29 00:00:00-04:00,186.30522898461155,187.2807060224463,186.16728410364277,186.8077392578125,46347300
2023-06-30 00:00:00-04:00,188.81780236383452,191.62596911406445,188.45322195229386,191.1234588623047,85213200
2023-07-03 00:00:00-04:00,190.93624105216273,191.0347795474039,188.9458807202263,189.6356201171875,31458200
2023-07-05 00:00:00-04:00,188.75866963191964,190.14796610334872,187.82259909124357,188.52218627929688,46920300
2023-07-06 00:00:00-04:00,187.05407174607458,189.20208780415717,186.42346442381324,188.9951629638672,45094300
2023-07-07 00:00:00-04:00,188.6010117511895,189.8425155087971,187.44818361165477,187.8817138671875,46815000
2023-07-10 00:00:00-04:00,186.48255712554894,187.2018550195119,184.2951349736181,185.84210205078125,59922200
2023-07-11 00:00:00-04:00,186.384037813756,186.5219826806886,183.86160879849567,185.31988525390625,46638100
2023-07-12 00:00:00-04:00,186.8964167558296,188.88677723101014,185.70418206587038,186.985107421875,60750200
2023-07-13 00:00:00-04:00,187.7043680387378,188.38424453327508,186.99493300399138,187.7437744140625,41342300
2023-07-14 00:00:00-04:00,187.4383607296714,188.37441642370476,186.847174781534,187.89161682128906,41616200
2023-07-17 00:00:00-04:00,189.08381775872684,191.46831693797242,188.9951421376018,191.14315795898438,50520200
2023-07-18 00:00:00-04:00,190.5125801606121,191.47819437683242,189.5962201627232,190.88699340820312,48288200
2023-07-19 00:00:00-04:00,190.26622781119138,195.32093388898534,189.82281961650222,192.23687744140625,80507300
2023-07-20 00:00:00-04:00,192.22700448393437,193.58675746858663,189.6750169550875,190.2957763671875,59581200
2023-07-21 00:00:00-04:00,191.25155042374644,192.10877819186132,188.4236580132484,189.1232452392578,71951700
2023-07-24 00:00:00-04:00,190.57168949200457,192.04967681854123,189.42870901778204,189.92137145996094,45377800
2023-07-25 00:00:00-04:00,190.49284214012596,191.58655325087184,190.08885537064708,190.77857971191406,37283200
2023-07-26 00:00:00-04:00,190.82785426220883,192.7689453418544,190.48299959942145,191.6456756591797,47471900
2023-07-27 00:00:00-04:00,193.1433574364322,194.3060333990039,189.72427942670237,190.3844451904297,47460200
2023-07-28 00:00:00-04:00,191.8131659299023,193.7444090416655,191.29094501886246,192.95614624023438,48291400
2023-07-31 00:00:00-04:00,193.18277106210203,193.6064685292723,192.394508242959,193.56704711914062,38824100
2023-08-01 00:00:00-04:00,193.36013930235927,193.8429388199064,192.41422090280528,192.7393798828125,35175100
2023-08-02 00:00:00-04:00,192.17775117305615,192.31569604997566,189.03457754647138,189.7538604736328,50389300
2023-08-03 00:00:00-04:00,188.75870197685728,189.54694988427917,187.89161123685508,188.36456298828125,61235200
2023-08-04 00:00:00-04:00,182.79747042079737,184.6301752435833,179.25029494609427,179.31927490234375,115956800
2023-08-07 00:00:00-04:00,179.4572213905704,180.44254624962392,174.74736976708382,176.22535705566406,97576100
2023-08-08 00:00:00-04:00,177.0530363874442,177.6245266423458,174.97400021533483,177.1614227294922,67823000
2023-08-09 00:00:00-04:00,178.21570618554995,178.2748232727554,174.41235154839882,175.57504272460938,60378500
2023-08-10 00:00:00-04:00,176.84608080013524,178.0974474344709,174.99368050557445,175.35824584960938,54686900
2023-08-11 00:00:00-04:00,174.95375100085724,176.23639103718068,174.19402209160106,175.41746520996094,52036700
2023-08-14 00:00:00-04:00,175.59506357405235,177.29211207450308,174.9438673937282,177.065185546875,43675600
2023-08-15 00:00:00-04:00,176.49294118914725,177.0849254578291,174.68735981208974,175.08201599121094,43622600
2023-08-16 00:00:00-04:00,174.7662850202376,176.15745776554937,174.14468726786023,174.21376037597656,46964900
2023-08-17 00:00:00-04:00,174.7761679719839,175.14122571711877,171.1650049538571,171.67807006835938,66062900
2023-08-18 00:00:00-04:00,170.00075151281027,172.76339001893962,169.66529224450343,172.16152954101562,61172200
2023-08-21 00:00:00-04:00,172.7337706675176,173.77962299820936,171.42151715942626,173.4934844970703,46311900
2023-08-22 00:00:00-04:00,174.69721483499137,175.30893640777694,173.89802631437342,174.8649444580078,42038900
2023-08-23 00:00:00-04:00,176.1377232252428,179.12728783194132,175.9502562936072,178.70301818847656,52722800
2023-08-24 00:00:00-04:00,178.25903609639087,178.68330576322634,173.66121814414575,174.0262908935547,54945800
2023-08-25 00:00:00-04:00,175.0129348306344,176.7593040006282,173.4737548580186,176.2265167236328,51449600
2023-08-28 00:00:00-04:00,177.6867593505913,178.1800870283186,176.1673167274641,177.78543090820312,43820700
2023-08-29 00:00:00-04:00,177.3019791564373,182.43258442181371,177.10465107991652,181.66299438476562,53003900
2023-08-30 00:00:00-04:00,182.47204640358012,185.34321714142652,182.27471834075723,185.1458740234375,60813900
2023-08-31 00:00:00-04:00,185.33333184264131,186.59624944883035,184.9781353249528,185.36293029785156,60794500
2023-09-01 00:00:00-04:00,186.96131537308187,187.3855699191495,185.76745585396847,186.9317169189453,45766500
2023-09-05 00:00:00-04:00,185.7674844117445,187.44479564304942,185.1064270757959,187.1685333251953,45280000
2023-09-06 00:00:00-04:00,185.88587535630464,186.32988234003622,179.04836051297525,180.46914672851562,81755800
2023-09-07 00:00:00-04:00,172.84227669356144,175.83185624974686,171.22416252451072,175.19052124023438,112488800
2023-09-08 00:00:00-04:00,175.96999075471308,177.8347687964352,175.417451102765,175.80224609375,65551300
2023-09-11 00:00:00-04:00,177.66705421097663,177.8939807491613,174.9734739911946,176.96652221679688,58953100
2023-09-12 00:00:00-04:00,177.0948059767589,177.726264911888,172.48712647188145,173.94737243652344,90370200
2023-09-13 00:00:00-04:00,174.15454941477398,174.93401565723292,171.65831231126361,171.88525390625,84267900
2023-09-14 00:00:00-04:00,171.6780051777774,173.74998712440222,171.26361179948515,173.39479064941406,60895800
2023-09-15 00:00:00-04:00,174.12492983939754,174.14466716160445,171.50043808217407,172.67454528808594,109259500
2023-09-18 00:00:00-04:00,174.12492516303394,176.9862345995646,173.81906442528665,175.5950469970703,67257600
2023-09-19 00:00:00-04:00,175.15104027243933,177.2328834055171,174.76624533576447,176.68035888671875,51826900
2023-09-20 00:00:00-04:00,176.8678428874874,177.3019736755132,173.0593524132158,173.14816284179688,58436200
2023-09-21 00:00:00-04:00,172.22071489897561,173.9473619674597,171.53992021743218,171.60897827148438,63149100
2023-09-22 00:00:00-04:00,172.33911043282527,174.71695374662696,171.7273888544839,172.45750427246094,56725400
2023-09-25 00:00:00-04:00,171.8753837600089,174.60842368932387,171.82604797435675,173.7303009033203,46172700
2023-09-26 00:00:00-04:00,172.4871029695211,172.8620217812148,169.3692683155077,169.66526794433594,64588900
2023-09-27 00:00:00-04:00,170.31646332448594,170.7308568174817,166.79411110643792,168.1556854248047,66921800
2023-09-28 00:00:00-04:00,167.0801950701548,169.73430008001054,165.38314684947002,168.4121856689453,56294400
2023-09-29 00:00:00-04:00,169.7244661753788,170.76045735672912,168.06687727418498,168.92527770996094,51861100
2023-10-02 00:00:00-04:00,168.9351141150612,171.97401410977108,168.64897565996583,171.4313507080078,52164500
2023-10-03 00:00:00-04:00,169.96121885018417,171.31294670786232,168.54044801255043,170.09934997558594,49594600
2023-10-04 00:00:00-04:00,168.80687858022958,171.88525384459265,168.68848474300435,171.34259033203125,53020300
2023-10-05 00:00:00-04:00,171.47084810780015,173.10869980697885,170.3756599300563,172.57591247558594,48527900
2023-10-06 00:00:00-04:00,171.48068444244805,175.6147723242181,170.86894795356997,175.12144470214844,57266700
2023-10-09 00:00:00-04:00,174.45053908507856,176.66065260372454,173.45402254968238,176.60145568847656,42390800
2023-10-10 00:00:00-04:00,175.7233217666065,177.3216985969386,175.5753144327677,176.0094451904297,43698000
2023-10-11 00:00:00-04:00,175.82199530812358,177.44998580714199,175.23001108089,177.40065002441406,47551100
2023-10-12 00:00:00-04:00,177.6670488234186,179.90674578858014,176.6507798893927,178.2985076904297,56743100
2023-10-13 00:00:00-04:00,178.99902980590412,179.5022186651883,175.76280113660414,176.4633331298828,51427100
2023-10-16 00:00:00-04:00,174.39132507709223,176.6902337432856,174.15452238414363,176.3350372314453,52517000
2023-10-17 00:00:00-04:00,174.2926830064713,176.03906740635364,172.46737941742194,174.7860107421875,57549400
2023-10-18 00:00:00-04:00,173.23695950912395,175.21027033840411,172.77323025982977,173.4934844970703,54764400
2023-10-19 00:00:00-04:00,173.69079235758196,175.46677490830675,172.85214438582656,173.11854553222656,59302900
2023-10-20 00:00:00-04:00,172.97054807703984,173.07908076842247,170.33618008275127,170.57298278808594,64244000
2023-10-23 00:00:00-04:00,168.62928473640696,171.68790756499885,167.6623515662161,170.69139099121094,55980100
2023-10-24 00:00:00-04:00,170.74072378645857,171.35244533043914,169.16206908920728,171.12551879882812,43816600
2023-10-25 00:00:00-04:00,169.58633193718455,170.75057806188605,168.3727349771656,168.81674194335938,57157000
2023-10-26 00:00:00-04:00,168.0964590692853,169.09299056011605,163.45918215856796,164.66290283203125,70625300
2023-10-27 00:00:00-04:00,164.68267291441106,166.70531969794123,164.60373866788856,165.97518920898438,58499100
2023-10-30 00:00:00-04:00,166.76450604315932,168.88580920893756,166.61649869462795,168.01754760742188,51131000
2023-10-31 00:00:00-04:00,167.09011614768582,168.61942013954004,165.65945361827133,168.4911651611328,44846000
2023-11-01 00:00:00-04:00,168.71806981976965,171.90496247869652,167.849808268541,171.6484375,56934900
2023-11-02 00:00:00-04:00,173.17771707971193,175.40755231090867,173.11852017921794,175.2003631591797,77334800
2023-11-03 00:00:00-04:00,171.91483559510309,174.46040823420765,171.03671292563865,174.29266357421875,79829200
2023-11-06 00:00:00-05:00,174.02629776104038,177.035584920202,173.85856813665714,176.8382568359375,63841300
2023-11-07 00:00:00-05:00,176.78889227095914,180.00539823599848,176.58170308551922,179.3936767578125,70530000
2023-11-08 00:00:00-05:00,179.91661457451394,181.00192645947115,179.16674685036813,180.44940185546875,49340300
2023-11-09 00:00:00-05:00,180.51847829944086,181.6629871195562,179.3838155582821,179.97581481933594,53763500
2023-11-10 00:00:00-05:00,181.75415237279827,184.32284238950194,181.31944959381738,184.15487670898438,66133400
2023-11-13 00:00:00-05:00,183.58186108306094,183.7893232540613,181.9912524470517,182.5741424560547,43627500
2023-11-14 00:00:00-05:00,185.4391901985185,185.84425545326624,184.0560589323069,185.1823272705078,60108400
2023-11-15 00:00:00-05:00,185.5874067506803,187.21752694473682,185.51824264456812,185.74546813964844,53790500
2023-11-16 00:00:00-05:00,187.28665942031617,188.6599164347462,186.37772744350028,187.4249725341797,54412900
2023-11-17 00:00:00-05:00,187.9584954748911,188.08693448765234,186.29873780998344,187.40524291992188,50922700
2023-11-20 00:00:00-05:00,187.60280481288592,189.59847845797387,187.5929306882813,189.14401245117188,46505100
2023-11-21 00:00:00-05:00,189.10452557023848,189.21320125507725,187.45464204586924,188.3437957763672,38134500
2023-11-22 00:00:00-05:00,189.18354656200316,190.60618938615343,188.53149251239262,189.00570678710938,39617700
2023-11-24 00:00:00-05:00,188.5710385777235,188.6006760331266,186.9705556859451,187.681884765625,24048300
2023-11-27 00:00:00-05:00,187.6324520630897,188.37341847212542,186.62473352580105,187.50401306152344,40552600
2023-11-28 00:00:00-05:00,187.4941619704054,188.77850691885152,187.11873411970524,188.106689453125,38415400
2023-11-29 00:00:00-05:00,188.6006511365786,189.77632029571453,186.69390474066958,187.08908081054688,43014200
2023-11-30 00:00:00-05:00,187.55341843722022,188.02764780463457,185.92329832735996,187.66209411621094,48794400
2023-12-01 00:00:00-05:00,188.03754149609296,189.25272234216075,186.95078459310412,188.93658447265625,45704800
2023-12-04 00:00:00-05:00,187.69172432124148,187.7608884211111,185.19219887595256,187.14834594726562,43389500
2023-12-05 00:00:00-05:00,187.91898862751913,192.05850876803487,187.88933609882633,191.09031677246094,66628400
2023-12-06 00:00:00-05:00,192.10792052269625,192.41418427833113,189.79610855274007,190.0035858154297,41089700
2023-12-07 00:00:00-05:00,191.29779342674496,192.65128739108172,191.25826677194576,191.93008422851562,47477700
2023-12-08 00:00:00-05:00,191.86088500111674,193.62933314213194,191.33726998338577,193.3527069091797,53406400
2023-12-11 00:00:00-05:00,190.78403090604945,191.15945870925907,189.11438419177532,190.85317993164062,60943700
2023-12-12 00:00:00-05:00,190.75438957156285,192.3746354774224,189.41076991243543,192.36476135253906,52696900
2023-12-13 00:00:00-05:00,192.74018081786602,195.61513413450965,192.50308121236986,195.57562255859375,70404200
2023-12-14 00:00:00-05:00,195.6349188149913,197.21563829918102,193.79732129680679,195.7238311767578,66831600
2023-12-15 00:00:00-05:00,195.1507809689053,196.01029713155143,194.6271659416612,195.1903076171875,128538400
2023-12-18 00:00:00-05:00,193.7281513997374,194.26165570440122,192.04863040265064,193.5305633544922,55751900
2023-12-19 00:00:00-05:00,193.79731295132126,194.5777909959987,193.53056080250687,194.5679168701172,40714100
2023-12-20 00:00:00-05:00,194.52836624027822,195.29897006409448,192.48330688476562,192.48330688476562,52242800
2023-12-21 00:00:00-05:00,193.73803856316968,194.70623052718972,191.16934877699248,192.3351287841797,46482500
2023-12-22 00:00:00-05:00,192.8291141147171,193.05635469466722,190.64574127695036,191.26815795898438,37149600
2023-12-26 00:00:00-05:00,191.2780297879531,191.55465607108982,190.50742584564344,190.7247772216797,28919300
2023-12-27 00:00:00-05:00,190.17150836602553,191.16933772508392,188.78836199381533,190.82354736328125,48087700
2023-12-28 00:00:00-05:00,191.80163510638113,192.31537606668746,190.84331729052167,191.24838256835938,34049900
2023-12-29 00:00:00-05:00,191.56450759639273,192.05848519728596,189.42064661751613,190.2110137939453,42672100
2024-01-02 00:00:00-05:00,184.89581391743906,186.17028459685415,181.6750853181039,183.4040069580078,82488700
2024-01-03 00:00:00-05:00,182.0011090098209,183.64111826756874,181.22061595613366,182.03074645996094,58414500
2024-01-04 00:00:00-05:00,179.95603270422265,180.88471299934187,178.70134046081682,179.71893310546875,71983600
2024-01-05 00:00:00-05:00,179.79798286255345,180.55869755734878,177.99989705667167,178.9977264404297,62379700
2024-01-08 00:00:00-05:00,179.89674567111302,183.3644778190013,179.3138557634904,183.324951171875,59144500
2024-01-09 00:00:00-05:00,181.7047124117811,182.91989304556353,180.52904335165846,182.91001892089844,42841800
2024-01-10 00:00:00-05:00,182.12956878813148,184.15486512874935,181.7047401626592,183.94740295410156,46792900
2024-01-11 00:00:00-05:00,184.29316874581366,184.7970355796361,181.4083411771675,183.3546142578125,49128400
2024-01-12 00:00:00-05:00,183.8189772139212,184.49079471725477,182.95946084973255,183.6806640625,40477800
2024-01-16 00:00:00-05:00,179.9659024464889,182.04059908627158,178.75070683426088,181.41819763183594,65603000
2024-01-17 00:00:00-05:00,179.08666971271487,180.72666412936158,178.1283518215105,180.47967529296875,47317400
2024-01-18 00:00:00-05:00,183.8485869578717,186.86185345428623,183.59172402252184,186.35800170898438,78005800
2024-01-19 00:00:00-05:00,187.04961011470135,189.6380486106226,186.54575825423697,189.25274658203125,68903000
2024-01-22 00:00:00-05:00,189.98378136946042,192.97728431537942,189.94425472083472,191.55462646484375,60133900
2024-01-23 00:00:00-05:00,192.67105542323813,193.392258603415,191.49538615178406,192.82911682128906,42355600
2024-01-24 00:00:00-05:00,193.06620457832125,194.0146482092326,191.999211146671,192.15728759765625,53631300
2024-01-25 00:00:00-05:00,192.86862433386716,193.90598035718745,190.78403816176663,191.83126831054688,54822100
2024-01-26 00:00:00-05:00,191.93006387634745,192.41415228379137,189.6281264159501,190.1023406982422,44594000
2024-01-29 00:00:00-05:00,189.6972652775173,189.8849791703456,187.2965414692382,189.42063903808594,47145600
2024-01-30 00:00:00-05:00,188.64019550498801,189.48983770252025,185.21198926058483,185.77511596679688,55859400
2024-01-31 00:00:00-05:00,184.78712556686926,184.84641553917146,182.129538862794,182.17892456054688,55467800
2024-02-01 00:00:00-05:00,181.77390231724044,184.69824158324056,181.6059517240919,184.6093292236328,64885400
2024-02-02 00:00:00-05:00,177.6936383802958,185.07366557426653,177.0909850527091,183.6114959716797,102551700
2024-02-05 00:00:00-05:00,185.8837890630235,186.97054595458332,183.6016146657499,185.41944885253906,69668800
2024-02-06 00:00:00-05:00,184.6093298683978,187.02981736340615,184.5204175084795,187.0199432373047,43490800
2024-02-07 00:00:00-05:00,188.34381248461148,188.74887780721724,186.33826427512778,187.12863159179688,53439000
2024-02-08 00:00:00-05:00,187.1088775381696,187.25706482207696,185.09345510201229,186.05177307128906,40962000
2024-02-09 00:00:00-05:00,186.61557552858977,187.94113632063826,185.97259122428568,186.8134307861328,45155200
2024-02-12 00:00:00-05:00,186.38806813077576,186.63537211912902,184.7756412965565,185.1317596435547,41781900
2024-02-13 00:00:00-05:00,183.76664838776776,184.2019058140478,181.53101071537256,183.0445098876953,56529500
2024-02-14 00:00:00-05:00,183.32148884677065,183.52921572281525,180.4725423642709,182.16409301757812,54630500
2024-02-15 00:00:00-05:00,181.57057328309747,182.50043860227981,179.3943014199978,181.87722778320312,65434500
2024-02-16 00:00:00-05:00,181.44194791394833,182.85653426097167,179.71082038140443,180.3439178466797,49752500
2024-02-20 00:00:00-05:00,179.82955095197704,180.46264852115328,178.0588611409836,179.60203552246094,53665600
2024-02-21 00:00:00-05:00,179.97797489770463,180.91772714904744,178.71177953067104,180.3538818359375,41371400
2024-02-22 00:00:00-05:00,181.50129721585435,182.96534735847135,180.4923080429841,182.38169860839844,52292200
2024-02-23 00:00:00-05:00,183.01481932952075,183.04449459753943,180.26480046872615,180.5516815185547,45119700
2024-02-26 00:00:00-05:00,180.2746995194681,180.78908088671756,178.70183486744935,179.2063446044922,40867400
2024-02-27 00:00:00-05:00,179.14699293032547,181.9365737231629,177.62359209867634,180.66049194335938,54318900
2024-02-28 00:00:00-05:00,180.54180381169616,181.145226165725,178.18748003378263,179.46356201171875,48953900
2024-02-29 00:00:00-05:00,179.31517776545977,180.6011615069905,177.59393659501978,178.80078125,136682600
2024-03-01 00:00:00-05:00,177.61370457626955,178.5831318593588,175.46710804516843,177.72251892089844,73563100
2024-03-04 00:00:00-05:00,174.25036500096815,174.9922768844708,171.91581500377694,173.21170043945312,81510100
2024-03-05 00:00:00-05:00,168.91851326517738,170.18470849670402,167.79080766540406,168.28541564941406,95132400
2024-03-06 00:00:00-05:00,169.2152850514215,169.39335177885377,166.8609461620447,167.29620361328125,68587700
2024-03-07 00:00:00-05:00,167.32585131213037,168.88881413208614,166.67298033709926,167.17747497558594,71765100
2024-03-08 00:00:00-05:00,167.1774852017091,171.82679686006907,167.11813466346086,168.88882446289062,76267000
2024-03-11 00:00:00-04:00,171.07499261235472,172.49946586057737,170.1945911039721,170.8870391845703,60139500
2024-03-12 00:00:00-04:00,171.28272310113206,172.15323790323208,169.16580172767317,171.3618621826172,59825400
2024-03-13 00:00:00-04:00,170.90682879160028,171.32229764254458,168.91849524765144,169.28451538085938,52488700
2024-03-14 00:00:00-04:00,171.04531257693264,172.43020869953008,170.1945863604126,171.13433837890625,72913500
2024-03-15 00:00:00-04:00,169.3240932528417,170.75845336914062,168.45357838204507,170.75845336914062,121752700
2024-03-18 00:00:00-04:00,173.67665901704393,175.79358063684148,171.6487632139381,171.8466033935547,75604200
2024-03-19 00:00:00-04:00,172.45989598897214,174.70542030322298,171.16402557801365,174.18113708496094,55215200
2024-03-20 00:00:00-04:00,173.82501083363408,176.74319458007812,173.20180001631465,176.74319458007812,53423100
2024-03-21 00:00:00-04:00,175.14068113790177,175.57593855649498,168.99764365136926,169.5219268798828,106181300
2024-03-22 00:00:00-04:00,169.90773784358905,171.18383495977668,168.22607363158104,170.42213439941406,71160100
2024-03-25 00:00:00-04:00,168.73057383883838,170.085794876263,167.6226416976105,169.00755310058594,54288300
2024-03-26 00:00:00-04:00,168.16670300567833,169.57138777241732,167.7512341389727,167.8798370361328,57388400
2024-03-27 00:00:00-04:00,168.5722893771007,171.72789059246503,168.27552158079686,171.44100952148438,60273300
2024-03-28 00:00:00-04:00,169.89781453968297,170.37263389978352,168.67118150733492,169.63072204589844,65672700
2024-04-01 00:00:00-04:00,169.3438746978549,169.40322523760474,167.65230884379906,168.19638061523438,46240500
2024-04-02 00:00:00-04:00,167.2566433485096,167.51383407497934,166.4158037095213,167.01922607421875,49329500
2024-04-03 00:00:00-04:00,166.96973884210524,168.83935621904524,166.76201196368757,167.82046508789062,47691700
2024-04-04 00:00:00-04:00,168.4535689105981,170.06599565718972,166.9994354248047,166.9994354248047,53704400
2024-04-05 00:00:00-04:00,167.7611226870966,168.5524984345705,167.12802510796487,167.75123596191406,42104800
2024-04-08 00:00:00-04:00,167.20715459942008,167.37531948329715,166.425680716199,166.63340759277344,37425500
2024-04-09 00:00:00-04:00,166.8806999592474,168.24582257310013,166.5344834909376,167.84024047851562,42373800
2024-04-10 00:00:00-04:00,166.97964653177021,167.2665125006067,165.30786924976792,165.97064208984375,49709300
2024-04-11 00:00:00-04:00,166.5246002673459,173.5678277091418,166.34654865134516,173.15234375,91070300
2024-04-12 00:00:00-04:00,172.3807444342083,176.43653535919364,172.33129571828837,174.64605712890625,101670900
2024-04-15 00:00:00-04:00,173.46887143042125,174.72517963690404,170.63971383210225,170.82766723632812,73531800
2024-04-16 00:00:00-04:00,169.89784277952464,171.88616144450353,166.45537543168857,167.55340576171875,73711200
2024-04-17 00:00:00-04:00,167.7809472781165,168.80972540489165,166.1883087158203,166.1883087158203,50901200
2024-04-18 00:00:00-04:00,166.21793076697907,166.8213530127437,164.75389559967167,165.2386016845703,43122900
2024-04-19 00:00:00-04:00,164.41758473594675,164.60552308162337,162.31054999578998,163.2206268310547,68149400
2024-04-22 00:00:00-04:00,163.73501821268977,165.45624419964858,162.99310629576294,164.0515594482422,48116400
2024-04-23 00:00:00-04:00,163.56685559955991,165.24851961582092,163.14148491226467,165.10012817382812,49537800
2024-04-24 00:00:00-04:00,164.7439994721628,167.4742448528629,164.41757152765254,167.197265625,48251800
2024-04-25 00:00:00-04:00,167.7017887376114,168.7701438382538,166.33666581552853,168.0579071044922,50558300
2024-04-26 00:00:00-04:00,168.04800546826704,169.49225225997063,167.35554224826544,167.47425842285156,44838400
2024-04-29 00:00:00-04:00,171.50033388681905,174.13165146794697,171.23325649572146,171.62893676757812,68169400
2024-04-30 00:00:00-04:00,171.46078102452523,173.10288291918897,168.16669051085722,168.49313354492188,65934800
2024-05-01 00:00:00-04:00,167.75123767315736,170.84748833564953,167.28630498280754,167.47425842285156,50383100
2024-05-02 00:00:00-04:00,170.64963546996492,171.54982559320527,169.04711048582428,171.16403198242188,94214900
2024-05-03 00:00:00-04:00,184.637145231003,184.98337684032407,180.69018337477516,181.4024200439453,163224100
2024-05-06 00:00:00-04:00,180.38352481626606,182.21356516877455,178.47433028646978,179.75042724609375,78569700
2024-05-07 00:00:00-04:00,181.4716631656838,182.90602327557747,179.36464345444207,180.4329833984375,77305800
2024-05-08 00:00:00-04:00,180.87817778281845,181.0958065418148,179.49326612609278,180.7693634033203,45057100
2024-05-09 00:00:00-04:00,180.59124108896245,182.6686003878229,180.14609698041687,182.57957458496094,48983000
2024-05-10 00:00:00-04:00,183.15410154420678,183.34230991411323,180.4102677646858,181.3215789794922,50759500
2024-05-13 00:00:00-04:00,183.68900761377958,185.3333368917867,182.87674310968822,184.5210723876953,72044800
2024-05-14 00:00:00-04:00,185.73944844741243,186.52199740854093,184.53096697721375,185.6602020263672,52393600
2024-05-15 00:00:00-04:00,186.13568203158255,188.849800179078,185.6007724639543,187.9285888671875,70400000
2024-05-16 00:00:00-04:00,188.67151097089564,189.29556710780693,187.86916171755817,188.04745483398438,52845200
2024-05-17 00:00:00-04:00,187.72057759120682,189.00830557822601,187.39369174809892,188.07717895507812,41282900
2024-05-20 00:00:00-04:00,187.54225437261144,190.10779468490833,187.2252687157197,189.23609924316406,44361300
2024-05-21 00:00:00-04:00,189.28564024416437,190.91015403566988,189.11724727296848,190.53375244140625,42309400
2024-05-22 00:00:00-04:00,190.45450146899057,190.999311136132,188.47338639917342,189.09742736816406,34648500
2024-05-23 00:00:00-04:00,189.1766947549615,189.19651013997458,184.86777806929078,185.11541748046875,51005900
2024-05-24 00:00:00-04:00,187.03707622618555,188.78045200186543,186.26442746313117,188.1861114501953,36327000
2024-05-28 00:00:00-04:00,189.70169698060212,191.17763337385156,187.31446444482384,188.19606018066406,52280100
2024-05-29 00:00:00-04:00,187.81963788738682,190.43470949642946,187.72057607583483,188.4932098388672,53068000
2024-05-30 00:00:00-04:00,188.9587703074631,190.36536034504638,188.83000809203267,189.4837646484375,49889100
2024-05-31 00:00:00-04:00,189.63235836586054,190.7516933437122,188.11680637508078,190.43470764160156,75158300
2024-06-03 00:00:00-04:00,191.07858664282506,193.1488638569082,190.7021849704834,192.1979217529297,50080500
2024-06-04 00:00:00-04:00,192.80214765697744,193.47573474401025,191.20734917579057,192.514892578125,47471400
2024-06-05 00:00:00-04:00,193.5549597642067,195.04079624688396,193.02996541617088,194.02052307128906,54156800
2024-06-06 00:00:00-04:00,193.8422122853953,194.64456149457678,192.3365605546928,192.6436309814453,41181800
2024-06-07 00:00:00-04:00,192.81205951087668,195.08044521695948,192.30688050093246,195.03091430664062,53103900
2024-06-10 00:00:00-04:00,195.04078477848907,195.4370168860641,190.3356361933404,191.29647827148438,97010200
2024-06-11 00:00:00-04:00,191.82147267998263,205.20391549352811,191.8016724106265,205.19400024414062,172373300
2024-06-12 00:00:00-04:00,205.41194501546696,218.12080209568063,204.94638168818946,211.05813598632812,198134300
2024-06-13 00:00:00-04:00,212.71235034689784,214.70336573665497,209.60200000148347,212.21707153320312,97862700
2024-06-14 00:00:00-04:00,211.8307711431916,213.13829945342002,209.30484597389386,210.48361206054688,70122700
2024-06-17 00:00:00-04:00,211.35528688913016,216.88260054537645,210.71143044440285,214.62413024902344,93728300
2024-06-18 00:00:00-04:00,215.5354294813442,216.5656178731208,210.98877362098574,212.26658630371094,79943300
2024-06-20 00:00:00-04:00,211.90998899500866,212.2170745602359,206.87796947703916,207.7001190185547,86172500
2024-06-21 00:00:00-04:00,208.40341856791886,209.88925500861833,205.1543907600995,205.5308074951172,241805100
2024-06-24 00:00:00-04:00,205.75863496180304,210.69160779538842,204.63929998769706,206.17466735839844,80727000
2024-06-25 00:00:00-04:00,207.1751175381149,209.38407188516823,206.64022308060072,207.09588623046875,55549700
2024-06-26 00:00:00-04:00,209.5029286499739,212.8312027309874,208.65104852463386,211.2364044189453,66213200
2024-06-27 00:00:00-04:00,212.66282504623206,213.70291360533915,210.34492376459474,212.07839965820312,49772700
2024-06-28 00:00:00-04:00,213.73263728250333,214.02980761283354,208.3142855019514,208.63125610351562,82542700
2024-07-01 00:00:00-04:00,210.08739675774382,215.45621813266328,209.91900374824795,214.70339965820312,60402900
2024-07-02 00:00:00-04:00,214.10903193760322,218.29910171758146,213.068958487467,218.1901397705078,58046200
2024-07-03 00:00:00-04:00,217.92268618597842,219.4580535888672,216.9618440422543,219.4580535888672,37369800
2024-07-05 00:00:00-04:00,219.55708698216947,224.3117665065084,219.55708698216947,224.2028045654297,60412400
2024-07-08 00:00:00-04:00,224.94572057418634,225.69855401964364,221.14198303770854,225.66883850097656,59085900
2024-07-09 00:00:00-04:00,225.77778797195694,227.23390886254342,224.23252052432466,226.5207061767578,48076100
2024-07-10 00:00:00-04:00,227.13486087511765,230.8791673967792,227.0853299721382,230.7801055908203,62627700
2024-07-11 00:00:00-04:00,229.2051258414663,230.19568345608255,223.63819688403007,225.42120361328125,64710600
2024-07-12 00:00:00-04:00,226.75846058686048,230.44333633793113,226.52072130415218,228.3631591796875,53046500
2024-07-15 00:00:00-04:00,234.2470836578572,234.99000194235262,230.88909361652622,232.1867218017578,62631300
2024-07-16 00:00:00-04:00,232.78106107648213,234.03907359612094,230.13627381333595,232.60276794433594,43234300
2024-07-17 00:00:00-04:00,227.2834515580279,229.2744821236097,224.49998695797876,226.71884155273438,57345900
2024-07-18 00:00:00-04:00,228.10562515807683,228.26411801705945,220.17126344980832,222.06321716308594,66034600
2024-07-19 00:00:00-04:00,222.6971801635164,224.65848009632384,221.1717129043359,222.19198608398438,49151500
2024-07-22 00:00:00-04:00,224.86647978572938,225.62921338494564,220.98349573063444,221.8452911376953,48201800
2024-07-23 00:00:00-04:00,222.25140445670337,224.7971447504236,220.57735968997056,222.88536071777344,39960300
2024-07-24 00:00:00-04:00,221.88493822578135,222.67738745667293,215.07981125172523,216.4764862060547,61777600
2024-07-25 00:00:00-04:00,216.86276105080302,218.7646448818125,212.59346035218633,215.43637084960938,51391200
2024-07-26 00:00:00-04:00,216.6349499920164,217.41749898154802,213.9703475571551,215.90194702148438,41601300
2024-07-29 00:00:00-04:00,214.91137828370984,217.22927938341869,213.7127969665886,216.17929077148438,36311800
2024-07-30 00:00:00-04:00,217.1203256536185,218.24956072806748,214.07930652606245,216.7340087890625,41643800
2024-07-31 00:00:00-04:00,219.34910640080292,221.70663863761098,218.54675705693774,219.98306274414062,50036300
2024-08-01 00:00:00-04:00,222.25141811315143,222.36038006072013,214.97082835556836,216.2981719970703,62501000
2024-08-02 00:00:00-04:00,217.0807092384795,223.46981835778237,215.6543188775265,217.7840118408203,105568600
2024-08-05 00:00:00-04:00,197.21010696314244,211.484045462397,194.14928763761037,207.2939910888672,119548600
2024-08-06 00:00:00-04:00,203.36148541473497,208.00720313955475,199.17143085232243,205.27325439453125,69660500
2024-08-07 00:00:00-04:00,204.94639470682978,211.62275945732517,204.4412156900116,207.83883666992188,63516400
2024-08-08 00:00:00-04:00,211.0977593959716,212.1774636990054,206.85817350164743,211.29586791992188,47161100
2024-08-09 00:00:00-04:00,210.09725832078288,214.7330603096952,209.96848100507697,214.1981658935547,42201600
2024-08-12 00:00:00-04:00,214.27753840147545,217.68898821235913,213.81143620679725,215.7254180908203,38028100
2024-08-13 00:00:00-04:00,217.19311098226797,220.04922365215182,217.19311098226797,219.4343719482422,44155300
2024-08-14 00:00:00-04:00,218.7402072098891,221.17979111862692,217.8774142480331,219.8806610107422,41960600
2024-08-15 00:00:00-04:00,222.7367590108339,223.48053712623224,220.9120118672479,222.8557586669922,46414000
2024-08-16 00:00:00-04:00,222.06239369045758,224.94825642777528,221.79462933024135,224.1747283935547,44340200
2024-08-19 00:00:00-04:00,223.84746435464618,224.11522871504155,221.18968933533225,224.01605224609375,40687800
2024-08-20 00:00:00-04:00,223.8970537532744,225.28543353253482,223.57970115675508,224.6309051513672,30299000
2024-08-21 00:00:00-04:00,224.64085012661386,226.08872985229075,223.1830436738614,224.52183532714844,34765500
2024-08-22 00:00:00-04:00,225.90029338876204,226.4457337259973,222.04256465043304,222.66734313964844,43695300
2024-08-23 00:00:00-04:00,223.78798715352852,226.32674764036014,222.4690186706249,224.95819091796875,38677300
2024-08-26 00:00:00-04:00,224.87885041051024,225.39454085782168,222.0326640536948,225.2953643798828,30602200
2024-08-27 00:00:00-04:00,224.12514736512034,226.95151036486342,223.02435510684418,226.1383056640625,35934600
2024-08-28 00:00:00-04:00,226.02922904592305,227.95313769677003,223.80780609600177,224.61109924316406,38052200
2024-08-29 00:00:00-04:00,228.19113851748892,230.98773644426686,226.98125820388418,227.88369750976562,51906300
2024-08-30 00:00:00-04:00,228.28039594132485,228.4886453526855,225.59287085733376,227.1002655029297,52990800
2024-09-03 00:00:00-04:00,226.6540317316226,227.10029566172162,219.335248802052,220.92198181152344,50190600
2024-09-04 00:00:00-04:00,219.821176613538,219.9401762860646,215.6758448114514,219.0178985595703,43840200
2024-09-05 00:00:00-04:00,219.79142381839864,223.60947620664672,219.68233574260833,220.5352020263672,36615400
2024-09-06 00:00:00-04:00,222.0921834677133,223.37149053776395,217.94686659835045,218.9881591796875,48423000
2024-09-09 00:00:00-04:00,218.98812757352732,219.4343914347755,214.91222272734436,219.07737731933594,67180000
2024-09-10 00:00:00-04:00,217.10388142289187,219.6426417511051,214.9320468059923,218.2840118408203,51591000
2024-09-11 00:00:00-04:00,219.6228241682371,221.2392917639212,216.08243282408242,220.8128662109375,44587100
2024-09-12 00:00:00-04:00,220.65421740058105,221.6955099922837,217.99645701175496,220.92198181152344,37455600
2024-09-13 00:00:00-04:00,221.72523244234597,222.18140791181287,220.06908820245332,220.65419006347656,36766600
2024-09-16 00:00:00-04:00,214.7436126542421,215.41797935337752,212.14535259122513,214.52545166015625,59357400
2024-09-17 00:00:00-04:00,213.96018092212807,215.1006346980314,212.72055067344832,214.99154663085938,45519300
2024-09-18 00:00:00-04:00,215.74527154351298,220.86246931704028,215.73534481599032,218.85922241210938,59894900
2024-09-19 00:00:00-04:00,223.12352684243388,227.91345980340301,222.7665127356472,226.97132873535156,66781300
2024-09-20 00:00:00-04:00,228.0622053540531,231.1563174701668,225.73169454082358,226.306884765625,318679900
2024-09-23 00:00:00-04:00,225.45404067299683,227.54653724680347,223.93673438033483,224.5912628173828,54146000
2024-09-24 00:00:00-04:00,226.75317542181838,227.44738051700955,223.85740076750545,225.48379516601562,43556100
2024-09-25 00:00:00-04:00,223.06400902085235,225.40443143928672,222.16156973744518,224.4920654296875,42308700
2024-09-26 00:00:00-04:00,225.4143769570366,226.60441901953834,223.54005654723983,225.63255310058594,36636700
2024-09-27 00:00:00-04:00,226.56475422029098,227.6159582791164,225.41437368594384,225.90029907226562,34026000
2024-09-30 00:00:00-04:00,228.1316114938428,231.0670623779297,227.7448474882838,231.0670623779297,54541900
2024-10-01 00:00:00-04:00,227.615942887257,227.74485413807125,221.88389405688537,224.33340454101562,63285000
2024-10-02 00:00:00-04:00,224.01605029183685,225.48376819979168,221.16986421787885,224.89866638183594,32880600
2024-10-03 00:00:00-04:00,223.27228007150777,224.928424248049,221.46738631978812,223.79788208007812,34044200
2024-10-04 00:00:00-04:00,226.00936828631617,226.1085447535635,222.27065455992025,224.9185028076172,37245100
2024-10-07 00:00:00-04:00,222.63760820325265,223.81773870352313,219.4939074890314,219.85092163085938,39505400
2024-10-08 00:00:00-04:00,222.43925780658088,224.10531361949606,221.3979653574062,223.89706420898438,31855700
2024-10-09 00:00:00-04:00,223.36153007501719,227.84403724277382,222.96485445261254,227.63577270507812,33591100
2024-10-10 00:00:00-04:00,225.89039642732237,227.59612897487835,225.28545621996582,227.1399383544922,28183500
2024-10-11 00:00:00-04:00,227.39779019694814,227.5068782710055,225.45404318616428,225.6623077392578,31759200
2024-10-14 00:00:00-04:00,226.80274288926017,229.8076053434174,226.70358155060512,229.3811798095703,39882100
2024-10-15 00:00:00-04:00,231.67201972311165,235.51983687729248,230.44230106244424,231.9100341796875,64751400
2024-10-16 00:00:00-04:00,229.67870875165642,230.19438406287304,227.9332995992129,229.85720825195312,34082200
2024-10-17 00:00:00-04:00,231.49350124327563,231.91003031839952,228.60765355789445,230.22412109375,32993800
2024-10-18 00:00:00-04:00,234.2206950473064,234.2206950473064,232.0686987091599,233.0504913330078,46431500
2024-10-21 00:00:00-04:00,232.5050454306036,234.88514457730523,232.5050454306036,234.51820373535156,36254500
2024-10-22 00:00:00-04:00,231.9496772340994,234.26034966164363,230.67038557078126,233.90333557128906,38846600
2024-10-23 00:00:00-04:00,232.1381071008503,233.18931106897517,225.87052966736016,228.84564208984375,52287000
2024-10-24 00:00:00-04:00,228.07212485007065,228.90516786821388,226.51515714412935,228.65724182128906,31109500
2024-10-25 00:00:00-04:00,227.83410560105818,231.2852316353655,227.66551771976023,229.49024963378906,38802300
2024-10-28 00:00:00-04:00,231.38443735420992,232.78272881287972,230.62082086290692,231.46376037597656,36087100
2024-10-29 00:00:00-04:00,231.16627329542206,232.38606532055925,230.39274516902225,231.73153686523438,35417200
2024-10-30 00:00:00-04:00,230.68033441798144,231.53320070866118,227.64572172599728,228.191162109375,47070900
2024-10-31 00:00:00-04:00,227.43744214117888,227.92338265648337,223.50037517792762,224.03590393066406,64370100
2024-11-01 00:00:00-04:00,219.13689753624155,223.48056715614828,218.44270756169647,221.06080627441406,65276700
2024-11-04 00:00:00-05:00,219.15671602208408,220.94177147156717,217.88733586004025,220.16824340820312,44944500
2024-11-05 00:00:00-05:00,219.9599923572388,222.09215031274817,219.3054639601429,221.59629821777344,28111300
2024-11-06 00:00:00-05:00,220.76327216240406,224.19457534628128,219.35505401685137,220.8723602294922,54561100
2024-11-07 00:00:00-05:00,222.76654726221693,225.98958631695007,222.70704742389805,225.5928955078125,42137700
2024-11-08 00:00:00-05:00,225.53330763226646,227.01257809039103,224.77878865400953,225.3248291015625,38328800
2024-11-11 00:00:00-05:00,223.3789433198207,224.07389700260043,219.90415975706793,222.61448669433594,42005600
2024-11-12 00:00:00-05:00,222.93218846295187,223.96468891324545,221.75075962779928,222.61448669433594,40398300
2024-11-13 00:00:00-05:00,222.39607398240116,225.0170530189228,221.15507983350162,223.49807739257812,48566200
2024-11-14 00:00:00-05:00,223.398802697962,227.22105551450989,223.3789425502784,226.57574462890625,44923900
2024-11-15 00:00:00-05:00,224.76885944610046,225.2851172657963,222.65421566813873,223.3789520263672,47923700
2024-11-18 00:00:00-05:00,223.62713486361545,228.08479108540536,223.54770942404784,226.37718200683594,44633700
2024-11-19 00:00:00-05:00,225.34467799276683,228.501774994788,225.02699136706502,226.63531494140625,36211800
2024-11-20 00:00:00-05:00,226.4168829534927,228.27340522879027,224.26251907255318,227.35011291503906,35169600
2024-11-21 00:00:00-05:00,227.230987838277,228.50176458087773,224.0838286281757,226.8735809326172,42108300
2024-11-22 00:00:00-05:00,226.41689485035167,229.05773399756174,226.41689485035167,228.21385192871094,38168300
2024-11-25 00:00:00-05:00,229.79238523732437,231.56948199204686,228.0847762696763,231.1922149658203,90152800
2024-11-26 00:00:00-05:00,231.64893863936055,233.87280565588551,231.64893863936055,233.36647033691406,45986200
2024-11-27 00:00:00-05:00,232.78070364946953,233.99191506726265,232.12545514826604,233.2373809814453,33498400
2024-11-29 00:00:00-05:00,233.11826871739834,236.09665470361549,232.28432427698263,235.6201171875,28481400
2024-12-02 00:00:00-05:00,235.5605381566453,239.0551666028684,235.45133007089746,237.8638153076172,48137100
2024-12-03 00:00:00-05:00,238.08222901174219,241.01097200063165,237.17878168890522,240.90176391601562,38861000
2024-12-04 00:00:00-05:00,241.12019505186365,242.35126670496282,239.5118714775545,241.25918579101562,44383900
2024-12-05 00:00:00-05:00,242.2321233137982,242.77814859306412,240.38552350615552,241.28895568847656,40033900
2024-12-06 00:00:00-05:00,241.15989600483465,242.86750503393802,240.33587413565135,241.09039306640625,36870600
2024-12-09 00:00:00-05:00,240.08766321596437,245.4586888430206,240.00823778270345,244.9722137451172,44649200
2024-12-10 00:00:00-05:00,245.11124429862218,246.4217414371147,243.57240847043047,245.9849090576172,36914800
2024-12-11 00:00:00-05:00,246.17352158557497,248.9930565140259,244.48575750906295,244.714111328125,45205800
2024-12-12 00:00:00-05:00,245.11122473397327,246.9479020514793,243.9099357862414,246.17352294921875,32777500
2024-12-13 00:00:00-05:00,246.0345210589055,247.49391610940148,244.46590277835176,246.34228515625,33155300
2024-12-16 00:00:00-05:00,246.20329464964811,249.56886987487528,245.86573275817128,249.23130798339844,51694800
2024-12-17 00:00:00-05:00,248.2782345553336,252.0012166921119,247.98039295462073,251.6537322998047,51356400
2024-12-18 00:00:00-05:00,250.34326772719038,252.4479889260113,245.95511429725673,246.26287841796875,56774100
2024-12-19 00:00:00-05:00,245.71683140567848,250.184410158509,245.3097817058068,247.99032592773438,60882300
2024-12-20 00:00:00-05:00,246.25292226826556,253.16278373693368,243.9198625662762,252.65646362304688,147495300
2024-12-23 00:00:00-05:00,252.9344343151273,253.8080837794399,251.6239373953799,253.4308319091797,40858800
2024-12-24 00:00:00-05:00,253.64924013847912,256.34962902881983,253.45066898797964,256.3397216796875,23234700
2024-12-26 00:00:00-05:00,256.329771467171,258.2260137599804,255.77380863027113,257.1537780761719,27237100
2024-12-27 00:00:00-05:00,255.9723714358678,256.8361287043752,251.2367492695516,253.74851989746094,42355300
2024-12-30 00:00:00-05:00,250.41276299480816,251.67361731138075,248.9434301413362,250.3829803466797,35557500
2024-12-31 00:00:00-05:00,250.6212189481796,251.45516326793145,247.6328957457903,248.6157684326172,39480700
2025-01-02 00:00:00-05:00,247.1365264348607,247.3053149666319,240.07776640397734,242.0931396484375,55740700
2025-01-03 00:00:00-05:00,241.60667419433594,242.42075849453866,240.147263834766,241.60667419433594,40244100
2025-01-06 00:00:00-05:00,242.54980162717402,245.54804748087855,241.4477983095151,243.23483276367188,45045600
2025-01-07 00:00:00-05:00,241.22939201717418,243.78088314896328,239.61114601786818,240.46495056152344,40856000
2025-01-08 00:00:00-05:00,240.17700647488417,241.95411831821167,238.32048434869313,240.95138549804688,37628900
2025-01-10 00:00:00-05:00,238.2807606174901,238.4296889806259,231.32127200767005,235.14353942871094,61710900
2025-01-13 00:00:00-05:00,231.84746989306117,232.9792558543989,228.06492247356016,232.71119689941406,49630700
2025-01-14 00:00:00-05:00,233.05869925952226,234.41882398797216,230.79512716232853,231.5992889404297,39435300
2025-01-15 00:00:00-05:00,232.94949481929564,237.2383779015073,232.74100113522098,236.15621948242188,39832000
2025-01-16 00:00:00-05:00,235.6399687194268,236.29520209930612,226.3871093224655,226.61544799804688,71759100
2025-01-17 00:00:00-05:00,230.44764042021458,230.6164138035219,226.833866130533,228.32305908203125,68488300
2025-01-21 00:00:00-05:00,222.38615194982364,222.80312416686704,217.79944241349193,221.03594970703125,98070400
2025-01-22 00:00:00-05:00,218.2064601780486,222.5052654056773,218.2064601780486,222.2173614501953,64126500
2025-01-23 00:00:00-05:00,223.1208199792776,225.394314538592,220.69839703644928,222.04859924316406,60234800
2025-01-24 00:00:00-05:00,223.16053267311034,224.00441476166836,219.8148172645265,221.17494201660156,54697900
2025-01-27 00:00:00-05:00,222.4059977899183,230.47741293083342,222.36627749626697,228.20391845703125,94863400
2025-01-28 00:00:00-05:00,229.1868093297106,238.45951413038736,229.1470890329199,236.5434112548828,75707600
2025-01-29 00:00:00-05:00,232.43322998057818,238.13188043636077,232.32402189200354,237.63548278808594,45486100
2025-01-30 00:00:00-05:00,236.95045561956258,239.05517683623282,235.50098294542886,235.87823486328125,55658300
2025-01-31 00:00:00-05:00,245.40904807772534,245.40904807772534,231.7581140684966,234.29966735839844,100959800
2025-02-03 00:00:00-05:00,228.3330095070948,230.1597493274262,224.07390894412586,226.3672637939453,73063300
2025-02-04 00:00:00-05:00,225.61271003037928,231.45035067549782,225.0170268486458,231.1227264404297,45067300
2025-02-05 00:00:00-05:00,226.8835194075747,230.9936915376493,226.62539807097704,230.79513549804688,39620300
2025-02-06 00:00:00-05:00,229.6235855767699,232.11551112022605,228.76978113438386,231.53968811035156,29925300
2025-02-07 00:00:00-05:00,230.9241838961893,232.31409120281862,225.62264568638093,225.989990234375,39707200
2025-02-10 00:00:00-05:00,228.16660736242451,229.1803610121675,225.81108525741098,226.25833129882812,33115600
2025-02-11 00:00:00-05:00,226.8049592810601,233.7919821040532,226.7353950927951,231.19793701171875,53718400
2025-02-12 00:00:00-05:00,229.78661520122571,235.51141262786788,229.26978984120754,235.4219512939453,45243300
2025-02-13 00:00:00-05:00,235.4617298072221,240.85852795215618,234.1299251101732,240.05348205566406,53614100
2025-02-14 00:00:00-05:00,239.77519417214083,244.04891051069433,239.51678905976664,243.10472106933594,40896200
2025-02-18 00:00:00-05:00,242.65747382373942,243.6811760890431,240.3615975750387,242.97552490234375,48822500
2025-02-19 00:00:00-05:00,243.16433914739287,244.50607717853558,241.67350900245088,243.373046875,32204200
2025-02-20 00:00:00-05:00,243.4426355672204,245.27138364211797,242.7966000469895,244.3271942138672,32316900
2025-02-21 00:00:00-05:00,244.44646835255205,247.16972378813352,243.72093519653038,244.04891967773438,53197400
2025-02-24 00:00:00-05:00,243.43269920852308,247.33868242018207,242.92582237394555,245.58944702148438,51326400
2025-02-25 00:00:00-05:00,246.48392314447185,248.4716967182176,243.41281661275679,245.52978515625,48013300
2025-02-26 00:00:00-05:00,242.83637220684057,243.48239258336395,237.66816369812489,238.89064025878906,44433600
2025-02-27 00:00:00-05:00,237.94646720738686,240.97782529617328,235.61082691795045,235.849365234375,41153600
2025-02-28 00:00:00-05:00,235.5014815283524,240.61005923211764,228.7927454203557,240.36158752441406,56833400
2025-03-03 00:00:00-05:00,240.31188380351972,242.5381957053339,234.66661403302143,236.5748748779297,47184000
2025-03-04 00:00:00-05:00,236.25683384188991,238.60240725621293,233.24534293735957,234.48770141601562,53798100
2025-03-05 00:00:00-05:00,233.98082285378285,235.1039197629907,227.82866128733946,234.2988739013672,47227600
2025-03-06 00:00:00-05:00,233.00682927336524,236.4059203890797,231.73465535282332,233.89138793945312,45170400
2025-03-07 00:00:00-05:00,233.67273718007357,239.89446338205195,233.32487071745646,237.60853576660156,46273600
2025-03-10 00:00:00-04:00,234.10011191080184,234.71633209649934,222.84932017741133,226.08938598632812,72071200
2025-03-11 00:00:00-04:00,222.44182022291236,224.45940937640347,216.12069905845206,219.48997497558594,76137400
2025-03-12 00:00:00-04:00,218.79423505763873,220.39439337943787,213.59621144659917,215.65354919433594,62547500
2025-03-13 00:00:00-04:00,214.6298526174969,215.5144112677834,207.14588618522245,208.39817810058594,61368300
2025-03-14 00:00:00-04:00,209.95860913307365,212.6421007492463,208.29881981801313,212.18492126464844,60107600
2025-03-17 00:00:00-04:00,212.00600336087763,213.9043309003415,208.68642489319868,212.69178771972656,48073400
2025-03-18 00:00:00-04:00,212.85080057479257,213.83473880015984,210.19712464056028,211.38978576660156,42432400
2025-03-19 00:00:00-04:00,212.91044076829724,217.4226803637017,212.443312738742,213.92420959472656,54385400
2025-03-20 00:00:00-04:00,212.68182480821145,216.16042833043304,210.92264106634573,212.79115295410156,48862900
2025-03-21 00:00:00-04:00,210.26669685360034,217.5021918152461,209.9884097524224,216.93568420410156,94127800
2025-03-24 00:00:00-04:00,219.64898417718916,220.1260455978378,217.24377992596973,219.38063049316406,44299500
2025-03-25 00:00:00-04:00,219.4204082670252,222.73005335992565,218.73462390108503,222.38218688964844,34493600
2025-03-26 00:00:00-04:00,222.14365782695532,223.6444367672013,219.12224829293882,220.17576599121094,34466100
2025-03-27 00:00:00-04:00,220.03662935170198,223.61462840697533,219.21170137047196,222.48159790039062,37094800
2025-03-28 00:00:00-04:00,220.31488968867507,222.44180687800483,216.34927581514728,216.56793212890625,39818600
2025-03-31 00:00:00-04:00,215.683368745432,224.24073468961828,214.90813825561798,220.77207946777344,65299300
2025-04-01 00:00:00-04:00,218.46626491168394,222.31260214779184,217.5618242432653,221.8256072998047,36412700
2025-04-02 00:00:00-04:00,219.96705040499884,223.81338775742097,219.66888130946384,222.52133178710938,35905900
2025-04-03 00:00:00-04:00,204.2835010267849,206.22159255986557,200.01973301812973,201.9478759765625,103419000
2025-04-04 00:00:00-04:00,192.70471987275084,198.65810753704542,186.19475800144227,187.22840881347656,125910900
2025-04-07 00:00:00-04:00,176.11672557211514,192.96310261722135,173.5524959881376,180.35069274902344,160466300
2025-04-08 00:00:00-04:00,185.55865310846366,189.17640027021665,168.17558356470508,171.36595153808594,120859500
2025-04-09 00:00:00-04:00,170.89883496621582,199.38363475051753,170.83920418374143,197.6343994140625,184395900
2025-04-10 00:00:00-04:00,187.9141974958541,193.5892830219747,181.88129692496375,189.2559356689453,121880000
2025-04-11 00:00:00-04:00,184.96233608452022,198.32016168749274,184.92257212057936,196.93865966796875,87435900
2025-04-14 00:00:00-04:00,210.14743595954587,211.63826622013798,199.9302804535287,201.28196716308594,101352900
2025-04-15 00:00:00-04:00,200.6260097569118,202.26591707175376,198.57860517432977,200.904296875,51343900
2025-04-16 00:00:00-04:00,197.1473753495745,199.4730666932086,191.19398828729797,193.08238220214844,59732400
2025-04-17 00:00:00-04:00,195.9944894564487,197.61452992177487,193.2314851467638,195.7758331298828,52164700
2025-04-21 00:00:00-04:00,192.0885304389909,192.6152892965427,188.64967500212322,191.9792022705078,46742500
2025-04-22 00:00:00-04:00,194.92107095045932,200.35763286451953,194.7719939992729,198.51895141601562,52976400
2025-04-23 00:00:00-04:00,204.7406939661261,206.72846769395255,201.56025903470575,203.34925842285156,52929200
2025-04-24 00:00:00-04:00,203.63745452212558,207.55337072286264,201.69937840299403,207.09617614746094,47311000
2025-04-25 00:00:00-04:00,205.10842646651815,208.46776890662989,204.9394675201618,208.00064086914062,38222300
2025-04-28 00:00:00-04:00,208.71623364812058,210.2070638884643,206.1917677806294,208.85537719726562,38743100
2025-04-29 00:00:00-04:00,207.41425458581946,210.94255602883885,207.096203506044,209.91885375976562,36827600
2025-04-30 00:00:00-04:00,208.02050829648644,212.2743425468257,205.40658118436113,211.20094299316406,52286500
2025-05-01 00:00:00-04:00,207.80185982414434,213.2483553954001,207.62295230903422,212.0159454345703,57365700
2025-05-02 00:00:00-04:00,204.83013207172814,205.72463931330321,200.92416412992952,204.09466552734375,101010600
2025-05-05 00:00:00-04:00,201.85841873478097,202.85230555244996,196.99831280299983,197.6741485595703,69018500
2025-05-06 00:00:00-04:00,196.99832434112832,199.42339557924856,195.81559653234874,197.29647827148438,51216500
2025-05-07 00:00:00-04:00,197.95242524507105,198.22077891807172,192.0686174137577,195.05027770996094,68536700
2025-05-08 00:00:00-04:00,196.51130456752412,198.82706269335065,193.48988012199126,196.28271484375,50478900
2025-05-09 00:00:00-04:00,197.7834732241415,199.31405222350435,196.3323918231404,197.31634521484375,36453900
2025-05-12 00:00:00-04:00,209.95526516858178,210.2538252478288,205.75556156059073,209.776123046875,63775800
2025-05-13 00:00:00-04:00,209.4178625594749,212.3735786127325,207.99474788922345,211.9058380126953,51909300
2025-05-14 00:00:00-04:00,211.40822571910564,212.9109724892217,209.56713314477625,211.3087158203125,49325800
2025-05-15 00:00:00-04:00,209.93535780893234,211.93569971673273,208.53213606160298,210.43295288085938,45029500
2025-05-16 00:00:00-04:00,211.33858120774948,211.54757782116647,208.7610423595207,210.24386596679688,54737900
2025-05-19 00:00:00-04:00,206.909976827966,208.4724173847277,203.27752386063855,207.77578735351562,46140500
2025-05-20 00:00:00-04:00,206.67113760639387,207.46729276724128,204.04383620537516,205.8650360107422,42496600
2025-05-21 00:00:00-04:00,204.1831685508297,206.04416933851562,199.74462882701684,201.11798095703125,59211800
2025-05-22 00:00:00-04:00,199.7446272097534,201.77480849030061,198.7394754118135,200.39149475097656,46742400
2025-05-23 00:00:00-04:00,192.7384848883374,196.74910019358438,192.5295034494263,194.33079528808594,78432900
2025-05-27 00:00:00-04:00,197.34622283817185,199.77448939448533,196.4803970243206,199.24703979492188,56288500
2025-05-28 00:00:00-04:00,199.6252046868552,201.75491117265972,198.93852099816252,199.45602416992188,45339700
2025-05-29 00:00:00-04:00,202.60079553265004,202.8296849960031,197.55517460719432,198.98825073242188,51396800
2025-05-30 00:00:00-04:00,198.41103419314425,200.98858794774708,195.83349562393636,199.88392639160156,70819900
2025-06-02 00:00:00-04:00,199.31667499872813,201.15778278546435,199.15744093584797,200.72984313964844,35423300
2025-06-03 00:00:00-04:00,200.38153417950807,202.78989241693247,199.99341064507593,202.29229736328125,46381600
2025-06-04 00:00:00-04:00,201.93404589483336,205.24803106286797,201.12794426741362,201.844482421875,43604000
2025-06-05 00:00:00-04:00,202.52119947175674,203.76518718349973,199.18730633012683,199.66500854492188,55126100
2025-06-06 00:00:00-04:00,202.0236053289331,204.7106157617459,201.07817770068002,202.93917846679688,46607700
2025-06-09 00:00:00-04:00,203.40692547634254,205.0091823144686,199.05794913802782,200.48106384277344,72862600
2025-06-10 00:00:00-04:00,199.63515466910712,203.36711781582227,199.60530017876516,201.6951904296875,54672600
2025-06-11 00:00:00-04:00,202.5211970741936,203.51638723180633,197.45568281643992,197.8238983154297,60989900
2025-06-12 00:00:00-04:00,198.12247961063645,198.7195846578917,196.41075114145443,198.2418975830078,43904600
2025-06-13 00:00:00-04:00,198.769334334526,199.40625545491926,194.7587190445596,195.50511169433594,51447300
2025-06-16 00:00:00-04:00,196.3510290449251,197.73434281232372,195.61458283187793,197.46563720703125,43020700
2025-06-17 00:00:00-04:00,196.2515147499311,197.43579358003367,194.27109586617135,194.6990203857422,38856200
2025-06-18 00:00:00-04:00,194.9975546383106,196.6197193940347,194.13174409281177,195.6344757080078,45394700
2025-06-20 00:00:00-04:00,197.28649906078425,200.72984844555882,195.9131318065836,200.03321838378906,96813500
2025-06-23 00:00:00-04:00,200.6602023375907,201.3269779408771,198.00304635957568,200.53082275390625,55814300
2025-06-24 00:00:00-04:00,201.61557243039425,202.46149014710028,199.23706853700068,199.3365936279297,54064000
2025-06-25 00:00:00-04:00,200.4810436177515,202.6903668657116,199.65503400834336,200.59051513671875,39525700
2025-06-26 00:00:00-04:00,200.4611428555203,201.66532960796235,198.50063224789568,200.03321838378906,50799100
2025-06-27 00:00:00-04:00,200.91894034324127,202.24254507531293,199.03803155248616,200.1128387451172,73188600
2025-06-30 00:00:00-04:00,201.03836190454115,206.39248990855162,198.3015889216639,204.18316650390625,91912800
2025-07-01 00:00:00-04:00,205.6759567295316,209.17903048404247,205.14850713857425,206.8204345703125,78788900
2025-07-02 00:00:00-04:00,207.90519262679368,212.31387801499196,207.13889190503232,211.418212890625,67941800
2025-07-03 00:00:00-04:00,211.12956719850303,213.61754237258577,210.79120621932267,212.52284240722656,34955800
2025-07-07 00:00:00-04:00,211.65705062020388,215.18997897032483,207.7957228576545,208.940185546875,50229000
2025-07-08 00:00:00-04:00,209.08944131875765,210.41303075844314,207.447368579945,208.99986267089844,42848900
2025-07-09 00:00:00-04:00,208.52217876921287,210.3135239719546,206.22329208627588,210.1244354248047,48749400
2025-07-10 00:00:00-04:00,209.49748097232364,212.45319704499605,209.0197939340788,211.3883514404297,44443600
2025-07-11 00:00:00-04:00,209.55718962168862,211.1096837700706,208.85059795908091,210.14434814453125,39765800
2025-07-14 00:00:00-04:00,208.92025854176603,209.89555581124029,206.54175471753558,207.61656188964844,38840100
2025-07-15 00:00:00-04:00,208.21368905566166,210.87084499335577,207.9151289669034,208.10421752929688,42296300
2025-07-16 00:00:00-04:00,209.28849593835915,211.37838618562168,207.63647661047767,209.149169921875,47490500
2025-07-17 00:00:00-04:00,209.55721484346458,210.78129457926272,208.5819174807461,209.00985717773438,48068100
2025-07-18 00:00:00-04:00,209.85573909301036,210.77131219576944,208.69136845628208,210.16424560546875,48974600
2025-07-21 00:00:00-04:00,211.07984586548804,214.74213848423943,210.61210526026528,211.4580078125,51377400
2025-07-22 00:00:00-04:00,212.1148250502387,213.91611676733493,211.20919838168209,213.36875915527344,46404100
2025-07-23 00:00:00-04:00,213.9658669821171,214.1151394198069,211.38832832203676,213.1199493408203,46989300
2025-07-24 00:00:00-04:00,212.87116805528336,214.65256693634578,212.50295255730364,212.73184204101562,46022600
2025-07-25 00:00:00-04:00,213.66733592091674,214.20474714033003,212.37358560556336,212.85128784179688,40268800
2025-07-28 00:00:00-04:00,213.00053872316795,213.8166019050196,212.03520309848784,213.02044677734375,37858000
2025-07-29 00:00:00-04:00,213.14983725799084,213.77681196541135,209.80601264614248,210.25384521484375,51411700
2025-07-30 00:00:00-04:00,210.88077731884883,211.36842593737322,206.72088996610802,208.04449462890625,45512500
2025-07-31 00:00:00-04:00,207.48718253646683,208.83068001568543,206.16357792510368,206.5716094970703,80698400
2025-08-01 00:00:00-04:00,209.8557561748323,212.5527283441607,200.530828701964,201.40660095214844,104434500
2025-08-04 00:00:00-04:00,203.5263267271778,206.88012777005082,200.70993685491413,202.37191772460938,75109300
2025-08-05 00:00:00-04:00,202.42167200915333,204.35234334482283,201.18764593221573,201.94398498535156,44155100
2025-08-06 00:00:00-04:00,204.6409599471833,214.3440641251077,204.60114383647723,212.22430419921875,108483100
2025-08-07 00:00:00-04:00,217.82723230897543,219.78775818606874,215.53829184895108,218.97169494628906,90224800
2025-08-08 00:00:00-04:00,219.76784743364436,229.88892965735022,218.19544514014734,228.2468719482422,113854000
2025-08-11 00:00:00-04:00,227.08116933177635,228.71513292468896,223.9327956372812,226.34388732910156,61806100
2025-08-12 00:00:00-04:00,227.17081559543826,229.95055565919736,226.23428798669784,228.80477905273438,55626200
2025-08-13 00:00:00-04:00,230.2195756343437,234.1351043372746,229.58191650034667,232.47125244140625,69878500
2025-08-14 00:00:00-04:00,233.1985666998313,234.25466305951576,230.0003892485326,231.92327880859375,51916300
2025-08-15 00:00:00-04:00,233.1387895567921,233.417757832359,228.49593650929467,230.73765563964844,56038700
2025-08-18 00:00:00-04:00,230.8472538899505,232.26202593201924,229.26310933608104,230.0402374267578,37476200
2025-08-19 00:00:00-04:00,230.42880766374827,232.0129522601839,228.50591803460907,229.71145629882812,39402600
2025-08-20 00:00:00-04:00,229.13358225147155,229.6217843388592,224.93908515924198,225.17819213867188,42263900
2025-08-21 00:00:00-04:00,225.43723377620466,225.6863136691638,222.95639256938466,224.072265625,30621200
2025-08-22 00:00:00-04:00,225.33760837029214,228.2468598588307,224.58041092619504,226.9217529296875,42477800
2025-08-25 00:00:00-04:00,225.6464693442017,228.45609804536198,225.3973894325087,226.323974609375,30983100
2025-08-26 00:00:00-04:00,226.03501179732243,228.64537936019502,223.8630424721864,228.46603393554688,54575100
2025-08-27 00:00:00-04:00,227.7686378094015,230.05020313892598,227.41991984776428,229.6417236328125,31259500
2025-08-28 00:00:00-04:00,229.9704999102399,232.55096405412047,228.4959359400532,231.70408630371094,38074700
2025-08-29 00:00:00-04:00,231.65424737322112,232.52105569809,230.5184437223928,231.28561401367188,39418400
2025-09-02 00:00:00-04:00,228.4062708029861,230.00038826150748,226.1346633063032,228.87454223632812,44075600
2025-09-03 00:00:00-04:00,236.33698891571112,237.9709525201245,233.49747185558658,237.59234619140625,66427800
2025-09-04 00:00:00-04:00,237.57239985348932,239.0170601981439,235.8687018920251,238.8975067138672,47549400
2025-09-05 00:00:00-04:00,239.1167027112504,240.43185187342493,237.61226559630578,238.80784606933594,54870400
2025-09-08 00:00:00-04:00,238.41928864081726,239.2661511981365,235.47017586985078,237.0045166015625,48999500
2025-09-09 00:00:00-04:00,236.12774389612645,237.90119155812317,232.5011411802574,233.4875030517578,66313900
2025-09-10 00:00:00-04:00,231.33547301291114,231.56462228661692,225.11843262708078,225.95533752441406,83440800
2025-09-11 00:00:00-04:00,226.04500979013486,229.60186307827533,225.81584532196928,229.18341064453125,50208600
2025-09-12 00:00:00-04:00,228.37637066624734,233.6468944473401,228.17710979485463,233.20852661132812,55824200
2025-09-15 00:00:00-04:00,236.12775635652346,237.31337916896246,234.16500543557729,235.828857421875,42699500
2025-09-16 00:00:00-04:00,236.30708253667353,240.33222235518573,235.45026224943368,237.2735137939453,63421100
2025-09-17 00:00:00-04:00,238.09051246512186,239.21635855568803,236.85507060288438,238.11044311523438,46508000
2025-09-18 00:00:00-04:00,239.08682096339746,240.31228984200703,235.77903252032195,237.0045166015625,44249600
2025-09-19 00:00:00-04:00,240.34217704154452,245.3935247988757,239.32594197772087,244.59646606445312,163741300
2025-09-22 00:00:00-04:00,247.38616206443075,255.69547916115815,247.2068166293636,255.13751220703125,105517400
2025-09-23 00:00:00-04:00,254.9382669065294,256.3928850249964,252.64672876089196,253.49359130859375,60275200
2025-09-24 00:00:00-04:00,254.28068708944184,254.7987775332095,250.11606329601622,251.3813934326172,42303700
2025-09-25 00:00:00-04:00,252.27808820484515,256.22352044118514,250.7836088309123,255.9246063232422,55202100
2025-09-26 00:00:00-04:00,253.16481067495934,256.6519291955366,252.84598111295833,254.51980590820312,46076300
2025-09-29 00:00:00-04:00,253.62311772285494,254.06150078407975,252.07881928540593,253.49359130859375,40127700
2025-09-30 00:00:00-04:00,253.9220050782957,254.97810138533342,252.1784458386236,253.69285583496094,37704300
2025-10-01 00:00:00-04:00,254.10134722927504,257.83756097799323,253.9917514638179,254.5098419189453,48713900
2025-10-02 00:00:00-04:00,255.63566078088252,257.229778167004,253.21461153357077,256.18365478515625,42630200
2025-10-03 00:00:00-04:00,253.73271197999827,258.2858846694617,253.01536064819075,257.07037353515625,49155600
2025-10-06 00:00:00-04:00,257.0404883747525,258.1165305885388,254.1113214696764,255.7452850341797,44664100
2025-10-07 00:00:00-04:00,255.86484387966763,256.45266881763376,254.48991791397023,255.53607177734375,31955800
2025-10-08 00:00:00-04:00,255.5758888188916,257.56852798749276,255.16739414069707,257.1102294921875,36496900
2025-10-09 00:00:00-04:00,256.8611554198282,257.0504585775582,252.2083446799687,253.1050262451172,38322000
2025-10-10 00:00:00-04:00,254.00171816056968,255.436420799504,243.10197943699816,244.3673095703125,61999100
2025-10-13 00:00:00-04:00,248.46219085423505,248.7710475029622,244.6562426215344,246.74851989746094,38142900
2025-10-14 00:00:00-04:00,245.69241642712313,247.93413549962378,243.79940008876653,246.8581085205078,35478000
2025-10-15 00:00:00-04:00,248.57178982967116,250.89321639065437,246.559219921403,248.42233276367188,33893600
2025-10-16 00:00:00-04:00,247.33635013275978,248.1234359576197,244.22783772705108,246.53929138183594,39777000
2025-10-17 00:00:00-04:00,247.1072067041429,252.4474806979352,246.3599669580113,251.36148071289062,49147000
2025-10-20 00:00:00-04:00,254.94822099113512,263.4069798400544,254.68918336894043,261.27484130859375,90483000
2025-10-21 00:00:00-04:00,260.91620875530236,264.3136625920602,260.86637452698056,261.80291748046875,46695900
2025-10-22 00:00:00-04:00,261.68336485657886,261.882640960004,254.48993535873984,257.49884033203125,45015300
2025-10-23 00:00:00-04:00,258.98332466328685,259.6608147081683,257.0604350924048,258.6246337890625,32754900
2025-10-24 00:00:00-04:00,260.2287163700197,263.15789839957887,258.22610426270086,261.85272216796875,38253700
2025-10-27 00:00:00-04:00,263.90517991319996,268.12956591820625,263.67601542509226,267.8207092285156,44888200
2025-10-28 00:00:00-04:00,268.00000632210845,268.89671830922975,267.1631014853557,268.0099792480469,41534800
2025-10-29 00:00:00-04:00,268.28892986747474,270.4110953948544,266.1269030442272,268.7073974609375,51086700
2025-10-30 00:00:00-04:00,270.98897852374654,273.131090148023,267.49191714200913,270.4011535644531,69886500
2025-10-31 00:00:00-04:00,275.9705701844509,276.29937269597025,268.16940070155243,269.37493896484375,86167100
2025-11-03 00:00:00-05:00,269.424736694289,269.8531467885877,265.2700709373508,268.05975341796875,50194600
2025-11-04 00:00:00-05:00,267.3424445625432,270.49081837885313,266.6350661079627,269.0461730957031,49274800
2025-11-05 00:00:00-05:00,267.6214146886098,270.7000692568828,265.94760492323326,269.14581298828125,43683100
2025-11-06 00:00:00-05:00,266.90407480138714,272.3937751745226,266.90407480138714,268.7771301269531,51204000
2025-11-07 00:00:00-05:00,268.8069946610708,271.28785094446636,265.78814772800683,267.4819030761719,48227400
2025-11-10 00:00:00-05:00,268.22988302493957,272.9869540449525,266.7339548671466,268.6986083984375,41312400
2025-11-11 00:00:00-05:00,269.0776024957972,275.1610502271484,269.06761990152603,274.5028381347656,46208300
2025-11-12 00:00:00-05:00,274.25347600982695,274.9815052844664,270.9624464716027,272.7276306152344,48398000
2025-11-13 00:00:00-05:00,273.36590026791555,275.9488963676571,271.3513946141157,272.2090759277344,49602800
2025-11-14 00:00:00-05:00,270.31420819279356,275.21088338895913,268.8681625557137,271.6705322265625,47431300
2025-11-17 00:00:00-05:00,268.09027174019775,269.7557213346742,265.00866346949266,266.73394775390625,45018300
2025-11-18 00:00:00-05:00,269.2570854665072,269.9751321987233,264.59977951795884,266.7140197753906,45677300
2025-11-19 00:00:00-05:00,264.80918960656476,271.47104873805114,264.77927226211665,267.8309631347656,40424500
2025-11-20 00:00:00-05:00,270.09480618650156,274.68232536305425,265.1981613886433,265.5272521972656,45823600
2025-11-21 00:00:00-05:00,265.22808167538,272.5880228442522,264.9488429624803,270.7530212402344,59030800
2025-11-24 00:00:00-05:00,270.164627965921,276.24807542504453,270.164627965921,275.1710205078125,65585800
2025-11-25 00:00:00-05:00,274.52274228722064,279.6188865292943,274.5028075356392,276.2181396484375,46914200
2025-11-26 00:00:00-05:00,276.2081750495132,278.7712060098946,275.8790842359358,276.79656982421875,33431400
2025-11-28 00:00:00-05:00,276.5073375714406,278.2426042891834,275.2407657367699,278.093017578125,20135600
2025-12-01 00:00:00-05:00,277.255303275414,282.650620542313,275.390384584981,282.33148193359375,46587700
2025-12-02 00:00:00-05:00,282.231773534172,286.619823290159,281.86278279875575,285.4131164550781,53669500
2025-12-03 00:00:00-05:00,285.4231155973949,287.8365294074879,282.5309633672564,283.378662109375,43538700
2025-12-04 00:00:00-05:00,283.32881389666403,283.9571086251454,277.8337611056945,279.93804931640625,43989100
2025-12-05 00:00:00-05:00,279.77848663840757,280.37686403379615,277.29522501275557,278.02325439453125,47265800
2025-12-08 00:00:00-05:00,277.374989388386,278.9108174051644,275.4003533668138,277.1356506347656,38211800
2025-12-09 00:00:00-05:00,277.40493251311347,279.2698514894354,276.16830825817004,276.4275817871094,32193300
2025-12-10 00:00:00-05:00,276.99605153243056,278.9906225605669,275.6896099437804,278.02325439453125,33038300
2025-12-11 00:00:00-05:00,278.342340640522,278.83100071126506,273.06669274298736,277.2752380371094,33248000
2025-12-12 00:00:00-05:00,277.14562382282355,278.4620479370953,276.0685689150702,277.52459716796875,39532900
2025-12-15 00:00:00-05:00,279.3894873363706,279.3894873363706,272.0993337942639,273.3658752441406,50409100
2025-12-16 00:00:00-05:00,272.07941349564567,274.752131096348,271.0522107383373,273.8645324707031,37648600
2025-12-17 00:00:00-05:00,274.2634587890498,275.41033087528734,270.9026119684932,271.10205078125,50138700
2025-12-18 00:00:00-05:00,272.86723904028526,272.8872042261758,266.22534517191764,271.45111083984375,51630700
2025-12-19 00:00:00-05:00,271.4112306527045,273.8545921928022,269.1673383776201,272.9271240234375,144632000
2025-12-22 00:00:00-05:00,272.1193204151364,273.1365711538121,269.775723721713,270.2344665527344,36571800
2025-12-23 00:00:00-05:00,270.1048034873943,271.7603010837797,268.8282792538215,271.62066650390625,29642000
2025-12-24 00:00:00-05:00,271.60073103225574,274.68233959340455,271.46112688748974,273.0667419433594,17910600
2025-12-26 00:00:00-05:00,273.4157529954652,274.6224597374741,272.11926379011726,272.6578063964844,21521800
2025-12-29 00:00:00-05:00,271.9497734782625,273.61522314661676,271.6107000753325,273.0168762207031,23715200
2025-12-30 00:00:00-05:00,272.06942798009953,273.3359694836473,271.54086793463244,272.33868408203125,22139600
2025-12-31 00:00:00-05:00,272.3187639976345,272.9370761103812,271.0123224859311,271.12200927734375,27293600
2026-01-02 00:00:00-05:00,271.52092924369913,277.0857683126949,268.2697691424855,270.2743225097656,37838100
2026-01-05 00:00:00-05:00,269.9053450243044,270.7729784841199,265.41756056202854,266.5345153808594,45647200
2026-01-06 00:00:00-05:00,266.27521573774703,266.82371056256306,261.40845786144683,261.6477966308594,52352100
2026-01-07 00:00:00-05:00,262.48552563718374,262.964203143993,259.1047135716701,259.623291015625,48309800
2026-01-08 00:00:00-05:00,256.32231677215987,258.5861744106298,255.00590778144198,258.33685302734375,50419300
2026-01-09 00:00:00-05:00,258.3767027680543,259.5036402038468,255.52448097015204,258.6659240722656,39997000
2026-01-12 00:00:00-05:00,258.45648066308013,260.5906555331263,256.1028713590674,259.54351806640625,45263800
2026-01-13 00:00:00-05:00,258.0176775418968,261.0992857475004,257.6885867541948,260.3413391113281,45730800
2026-01-14 00:00:00-05:00,258.78560808748875,261.10930037675524,256.0131555781144,259.25433349609375,40019400
2026-01-15 00:00:00-05:00,259.9424426175537,260.3313985459844,256.35220896361545,257.5090637207031,39388600
2026-01-16 00:00:00-05:00,257.1999111311508,258.1971965798445,254.23797213114116,254.8363494873047,72142800
2026-01-20 00:00:00-05:00,252.04394930256512,254.09835490933511,242.75922413209136,246.0303192138672,80267500
2026-01-21 00:00:00-05:00,248.02490552393743,250.8771427168815,244.51445623630568,246.97775268554688,54641700
2026-01-22 00:00:00-05:00,248.52352576906395,250.31864258405668,247.47637302553753,247.67584228515625,39708300
2026-01-23 00:00:00-05:00,246.6486524137701,248.7329754164565,244.01580413580567,247.36668395996094,41689000
2026-01-26 00:00:00-05:00,250.7973351598156,255.86354695988197,249.12190294519746,254.7166748046875,55969200
2026-01-27 00:00:00-05:00,258.4664593428383,261.23891141767155,257.50904348719195,257.5688781738281,49648300
2026-01-28 00:00:00-05:00,256.9505880888889,258.1572949521919,253.81911240916085,255.74388122558594,41288000
2026-01-29 00:00:00-05:00,257.29964922744847,258.94516415300217,253.7193980705993,257.5788879394531,67253000
2026-01-30 00:00:00-05:00,254.47732177254832,261.1890484668085,251.49543285360957,258.775634765625,92443400
2026-02-02 00:00:00-05:00,259.3241487899344,269.7557466562268,258.50636737104884,269.2770690917969,73913400
2026-02-03 00:00:00-05:00,268.4692659190308,271.1419837262723,266.88355520832346,268.7485046386719,64394700
2026-02-04 00:00:00-05:00,271.5508603406617,278.19278500760885,271.5508603406617,275.73944091796875,90545700
2026-02-05 00:00:00-05:00,277.3749854862336,278.7412615768201,272.48829324857786,275.1610107421875,52977400
2026-02-06 00:00:00-05:00,276.3677353153735,280.14745564173626,276.1782486476445,277.3650207519531,50453400
2026-02-09 00:00:00-05:00,277.41494619870406,277.70443813431814,271.2160169672847,274.13079833984375,44623400
2026-02-10 00:00:00-05:00,274.40031021957236,274.87943562430115,272.4537718732244,273.19244384765625,34376900
2026-02-11 00:00:00-05:00,274.2106536370846,279.6808719096702,273.9610989943363,275.00921630859375,51931300
2026-02-12 00:00:00-05:00,275.0990585104662,275.22883180172755,259.71650632997444,261.2637634277344,81077200
2026-02-13 00:00:00-05:00,261.5432690161623,261.7628783299504,254.9949421084194,255.32435607910156,56290700
2026-02-17 00:00:00-05:00,257.5903108294174,265.8156532326085,255.08478749757862,263.4099426269531,58469100
2026-02-18 00:00:00-05:00,263.13045584681157,266.3447212846438,261.9825104325609,263.8791198730469,34203300
2026-02-19 00:00:00-05:00,262.13220471573277,264.00886051677537,259.5867290635135,260.11578369140625,30845300
2026-02-20 00:00:00-05:00,258.50868117461044,264.2783836675007,257.7001265171608,264.1086730957031,42070500
2026-02-23 00:00:00-05:00,263.0206001676805,268.95002088588865,262.91081074777924,265.705810546875,37308200
2026-02-24 00:00:00-05:00,267.38283777638213,274.4003442568012,267.233111068832,271.6552429199219,47014600
2026-02-25 00:00:00-05:00,271.29586819299504,274.45024283739696,270.567157599074,273.74151611328125,33714300
2026-02-26 00:00:00-05:00,274.4602128097023,275.61811956353745,270.31758130113775,272.4637756347656,32345100
2026-02-27 00:00:00-05:00,272.3240439665745,272.3240439665745,262.4217314181026,263.70941162109375,72366500
2026-03-02 00:00:00-05:00,261.94253069595567,266.05518620599753,259.73647625260065,264.2484130859375,41827900
2026-03-03 00:00:00-05:00,263.0106738027697,265.08695529305965,259.6666350681776,263.2801818847656,38568900
2026-03-04 00:00:00-05:00,264.17854815272653,265.67587606267574,260.95432154975975,262.0523376464844,39803100
2026-03-05 00:00:00-05:00,260.3254337562426,261.09405110124777,256.79173142961054,259.8263244628906,49658600
2026-03-06 00:00:00-05:00,258.16927189629365,258.3090066542827,253.916851068475,257.0013427734375,41120000
2026-03-09 00:00:00-04:00,255.2345148744848,260.68477987096253,253.22808575123491,259.41705322265625,38218500
2026-03-10 00:00:00-04:00,257.19102845716964,262.01244158439727,256.4922936817907,260.3653564453125,30590800
2026-03-11 00:00:00-04:00,260.624897946549,261.6630538494394,259.08763272962494,260.34539794921875,26218900
2026-03-12 00:00:00-04:00,258.1992408199258,258.48873275942157,253.7272102811576,255.3043975830078,40794000
2026-03-13 00:00:00-04:00,255.024890934378,255.87336762960538,249.07551643845036,249.6744384765625,36930000
2026-03-16 00:00:00-04:00,251.66090222791988,253.43773019062647,249.4348789230203,252.36964416503906,32074200
2026-03-17 00:00:00-04:00,252.5093881906664,254.67552076289968,251.7307636559193,253.77711486816406,32361600
2026-03-18 00:00:00-04:00,252.1799767808244,254.48585937367065,248.55643828829037,249.49476623535156,35757900
2026-03-19 00:00:00-04:00,248.95572868612365,251.38140795985734,246.85947863088072,248.5165252685547,34864100
2026-03-20 00:00:00-04:00,247.53824109812177,248.75606899357115,245.56177255944445,247.54823303222656,88331100
2026-03-23 00:00:00-04:00,253.51758537106093,254.14646797882926,249.83415620831627,251.04200744628906,40546100
2026-03-24 00:00:00-04:00,249.90403139868116,254.37604644028636,249.10545347620703,251.1917266845703,45152300
2026-03-25 00:00:00-04:00,253.6473574345128,254.5457480998694,251.15181088451408,252.16998291015625,28476700
2026-03-26 00:00:00-04:00,251.67088153367666,256.5421934269488,250.32329549316128,252.43951416015625,41796700
2026-03-27 00:00:00-04:00,253.4477020992108,255.03488128462607,247.6281009352486,248.35679626464844,47900000
2026-03-30 00:00:00-04:00,249.62453299565456,250.4230956915925,245.07264337813007,246.19065856933594,39446200
2026-03-31 00:00:00-04:00,247.4683905467953,255.02489784868362,246.65983587287727,253.33790588378906,49598100
2026-04-01 00:00:00-04:00,253.6273948962928,255.72364490973627,252.8787309132899,255.1746368408203,40059400
2026-04-02 00:00:00-04:00,253.74717405681358,255.6737439434535,250.20349485503914,255.464111328125,31289400
2026-04-06 00:00:00-04:00,256.0530752925303,261.6930045642991,256.0031460821725,258.39886474609375,29329900
2026-04-07 00:00:00-04:00,255.70368128016966,255.7436185540334,245.2623079794448,253.0484161376953,62148000
2026-04-08 00:00:00-04:00,257.9896321241455,259.28730423338584,256.07303883918246,258.4388122558594,41032800
2026-04-09 00:00:00-04:00,258.5386343954405,260.6548530924392,255.61386101634736,260.0259704589844,28121600
2026-04-10 00:00:00-04:00,259.5168819122501,261.7229364827484,258.5585701252562,260.0159912109375,31291500
2026-04-13 00:00:00-04:00,259.2673359057164,259.71651601158027,256.2027973984465,258.73828125,36234700
2026-04-14 00:00:00-04:00,258.7881922504944,261.4634109961452,256.7318642110386,258.3689270019531,48370700
2026-04-15 00:00:00-04:00,257.7001261657452,266.08515659729386,257.35074355126085,265.95538330078125,49913500
2026-04-16 00:00:00-04:00,266.3247234477873,266.68409800240715,260.80457553569033,262.9307861328125,43323100
2026-04-17 00:00:00-04:00,266.4844323486072,271.8149160854778,266.24486962975914,269.7486267089844,61436200
2026-04-20 00:00:00-04:00,269.84841238867654,273.7913879220191,269.80850557942483,272.5635681152344,36590200
2026-04-21 00:00:00-04:00,271.0163536236942,272.3140256362382,264.9272139873882,265.69586181640625,50209800
2026-04-22 00:00:00-04:00,267.3429346055621,273.2523721409737,266.39461467279705,272.68341064453125,43249200
2026-04-23 00:00:00-04:00,274.56001085217736,275.2787294551341,271.1660737405759,272.9429016113281,33399600
2026-04-24 00:00:00-04:00,272.2741016414235,272.5735550213531,269.16962610782736,270.5771179199219,38157100
2026-04-27 00:00:00-04:00,265.6159889280984,267.88193422863776,264.59781690250213,267.1332702636719,41466800
2026-04-28 00:00:00-04:00,271.8548539018017,272.7432830913257,268.181416710472,270.2277526855469,40018900
2026-04-29 00:00:00-04:00,267.07336249706583,270.55716597281076,266.56429174844374,269.688720703125,30047900
2026-04-30 00:00:00-04:00,270.018146234023,275.50834883767226,267.6623648300734,270.86663818359375,91848200
2026-05-01 00:00:00-04:00,278.3632420760759,286.70836594964845,277.8741246788477,279.6409912109375,79915400
2026-05-04 00:00:00-04:00,279.16179801165765,280.13007120517506,274.3703307853319,276.3368225097656,46668400
2026-05-05 00:00:00-04:00,276.43668191704,284.0630869835518,276.00745521106614,283.67376708984375,49311700
2026-05-06 00:00:00-04:00,281.4178249779708,287.5169265187869,280.5693330033821,286.99786376953125,58336100
2026-05-07 00:00:00-04:00,288.75470528792926,291.6096265406606,285.2709318587503,286.927978515625,45224300
2026-05-08 00:00:00-04:00,289.49338424193445,294.2349225642168,289.48339230776435,292.7974853515625,52692800
2026-05-11 00:00:00-04:00,291.72841688276577,293.6267735875138,289.979924827367,292.42779541015625,42247300
2026-05-12 00:00:00-04:00,292.3078994315659,295.0155556946294,292.3078994315659,294.54595947265625,45748100
2026-05-13 00:00:00-04:00,293.24708951115105,300.6607090744109,293.24708951115105,298.6124572753906,52684300
2026-05-14 00:00:00-04:00,299.5616620172475,300.1911240450107,295.12548538387824,297.9530334472656,35324900
2026-05-15 00:00:00-04:00,297.643304079477,302.93875555297063,296.26448829773227,299.9713134765625,54862800
2026-05-18 00:00:00-04:00,299.98126929450746,300.4009207908792,294.6558756451712,297.5833435058594,34483000
2026-05-19 00:00:00-04:00,296.7140952726279,300.2510533099592,296.09463441963413,298.7123718261719,42243600
2026-05-20 00:00:00-04:00,297.9230626302997,302.5390768782648,297.82314269813475,301.98956298828125,38229800
2026-05-21 00:00:00-04:00,300.80056674721834,305.27671719779084,300.1411318265125,304.7271728515625,42965100
2026-05-22 00:00:00-04:00,305.85620846339293,311.13165741506583,305.57645096183757,308.55389404296875,43670200
2026-05-26 00:00:00-04:00,309.29325163060713,311.5513139598484,307.4048960873393,308.0643005371094,48000500
2026-05-27 00:00:00-04:00,308.0643052358437,312.9900803339556,308.0343323058515,310.5821533203125,50430900
2026-05-28 00:00:00-04:00,310.412282475935,312.5304508120942,309.30325358892543,312.24072265625,48220400
2026-05-29 00:00:00-04:00,311.5113496628706,314.7285763294451,309.2632884033746,311.7911071777344,70026800
2026-06-01 00:00:00-04:00,309.363197507879,310.67206624496237,304.7571540774977,306.0460510253906,48849900
2026-06-02 00:00:00-04:00,307.1950545511415,315.1781903378333,306.42572903356995,314.92840576171875,44534700
2026-06-03 00:00:00-04:00,313.9092501546009,316.6668815001487,308.5838566628498,309.9926452636719,50836700
2026-06-04 00:00:00-04:00,312.96009909963743,313.26982953176514,309.38316692864953,310.9618225097656,44869100
2026-06-05 00:00:00-04:00,312.5903972939029,314.8984348439246,306.8853260765596,307.0751647949219,65310500
2026-06-08 00:00:00-04:00,308.4739595974908,317.1265012321255,300.9105055796523,301.2801818847656,77949100
2026-06-09 00:00:00-04:00,300.0212482417878,300.4908444635933,287.5320194610898,290.29962158203125,70108800
2026-06-10 00:00:00-04:00,290.4894628291428,294.4960172141002,287.1323727394638,291.3287353515625,52793300
2026-06-11 00:00:00-04:00,293.4668864344149,296.7440586571729,289.3404406054596,295.375244140625,42572500
2026-06-12 00:00:00-04:00,295.7749221682621,296.88398158337014,289.3704417369658,290.879150390625,38742100
2026-06-15 00:00:00-04:00,293.8665449684006,297.5233947188816,291.4486474146935,296.1645812988281,45732600
2026-06-16 00:00:00-04:00,294.99559499590845,300.2210994929347,293.71669913987887,298.9821472167969,39874400
2026-06-17 00:00:00-04:00,300.59074812548096,301.8096980081642,294.10632015937927,295.6949768066406,42745100
2026-06-18 00:00:00-04:00,297.8530937792582,300.31099586682666,295.3652492546472,297.7532043457031,85962200
2026-06-22 00:00:00-04:00,297.05381866220307,302.1594314563154,296.5043047694293,296.75408935546875,44879900
2026-06-23 00:00:00-04:00,297.2836155142734,301.3800886038737,293.9264950024863,294.04638671875,52010900
2026-06-24 00:00:00-04:00,295.1054570720635,299.4417438827621,292.68755959702736,292.8274230957031,53081900
2026-06-25 00:00:00-04:00,287.1523472601469,288.55113481081804,273.5141152813601,274.91290283203125,107013700
2026-06-26 00:00:00-04:00,274.7630284991681,285.70360492137456,273.9737007161028,283.53546142578125,261775500
2026-06-29 00:00:00-04:00,286.4829438934296,288.12151489662153,279.6088673150861,281.4972229003906,66427000
2026-06-30 00:00:00-04:00,280.9277417485351,289.69017405322865,280.45814550695326,289.11065673828125,65100200
2026-07-01 00:00:00-04:00,293.1871503157195,296.33442991747245,288.95081360688545,294.1263427734375,50164200
2026-07-02 00:00:00-04:00,293.866538367699,309.15337194761725,293.4269150966668,308.3640441894531,75352800
2026-07-06 00:00:00-04:00,307.0951430290638,313.9292760509671,306.7354678654279,312.3905944824219,53590000
2026-07-07 00:00:00-04:00,315.0183186077797,315.20815732134815,309.88273318392555,310.3923034667969,42490000
2026-07-08 00:00:00-04:00,311.6412289475945,314.5487250421545,306.7854009831778,313.1199645996094,41323500
2026-07-09 00:00:00-04:00,310.24243869469103,316.2572401947346,307.8944576262147,315.947509765625,48124500
2026-07-10 00:00:00-04:00,314.4488202226986,316.6369356310425,311.9010296470402,315.0483093261719,34132300
2026-07-13 00:00:00-04:00,316.7468014245228,323.171283634363,315.5078797345754,317.03656005859375,43257800
2026-07-14 00:00:00-04:00,313.48965629761443,315.91755515351207,311.64124426456783,314.58868408203125,36336800
2026-07-15 00:00:00-04:00,317.34631234952286,328.44675508114506,317.0465830462295,327.2178039550781,60957600
2026-07-16 00:00:00-04:00,327.72736328456057,334.3915986652446,326.50841333986017,332.97283935546875,62970600
2026-07-17 00:00:00-04:00,331.693929977533,334.7013154010385,328.71648699084636,333.452392578125,63407100
2026-07-20 00:00:00-04:00,333.2226134619852,333.4224228207836,323.4010672140761,326.3085632324219,53468000
2026-07-21 00:00:00-04:00,322.85156758462244,329.3159936819017,321.94234806189104,327.45758056640625,41338900
2026-07-22 00:00:00-04:00,327.58746619388995,328.7164973399543,323.0613709608057,325.60919189453125,38755900
2026-07-23 00:00:00-04:00,321.4527900194849,323.0214140443725,319.0748358849152,321.3828430175781,40840800
2026-07-24 00:00:00-04:00,321.5127284115298,334.0818750563203,321.3428614810286,332.7330322265625,47489400
2026-07-27 00:00:00-04:00,334.2517370375488,339.277401491225,333.73216560461384,336.61968994140625,49604300
2026-07-28 00:00:00-04:00,339.73698155301014,342.59453283396704,335.31080637618777,339.78692626953125,51859000
2026-07-29 00:00:00-04:00,339.43727163464206,344.2730974331505,337.0593175600121,337.8985900878906,56090800
2026-07-30 00:00:00-04:00,332.8129674612056,334.4615395264105,329.30598233808786,333.1426696777344,74817800
2026-07-31 00:00:00-04:00,304.54735603914753,310.4222943774597,299.7415030462749,308.6438293457031,132489100
2026-08-03 00:00:00-04:00,309.313234694189,311.5313230344714,302.29929450581176,303.1585693359375,75052000
2026-08-04 00:00:00-04:00,302.46913991298527,310.1525156602479,301.0603512911937,309.1134033203125,68001000
2026-08-05 00:00:00-04:00,309.09342362565195,311.4414048335362,305.40663118634393,310.7320251464844,49438800
2026-08-06 00:00:00-04:00,314.06913775686996,316.0174696892129,308.96355554648414,312.14080810546875,46139900
2026-08-07 00:00:00-04:00,311.1816431226555,314.53873325457766,310.47223295908327,313.05999755859375,34437200
2026-08-10 00:00:00-04:00,306.8299865722656,308.260009765625,304.6099853515625,308.260009765625,44812500
2026-08-11 00:00:00-04:00,307.75,309.9700012207031,302.7900085449219,304.9100036621094,37476700
2026-08-12 00:00:00-04:00,305.1000061035156,305.6600036621094,300.57000732421875,302.25,41657800
2026-08-13 00:00:00-04:00,304.2099914550781,306.0,302.04998779296875,305.260009765625,40349300
2026-08-14 00:00:00-04:00,306.0,307.489990234375,304.29998779296875,305.92999267578125,28229400
2026-08-17 00:00:00-04:00,306.2099914550781,307.6600036621094,302.94000244140625,305.5899963378906,38169300
2026-08-18 00:00:00-04:00,307.5799865722656,311.489990234375,305.739990234375,310.0299987792969,53424500
2026-08-19 00:00:00-04:00,310.1400146484375,319.2799987792969,309.6000061035156,316.8299865722656,50505600
2026-08-20 00:00:00-04:00,317.4599914550781,320.2799987792969,310.6499938964844,311.29998779296875,40959200
2026-08-21 00:00:00-04:00,312.04998779296875,312.3800048828125,307.010009765625,309.3500061035156,46876800
2026-08-24 00:00:00-04:00,311.4700012207031,313.3599853515625,309.9700012207031,310.3399963378906,34673600
2026-08-25 00:00:00-04:00,310.7900085449219,313.5899963378906,308.2099914550781,309.8999938964844,25869800
2026-08-26 00:00:00-04:00,310.29998779296875,315.42999267578125,308.79998779296875,313.45001220703125,34024500
2026-08-27 00:00:00-04:00,310.54998779296875,315.3999938964844,309.3999938964844,314.5799865722656,32419200
2026-08-28 00:00:00-04:00,316.8500061035156,322.3699951171875,315.45001220703125,319.70001220703125,38649400
2026-08-31 00:00:00-04:00,319.6000061035156,321.239990234375,312.79998779296875,316.8500061035156,41242700
2026-09-01 00:00:00-04:00,316.9800109863281,327.29998779296875,314.7300109863281,325.1300048828125,53167400
2026-09-02 00:00:00-04:00,326.8699951171875,328.3999938964844,323.5299987792969,324.9599914550781,33776400
2026-09-03 00:00:00-04:00,324.8699951171875,330.80999755859375,324.1099853515625,328.2099914550781,37225800
2026-09-04 00:00:00-04:00,328.30999755859375,328.92999267578125,317.8599853515625,319.9700012207031,39606900
2026-09-08 00:00:00-04:00,317.1000061035156,320.70001220703125,314.8999938964844,316.2200012207031,35477100
2026-09-09 00:00:00-04:00,315.489990234375,319.1499938964844,309.8999938964844,315.3399963378906,65640000
2026-09-10 00:00:00-04:00,316.6700134277344,326.739990234375,316.510009765625,326.57000732421875,70011900
2026-09-11 00:00:00-04:00,327.45001220703125,336.2200012207031,326.29998779296875,332.2699890136719,50716900
2026-09-14 00:00:00-04:00,334.7900085449219,335.5,331.3399963378906,333.0799865722656,39269100
2026-09-15 00:00:00-04:00,330.1400146484375,331.7799987792969,328.3500061035156,331.3399963378906,31748200
2026-09-16 00:00:00-04:00,332.5299987792969,335.4800109863281,330.70001220703125,332.4100036621094,35981000
2026-09-17 00:00:00-04:00,334.7699890136719,338.3399963378906,330.17999267578125,337.0,36700200
2026-09-18 00:00:00-04:00,337.9100036621094,338.489990234375,332.5299987792969,336.1300048828125,86433100
