Date,Open,High,Low,Close,Volume
2021-09-20 00:00:00-04:00,136.8592025107944,137.68979986076525,135.03704858862534,137.4119415283203,46518000
2021-09-21 00:00:00-04:00,138.43222649685097,138.69176548662895,136.9746001490419,137.7224884033203,25332000
2021-09-22 00:00:00-04:00,137.99092214087034,139.55899341584305,137.24551278316375,138.961181640625,25056000
2021-09-23 00:00:00-04:00,139.65858689797682,140.3609036623911,139.07811185180083,139.8849334716797,20952000
2021-09-24 00:00:00-04:00,139.21378542182566,140.9889014490048,138.91908904507557,140.87448120117188,22984000
2021-09-27 00:00:00-04:00,139.4772834307907,140.60059702550436,138.74723086445857,139.7422637939453,21882000
2021-09-28 00:00:00-04:00,137.34803586719997,137.7853721088004,134.08409637223073,134.54966735839844,45772000
2021-09-29 00:00:00-04:00,135.6888354361308,135.85822880609126,132.60320680070598,133.08709716796875,30848000
2021-09-30 00:00:00-04:00,132.99596110436238,134.26487713453415,132.2971058010185,132.4159698486328,37996000
2021-10-01 00:00:00-04:00,133.18016825399758,135.61996414886843,132.80920186499142,135.25592041015625,35360000
2021-10-04 00:00:00-04:00,134.67891789407685,134.67891789407685,129.8147127344606,132.3996124267578,51202000
2021-10-05 00:00:00-04:00,132.77750226995343,135.93099611936512,132.77750226995343,134.74081420898438,32404000
2021-10-06 00:00:00-04:00,133.47985735059552,136.45157959216723,133.28174555748294,136.26832580566406,24364000
2021-10-07 00:00:00-04:00,137.58280506274824,138.72197425447405,137.34407938421361,137.9126739501953,25110000
2021-10-08 00:00:00-04:00,138.26134957359187,139.00824022807984,137.90524110595646,138.4678955078125,26526000
2021-10-11 00:00:00-04:00,137.9790418985693,139.3856551740966,137.55010956888324,137.60459899902344,17954000
2021-10-12 00:00:00-04:00,138.16527798869242,138.19203147139953,134.4803409473928,135.16285705566406,36332000
2021-10-13 00:00:00-04:00,136.10737433714348,136.69924607727947,135.23220283641277,136.28518676757812,19654000
2021-10-14 00:00:00-04:00,138.1593012632748,140.00523062194034,137.51641675537215,139.82049560546875,31894000
2021-10-15 00:00:00-04:00,140.2796283145094,140.3821530750547,139.42823295670377,140.0354461669922,30274000
2021-10-18 00:00:00-04:00,139.74672063679765,141.4500103351122,139.7397828702763,141.4321746826172,20396000
2021-10-19 00:00:00-04:00,142.03590438610263,142.30832126285318,141.25583655099084,141.88682556152344,20164000
2021-10-20 00:00:00-04:00,141.9869044494379,142.1929515962264,140.04389134259256,140.4326934814453,23288000
2021-10-21 00:00:00-04:00,140.4326824733916,140.81604319627527,139.1756468498999,140.548583984375,26292000
2021-10-22 00:00:00-04:00,137.83836064745896,139.25785180366452,134.77353061581803,136.26979064941406,50588000
2021-10-25 00:00:00-04:00,136.2534694690779,136.69922478778497,134.14750193472992,136.1514434814453,34412000
2021-10-26 00:00:00-04:00,137.95080257189426,138.7625665768636,137.0008424939082,137.99537658691406,49236000
2021-10-27 00:00:00-04:00,138.0909489197362,147.24879949661485,138.0909489197362,144.8392333984375,85782000
2021-10-28 00:00:00-04:00,145.74760253688694,145.77087957264158,143.26373121245243,144.47421264648438,36206000
2021-10-29 00:00:00-04:00,143.71050193740845,146.84467961742357,143.28604362604932,146.65052795410156,43320000
2021-11-01 00:00:00-04:00,146.65049476789736,146.65049476789736,141.87542297796065,142.1443634033203,46924000
2021-11-02 00:00:00-04:00,143.2167042160869,145.22706960553992,142.97500087453776,144.06166076660156,33482000
2021-11-03 00:00:00-04:00,144.52523624092677,145.28650117069887,143.22808554087496,145.21617126464844,27494000
2021-11-04 00:00:00-04:00,145.73768752512296,148.32210355915961,144.92888610521643,146.8699188232422,38412000
2021-11-05 00:00:00-04:00,147.76341051453076,148.91049982568654,146.80008886811825,147.44891357421875,38354000
2021-11-08 00:00:00-05:00,148.4127275313217,149.19528935553726,147.03137153960657,147.626220703125,23052000
2021-11-09 00:00:00-05:00,147.8263354686144,148.422167196909,145.85706777321636,147.51480102539062,19530000
2021-11-10 00:00:00-05:00,146.1096586376128,146.6742930482063,143.17508933638337,144.51829528808594,29970000
2021-11-11 00:00:00-05:00,145.10869397753137,146.144839595857,144.22806618195017,144.3925018310547,16518000
2021-11-12 00:00:00-05:00,145.23349148333662,147.4469412284045,144.04034683138687,147.27655029296875,22360000
2021-11-15 00:00:00-05:00,147.49697791828982,148.13986257214947,146.1839714501009,147.05270385742188,23508000
2021-11-16 00:00:00-05:00,146.75303721658253,147.36025044711448,145.92392127932118,146.48211669921875,18904000
2021-11-17 00:00:00-05:00,146.63218759828888,147.15917066321168,145.85211965055908,146.65150451660156,19594000
2021-11-18 00:00:00-05:00,146.84418530798982,149.16114250750712,146.49055568916586,148.42613220214844,35608000
2021-11-19 00:00:00-05:00,148.56182849438522,149.5434998037264,147.49548317893243,147.52272033691406,33682000
2021-11-22 00:00:00-05:00,147.92489515967466,148.4172045095236,144.76991940785044,144.92295837402344,30594000
2021-11-23 00:00:00-05:00,144.77538788745673,145.2776127448071,142.75660327261244,144.4078826904297,27218000
2021-11-24 00:00:00-05:00,144.10227001877251,144.87095645122443,143.0121488357991,144.74267578125,18040000
2021-11-26 00:00:00-05:00,142.9878736557524,143.19490326925998,140.5054983534825,140.84278869628906,30470000
2021-11-29 00:00:00-05:00,142.64264622326615,144.91849043687807,142.53714381167404,144.15872192382812,32596000
2021-11-30 00:00:00-05:00,143.64166614265122,144.62382122707982,140.26678242012085,140.55999755859375,42068000
2021-12-01 00:00:00-05:00,142.6426635104405,144.5747786828492,139.58377337669666,139.72195434570312,34020000
2021-12-02 00:00:00-05:00,139.91856472972714,142.50842215106744,138.89281831208532,141.61839294433594,29194000
2021-12-03 00:00:00-05:00,142.32668327067537,143.03890027570796,138.9785378288507,140.6630096435547,41230000
2021-12-06 00:00:00-05:00,141.69219562959748,142.49653820256228,138.8289386103009,141.8056182861328,30618000
2021-12-07 00:00:00-05:00,144.22409805259204,146.14037256639585,143.8585729968473,145.88133239746094,32240000
2021-12-08 00:00:00-05:00,146.20525307367103,146.9942539766536,145.0259839079488,146.78968811035156,24270000
2021-12-09 00:00:00-05:00,146.1998038220425,147.69458257877415,145.72829267560041,146.24685668945312,23270000
2021-12-10 00:00:00-05:00,147.2983475495059,147.57322820089257,145.32115971227452,146.60643005371094,24458000
2021-12-13 00:00:00-05:00,146.38849352115918,146.57522371786737,144.1458417908545,144.45193481445312,27070000
2021-12-14 00:00:00-05:00,142.6109361906856,143.11810346460078,139.88388049756273,142.55050659179688,38446000
2021-12-15 00:00:00-05:00,142.057220419799,145.33799793275747,140.3425340803802,145.06063842773438,36370000
2021-12-16 00:00:00-05:00,145.78326939220364,146.2849953541412,142.25335200656264,143.08346557617188,33650000
2021-12-17 00:00:00-05:00,141.1568032286509,142.47872745262327,139.9681173823491,140.3891143798828,50416000
2021-12-20 00:00:00-05:00,138.6803545036419,140.43813355928052,138.0077539378615,140.27220153808594,27192000
2021-12-21 00:00:00-05:00,140.71450164649497,142.5128946761984,139.17812644459522,142.12013244628906,28756000
2021-12-22 00:00:00-05:00,141.71894670487805,145.1190870300756,141.71894670487805,145.03488159179688,26322000
2021-12-23 00:00:00-05:00,145.1190840665869,146.84614951123285,145.07153240558975,145.5316619873047,26384000
2021-12-27 00:00:00-05:00,145.86796324695013,146.9457052312204,145.78227653939464,146.5123291015625,15976000
2021-12-28 00:00:00-05:00,146.8387472271471,146.90115690740393,144.67782149510623,145.30435180664062,18200000
2021-12-29 00:00:00-05:00,145.26221443419607,146.02743941952565,144.27461818483408,145.27261352539062,17788000
2021-12-30 00:00:00-05:00,145.31126625234555,145.91155689259517,144.61836625158207,144.82241821289062,15688000
2021-12-31 00:00:00-05:00,144.67332366033148,145.3157093947341,143.4866180419922,143.4866180419922,18136000
2022-01-03 00:00:00-05:00,143.68769497903742,144.47619703135243,142.35834947327606,143.6248016357422,28646000
2022-01-04 00:00:00-05:00,144.02547327559515,145.1042126846341,142.36181523730556,143.0383758544922,28400000
2022-01-05 00:00:00-05:00,143.0587024090049,143.13745135306127,136.3901632285162,136.47633361816406,54618000
2022-01-06 00:00:00-05:00,135.7071485529665,138.62091962175828,135.27129360084805,136.44908142089844,37348000
2022-01-07 00:00:00-05:00,136.84332084249846,137.14347368557924,134.48674768484292,135.7254638671875,29760000
2022-01-10 00:00:00-05:00,133.8047579348391,137.51099140949978,131.90929663777965,137.36239624023438,44408000
2022-01-11 00:00:00-05:00,136.70614733101905,138.89432489527653,135.4040389194939,138.41883850097656,28730000
2022-01-12 00:00:00-05:00,139.81952326901038,141.26378799505596,139.36832657676754,140.09738159179688,26108000
2022-01-13 00:00:00-05:00,140.20586942145763,141.5035343552344,137.10438478194067,137.2807159423828,31436000
2022-01-14 00:00:00-05:00,135.7869032841477,139.41538580331004,135.70717186275306,138.165771484375,29662000
2022-01-18 00:00:00-05:00,134.89141323912568,135.8388944592343,134.1618595013737,134.71607971191406,34872000
2022-01-19 00:00:00-05:00,135.2366462750776,136.65911532585005,133.74286483474455,133.84291076660156,28648000
2022-01-20 00:00:00-05:00,134.96571815865502,136.3287551036395,131.7111798903732,132.0509490966797,29908000
2022-01-21 00:00:00-05:00,131.34367390126937,133.59424596274727,128.86030124010927,129.122802734375,55652000
2022-01-24 00:00:00-05:00,124.79053071235748,129.96628601137778,123.32646545512321,129.571044921875,76622000
2022-01-25 00:00:00-05:00,127.52650408806734,128.17928897797395,125.30811164753264,125.73851013183594,46960000
2022-01-26 00:00:00-05:00,129.8830553886259,131.7463215282663,125.9435382450709,128.01483154296875,49130000
2022-01-27 00:00:00-05:00,130.06632706054074,131.40211160207753,127.71717517752967,127.78900146484375,31950000
2022-01-28 00:00:00-05:00,128.43680947092184,132.09946589896228,127.27387977912171,132.09400939941406,34362000
2022-01-31 00:00:00-05:00,132.8974020956584,134.19604930787796,130.96330681145255,134.02813720703125,39986000
2022-02-01 00:00:00-05:00,136.29752469047622,136.49415519096547,133.1019351922104,136.3465576171875,68644000
2022-02-02 00:00:00-05:00,149.8242998123169,150.11799855990103,144.15079454769148,146.6049346923828,123200000
2022-02-03 00:00:00-05:00,144.33208137122566,148.26416246033293,141.32072802834824,141.74122619628906,71518000
2022-02-04 00:00:00-05:00,142.0923982148257,143.50941059648488,139.19050728126922,141.94232177734375,57998000
2022-02-07 00:00:00-05:00,142.89032090032345,142.89032090032345,137.59074316063516,137.888916015625,54974000
2022-02-08 00:00:00-05:00,137.71603558970185,138.68035486899515,135.72250851145188,138.08502197265625,54284000
2022-02-09 00:00:00-05:00,139.6347846354997,141.18107530667282,138.8655994195183,140.25735473632812,40144000
2022-02-10 00:00:00-05:00,138.38665259987917,140.15085547320035,136.65660953339068,137.3133544921875,39330000
2022-02-11 00:00:00-05:00,137.29357797469913,137.8448206179195,132.14258050012307,133.0167694091797,39958000
2022-02-14 00:00:00-05:00,132.00042669980434,135.01524150081954,132.00042669980434,134.24853515625,34302000
2022-02-15 00:00:00-05:00,136.27375391882413,136.8066922748942,134.54124703407226,135.32083129882812,26680000
2022-02-16 00:00:00-05:00,135.35846364202985,136.7843937626377,133.6521963761595,136.43968200683594,25022000
2022-02-17 00:00:00-05:00,134.95873761606103,135.8210307477364,131.22972679175865,131.28965759277344,38950000
2022-02-18 00:00:00-05:00,132.20892681142413,132.80625486592996,128.96926212956205,129.17381286621094,45620000
2022-02-22 00:00:00-05:00,128.61413377590594,130.934551968721,127.01485025120279,128.58987426757812,44990000
2022-02-23 00:00:00-05:00,130.40757990733792,130.80628231511255,126.32542227304695,126.3853530883789,32786000
2022-02-24 00:00:00-05:00,123.77567056062922,131.74632433141673,123.77567056062922,131.4402313232422,54456000
2022-02-25 00:00:00-05:00,132.29311543596697,133.99640480515075,130.50958076102134,133.1920623779297,36406000
2022-02-28 00:00:00-05:00,131.79588020023658,134.47190837481307,131.34268834077528,133.78396606445312,38864000
2022-03-01 00:00:00-05:00,133.6071366345848,134.9711560163724,131.9627951950794,132.79783630371094,26496000
2022-03-02 00:00:00-05:00,133.35899498471252,133.98750520472257,131.81716337457922,133.3030242919922,23520000
2022-03-03 00:00:00-05:00,134.72795489655672,135.15341075297445,131.7715899019404,132.63735961914062,24604000
2022-03-04 00:00:00-05:00,131.67451892195976,132.5898052248612,129.10892100654087,130.6631317138672,30430000
2022-03-07 00:00:00-05:00,130.24861415155377,130.49328002986726,125.1045544925342,125.18727111816406,45112000
2022-03-08 00:00:00-05:00,125.05998008924574,130.01285058782975,124.48990421117998,125.90642547607422,40428000
2022-03-09 00:00:00-05:00,130.01282521138089,132.47490076693822,128.6760431854183,132.16236877441406,37026000
2022-03-10 00:00:00-05:00,130.02868267785485,132.01577069786407,129.6785144341432,131.18121337890625,27102000
2022-03-11 00:00:00-05:00,132.23022456027405,132.53433753192874,128.4095861869589,128.64633178710938,31526000
2022-03-14 00:00:00-04:00,129.02226764588673,129.17976553119664,124.09416334902737,124.76378631591797,38812000
2022-03-15 00:00:00-04:00,125.7791157667184,128.63049231232975,124.53544938703808,127.98017120361328,30920000
2022-03-16 00:00:00-04:00,129.50069760013957,132.07618063613359,127.52103109296921,132.02418518066406,35576000
2022-03-17 00:00:00-04:00,131.89393987458052,132.81666282246127,130.93902206243152,132.5774383544922,28264000
2022-03-18 00:00:00-04:00,132.16683250009095,134.9597594793248,131.01182292044092,134.84237670898438,44566000
2022-03-21 00:00:00-04:00,134.88004612606667,135.75819522062406,132.8285678332029,134.81863403320312,26832000
2022-03-22 00:00:00-04:00,134.81862924241636,139.72048699983432,134.81862924241636,138.54962158203125,35496000
2022-03-23 00:00:00-04:00,137.39509925472657,138.2727494521605,136.53578350471344,136.9721221923828,25154000
2022-03-24 00:00:00-04:00,137.88789810464644,140.28410290416335,136.45206761789734,140.237548828125,26396000
2022-03-25 00:00:00-04:00,140.57830645229447,140.69618802841327,138.42034355673357,140.3376007080078,24126000
2022-03-28 00:00:00-04:00,139.57238537233414,140.66400300337222,138.4936456884533,140.12216186523438,35050000
2022-03-29 00:00:00-04:00,141.30292164446877,142.4381156620189,140.6996533281546,141.16224670410156,34318000
2022-03-30 00:00:00-04:00,141.11718519835287,141.37522780253792,140.26529091446844,140.60060119628906,19884000
2022-03-31 00:00:00-04:00,140.71400046777697,140.7684898968639,137.71405887609035,137.75665283203125,37524000
2022-04-01 00:00:00-04:00,138.18508660352754,139.1469271597936,137.00382215545176,138.82945251464844,25942000
2022-04-04 00:00:00-04:00,139.03549416177395,142.35738462904985,138.98794249570614,141.6238555908203,25942000
2022-04-05 00:00:00-04:00,141.5223358074646,141.64268113011158,139.05927727293317,139.26580810546875,21418000
2022-04-06 00:00:00-04:00,137.44213448492033,138.0468839879228,134.23960723680352,135.26089477539062,32468000
2022-04-07 00:00:00-04:00,134.72795027720932,135.87157824028196,132.96225109677235,134.60760498046875,26234000
2022-04-08 00:00:00-04:00,134.30549126521612,134.39117797517184,131.71217218120978,132.03114318847656,25142000
2022-04-11 00:00:00-04:00,130.58093686472841,130.84739849692966,127.45567701767428,127.60921478271484,36884000
2022-04-12 00:00:00-04:00,130.35954686473357,130.35954686473357,125.59389066736169,126.51066589355469,32710000
2022-04-13 00:00:00-04:00,126.79345728334249,129.10545636823446,126.53689598688813,128.6696014404297,27928000
2022-04-14 00:00:00-04:00,129.24961528064816,129.24961528064816,125.40766436187617,125.53545379638672,31598000
2022-04-18 00:00:00-04:00,125.80290070747127,127.00396566233613,124.99261037205467,126.4730224609375,20808000
2022-04-19 00:00:00-04:00,126.48786373209683,129.10445946368372,125.8023852699178,128.7835235595703,26490000
2022-04-20 00:00:00-04:00,129.65822161720206,130.16044642749011,126.29819600919008,126.83309936523438,31696000
2022-04-21 00:00:00-04:00,128.03170056259026,128.87219820018547,123.35272078585082,123.63800811767578,36446000
2022-04-22 00:00:00-04:00,123.82174859752627,124.21995976423477,117.8040146386784,118.5078125,56884000
2022-04-25 00:00:00-04:00,117.97835957782225,122.11549058545957,117.39392450746956,121.91390991210938,46128000
2022-04-26 00:00:00-04:00,121.14176417431584,121.35523276783128,117.39392647415147,117.5316162109375,73054000
2022-04-27 00:00:00-04:00,113.39050136160769,116.13686670418976,111.67384258767316,113.21715545654297,91820000
2022-04-28 00:00:00-04:00,115.31767859411205,118.52168744721978,113.03935526290716,117.40531158447266,48884000
2022-04-29 00:00:00-04:00,115.63416187311658,116.80848848076448,112.74168750254856,113.03390502929688,42676000
2022-05-02 00:00:00-04:00,112.336047043813,115.64505948132707,111.53863464466028,115.48409271240234,35534000
2022-05-03 00:00:00-04:00,115.33302506917498,117.32556979563245,114.94076162538525,116.22801208496094,24968000
2022-05-04 00:00:00-04:00,115.92835986523224,121.69647018478724,114.03091100326057,121.10856628417969,49916000
2022-05-05 00:00:00-04:00,119.07095756816793,119.89808593817084,113.92145713876644,115.40731811523438,45840000
2022-05-06 00:00:00-04:00,114.09877271953016,116.46327388916288,112.94079298131821,114.65547180175781,39710000
2022-05-09 00:00:00-04:00,112.18251024510543,113.99229246586657,110.94479148642294,111.45047760009766,40802000
2022-05-10 00:00:00-04:00,114.41871263624597,115.15421404762351,111.83628428291259,113.31669616699219,39900000
2022-05-11 00:00:00-04:00,112.16912984325442,115.26764350397949,112.16912984325442,112.53167724609375,37534000
2022-05-12 00:00:00-04:00,110.32765836329241,113.21765378291165,108.7892955470922,111.78033447265625,53836000
2022-05-13 00:00:00-04:00,113.45340618375492,116.76390724826179,112.53415970229025,114.95660400390625,35038000
2022-05-16 00:00:00-04:00,113.87192754882359,115.07498009851662,112.8159813449991,113.36624145507812,25990000
2022-05-17 00:00:00-04:00,115.73916596158637,115.79810674936266,113.78724265802168,115.37512969970703,23054000
2022-05-18 00:00:00-04:00,113.91600305749868,114.31223414484674,110.50396737393191,110.8447265625,35126000
2022-05-19 00:00:00-04:00,110.38115567097562,111.94477566233903,108.96314565159634,109.3435287475586,34144000
2022-05-20 00:00:00-04:00,110.89573972784942,111.12605391287045,104.79925712239785,107.88142395019531,48962000
2022-05-23 00:00:00-04:00,108.55452759041016,111.09039456188339,107.71600254425863,110.4371109008789,37184000
2022-05-24 00:00:00-04:00,104.77499864935818,105.45502825992726,100.92413760249049,104.97113037109375,76780000
2022-05-25 00:00:00-04:00,103.99589911328695,105.49612682309936,102.87754328812014,104.80767822265625,40258000
2022-05-26 00:00:00-04:00,104.68089790507406,107.62537539755519,104.23315497933007,106.77645874023438,37948000
2022-05-27 00:00:00-04:00,108.45100981416809,111.25928606467275,108.1097518272752,111.25779724121094,37914000
2022-05-31 00:00:00-04:00,111.68374363227105,114.64407635149765,111.02204096124585,112.6896743774414,50012000
2022-06-01 00:00:00-04:00,113.77238639007433,115.99770912994168,112.18251170681881,112.8184585571289,36606000
2022-06-02 00:00:00-04:00,112.92542707356598,116.78816808605261,111.8818601072899,116.51377868652344,37992000
2022-06-03 00:00:00-04:00,114.9684844405739,115.22504574352156,112.44846568294494,113.4613265991211,26136000
2022-06-06 00:00:00-04:00,115.60444886318548,118.22204263439792,115.06904672687631,115.7193603515625,33542000
2022-06-07 00:00:00-04:00,114.39198315815538,116.58164964382146,113.96752484797211,116.04524993896484,31590000
2022-06-08 00:00:00-04:00,115.6608989926276,117.45285297012651,115.50092226538834,116.08932495117188,26108000
2022-06-09 00:00:00-04:00,115.23099254159975,117.18391328926909,113.69411860375493,113.75305938720703,25798000
2022-06-10 00:00:00-04:00,111.38508022529972,112.21121848284413,109.32567475991927,110.11367797851562,41452000
2022-06-13 00:00:00-04:00,105.77992416332314,107.76602221273737,105.11872028376786,105.38964080810547,47252000
2022-06-14 00:00:00-04:00,105.53079987627487,106.90719827486238,104.80272741507743,105.7095947265625,33706000
2022-06-15 00:00:00-04:00,107.52185574417723,110.37322494977526,106.65461223598331,108.72986602783203,39698000
2022-06-16 00:00:00-04:00,106.21034141935115,107.62438376681095,104.14697548134566,105.0340347290039,51684000
2022-06-17 00:00:00-04:00,105.03402250297012,107.67489298903801,104.05582771449916,106.13356018066406,51376000
2022-06-21 00:00:00-04:00,107.90272658856365,111.42917514346335,107.57633415067775,110.49258422851562,47416000
2022-06-22 00:00:00-04:00,109.51440602670822,112.27810104636315,109.34204257046585,110.43663024902344,30774000
2022-06-23 00:00:00-04:00,111.17361427351027,111.67979920345891,109.45893530681374,111.18401336669922,28362000
2022-06-24 00:00:00-04:00,111.9299067523176,116.96598437616667,111.88780403394424,116.86296081542969,41164000
2022-06-27 00:00:00-04:00,117.15815754971578,117.46176417834405,114.0938111747087,114.74165344238281,36420000
2022-06-28 00:00:00-04:00,114.71094784953131,116.20374667239821,110.7937245115218,110.95172119140625,35792000
2022-06-29 00:00:00-04:00,110.50051652384064,112.0938524988512,109.82741711494367,110.64860534667969,24716000
2022-06-30 00:00:00-04:00,108.96313316946271,109.84276331000032,105.74376787127404,107.93590545654297,43170000
2022-07-01 00:00:00-04:00,106.91561099098628,108.22019814218504,105.72444648559853,107.71253204345703,35476000
2022-07-05 00:00:00-04:00,106.09097052516007,112.30830502629904,104.73487148190064,112.19538116455078,39342000
2022-07-06 00:00:00-04:00,112.2340168911837,114.49995339678294,110.42522478314434,113.4920425415039,37432000
2022-07-07 00:00:00-04:00,113.99526196361097,118.06602306558507,113.75108733780583,117.6633529663086,40936000
2022-07-08 00:00:00-04:00,116.14479715482749,118.55684233619526,115.7995790452909,118.22846984863281,38238000
2022-07-11 00:00:00-04:00,116.88575614827931,116.88575614827931,114.24339658286063,114.58613586425781,31196000
2022-07-12 00:00:00-04:00,115.1195505184911,115.87139882340728,112.61835728538988,112.94573974609375,29960000
2022-07-13 00:00:00-04:00,110.64810696160987,113.11959190510474,110.15331873670166,110.30388641357422,43722000
2022-07-14 00:00:00-04:00,109.17165351215847,110.04583472550598,107.35147235760216,109.3271713256836,37004000
2022-07-15 00:00:00-04:00,110.9447897246164,112.0740435098507,109.85466101364264,110.72388458251953,46770000
2022-07-18 00:00:00-04:00,111.57824602434704,112.60844381063112,107.34849870061805,108.00227355957031,43164600
2022-07-19 00:00:00-04:00,109.80512272878235,112.94524039032943,108.52728140447425,112.73722076416016,36530900
2022-07-20 00:00:00-04:00,112.10324795723943,114.3122311092459,111.41975709613077,112.82637023925781,35600400
2022-07-21 00:00:00-04:00,113.20281314735693,113.47027240121476,110.06269489193402,113.26224517822266,32676200
2022-07-22 00:00:00-04:00,109.95372811171639,111.28109381448324,105.49614453961978,106.88294982910156,48901200
2022-07-25 00:00:00-04:00,107.38813065775187,108.83436778668157,105.29801891918392,106.49661254882812,34690900
2022-07-26 00:00:00-04:00,105.59519150485441,106.1895344193416,103.08904038448871,104.03008270263672,47991000
2022-07-27 00:00:00-04:00,108.23011657455983,112.83628715279444,106.99189908350105,111.99429321289062,59858500
2022-07-28 00:00:00-04:00,111.31080355662644,113.26222799633648,110.40937758534383,113.14336395263672,32816600
2022-07-29 00:00:00-04:00,112.01410659400565,115.60988739252207,111.99429088237237,115.22356414794922,37223400
2022-08-01 00:00:00-04:00,114.21319112150867,115.61980446035776,113.26223338181438,113.77733612060547,26034300
2022-08-02 00:00:00-04:00,112.92543862061498,115.25328606314042,112.64807910337518,114.04478454589844,20236000
2022-08-03 00:00:00-04:00,114.61933182735243,117.50190617706465,114.39150400933967,116.96699523925781,28499000
2022-08-04 00:00:00-04:00,116.37262877941384,117.66037035567156,115.78818623003248,117.07593536376953,21602900
2022-08-05 00:00:00-04:00,115.1344147097478,116.99669103407605,114.90657937362977,116.36272430419922,19159500
2022-08-08 00:00:00-04:00,117.27405799513392,119.01747039195752,115.77828910409572,116.1943359375,19138300
2022-08-09 00:00:00-04:00,116.03583449031639,116.21413810759837,114.6193134078761,115.5306396484375,19086500
2022-08-10 00:00:00-04:00,117.6603672414906,119.7801947938587,117.2938597333812,118.57169342041016,30930400
2022-08-11 00:00:00-04:00,120.13681346327724,120.34483309629736,117.44245097514634,117.71981048583984,24293700
2022-08-12 00:00:00-04:00,119.12644474223903,120.5330581665039,118.33398243019873,120.5330581665039,19096300
2022-08-15 00:00:00-04:00,119.98822567992796,121.14720300149365,119.47313052616087,120.92927551269531,19494800
2022-08-16 00:00:00-04:00,120.37456043569799,121.27598648776612,119.50285795469851,120.55286407470703,19041200
2022-08-17 00:00:00-04:00,118.98775310554484,120.1467228864073,118.25472289488862,118.42312622070312,22847000
2022-08-18 00:00:00-04:00,118.30425456881134,119.68115184104835,117.60094792710956,119.03727722167969,17987700
2022-08-19 00:00:00-04:00,117.93773149063666,118.02688707558907,115.65941595128955,116.10517120361328,21809500
2022-08-22 00:00:00-04:00,114.11413536597259,114.54008253899451,112.77686181822305,113.1631851196289,21456600
2022-08-23 00:00:00-04:00,112.4103430162746,113.92592005634819,112.36081129232605,112.78675842285156,15870400
2022-08-24 00:00:00-04:00,112.43015094510808,113.6980844778473,111.80609203500424,112.61836242675781,17734600
2022-08-25 00:00:00-04:00,113.16315885876524,115.61978542650743,113.0343869740066,115.55044555664062,16956800
2022-08-26 00:00:00-04:00,113.63865345731685,114.03488457916195,109.15135432931017,109.29993438720703,37245700
2022-08-29 00:00:00-04:00,108.95323774657922,109.90418792858209,107.77445976504953,108.38861083984375,21191200
2022-08-30 00:00:00-04:00,109.13153347611065,109.4584247030461,106.78387798216265,107.91313171386719,27513300
2022-08-31 00:00:00-04:00,109.60701580275753,109.80512758191875,107.11076506343836,107.19992065429688,28627000
2022-09-01 00:00:00-04:00,107.25935968056825,109.40890361050023,106.34803334494922,108.70559692382812,28360900
2022-09-02 00:00:00-04:00,109.54757518879592,109.69616280050401,106.24896950777163,106.83340454101562,24160700
2022-09-06 00:00:00-04:00,106.28860176725996,107.01171661320059,104.78292493403374,105.80321502685547,25068300
2022-09-07 00:00:00-04:00,106.05084848113617,108.94333026280533,105.89236057332785,108.41831970214844,23167000
2022-09-08 00:00:00-04:00,107.02162214412529,108.56691525636909,106.14991969368934,107.35841369628906,24238300
2022-09-09 00:00:00-04:00,108.04189370090029,109.94379375275255,107.9923619834908,109.60700225830078,23197700
2022-09-12 00:00:00-04:00,109.94379721844312,110.56786362456725,108.89379128207831,109.81502532958984,22966800
2022-09-13 00:00:00-04:00,106.78387045172992,107.27915740640867,103.10883459743195,103.336669921875,38172900
2022-09-14 00:00:00-04:00,103.58432204615924,104.28762867361574,102.68290364328506,104.01026916503906,26395100
2022-09-15 00:00:00-04:00,103.04940223237112,104.27771175972158,101.3852377679857,101.9399642944336,34188300
2022-09-16 00:00:00-04:00,101.10787899994078,102.15788492935164,99.9885331989175,101.83100128173828,42797200
2022-09-19 00:00:00-04:00,100.79090754857049,102.3560163297047,100.59279576557026,102.09846496582031,23036800
2022-09-20 00:00:00-04:00,101.11779510985505,101.40506247498007,99.57249454030391,100.18665313720703,26517100
2022-09-21 00:00:00-04:00,100.71165611559576,101.91024974095512,98.33427701945793,98.34418487548828,31487300
2022-09-22 00:00:00-04:00,97.88851058981584,100.28569756734774,97.85879458259106,99.1960678100586,34298600
2022-09-23 00:00:00-04:00,98.69089070275186,98.72061427278281,96.55125466682168,97.80928039550781,31625400
2022-09-26 00:00:00-04:00,97.17531191386047,98.93853249770274,96.87814423603862,97.2446517944336,27072700
2022-09-27 00:00:00-04:00,98.49277122014274,99.0573980869391,95.95690424751061,96.58096313476562,30072800
2022-09-28 00:00:00-04:00,96.72956933013916,99.75081601784053,96.19465837078809,99.10694885253906,32466300
2022-09-29 00:00:00-04:00,97.71021809479579,97.71021809479579,95.05547949044494,96.50171661376953,31047200
2022-09-30 00:00:00-04:00,96.13521832147143,97.96777887388245,94.65925748807376,94.7484130859375,32941500
2022-10-03 00:00:00-04:00,95.84793642347994,98.35408727916217,95.61019323680982,97.71021270751953,27982000
2022-10-04 00:00:00-04:00,99.49326750352496,100.88006523212398,99.43382791695585,100.68195343017578,28850800
2022-10-05 00:00:00-04:00,98.88899830659031,100.96920207041116,97.86870835694118,100.47391510009766,22176900
2022-10-06 00:00:00-04:00,99.7310046577192,101.95979647138323,99.64184905528255,100.46402740478516,22324000
2022-10-07 00:00:00-04:00,98.90881723510454,99.58240789041014,97.37343199435752,97.74984741210938,27502800
2022-10-10 00:00:00-04:00,98.06683009651893,98.1658859891608,96.09558987026921,96.93757629394531,18225100
2022-10-11 00:00:00-04:00,96.51162818804231,98.31447262301143,95.40218255210743,96.26398468017578,26507100
2022-10-12 00:00:00-04:00,96.3828523219572,97.81918158553775,95.82812574805676,96.64039611816406,21876400
2022-10-13 00:00:00-04:00,94.25311840728581,98.83947334531618,93.49037218865715,98.12625885009766,34574500
2022-10-14 00:00:00-04:00,99.04748737926585,99.74089368039773,95.46161450854994,95.64981842041016,25410700
2022-10-17 00:00:00-04:00,97.92815683860054,99.97864493812595,97.8984408245826,99.02769470214844,28419200
2022-10-18 00:00:00-04:00,102.1579078464767,102.49470698234794,99.0276975090124,99.82015228271484,24060700
2022-10-19 00:00:00-04:00,99.06730275919794,100.06777700633921,97.98757322485923,98.69087982177734,23811100
2022-10-20 00:00:00-04:00,99.05741071616639,101.35554234248221,98.45315990619932,99.02769470214844,25323200
2022-10-21 00:00:00-04:00,96.92766115141708,100.35504617005535,96.79888925641042,100.17674255371094,32458700
2022-10-24 00:00:00-04:00,100.84044292323848,101.78148526277319,99.03759842574941,101.55364990234375,27176400
2022-10-25 00:00:00-04:00,101.930061923768,103.83196211183454,101.75175830879428,103.49517059326172,40611400
2022-10-26 00:00:00-04:00,95.52106321446476,97.38333984952061,93.79746635236621,94.03520202636719,88114100
2022-10-27 00:00:00-04:00,93.62904644695233,94.53047236921812,90.9346916507101,91.3507308959961,60710900
2022-10-28 00:00:00-04:00,91.40025834019883,95.63992134750747,91.2615785867917,95.38236999511719,43697300
2022-10-31 00:00:00-04:00,94.52057434230903,95.12482511935792,93.09415284479122,93.61915588378906,31675000
2022-11-01 00:00:00-04:00,94.55027964071681,95.12481434026306,89.51816976437351,89.61722564697266,47161400
2022-11-02 00:00:00-04:00,90.08281078119961,90.32054644833656,86.06107480911312,86.15023040771484,57038300
2022-11-03 00:00:00-04:00,85.50635121846325,85.70446300437007,82.55443724057845,82.64359283447266,61288000
2022-11-04 00:00:00-04:00,84.59502310696469,85.82333277984429,82.9209505890823,85.76390075683594,51124900
2022-11-07 00:00:00-05:00,86.45730530667177,88.06203805206351,86.03135814596484,87.65589904785156,34078900
2022-11-08 00:00:00-05:00,88.06204223632812,89.46865569620269,86.76438497857373,88.06204223632812,30429000
2022-11-09 00:00:00-05:00,87.61625584851684,88.59692942198522,86.45728623348572,86.49691009521484,31769100
2022-11-10 00:00:00-05:00,91.38045474487578,93.50028257555145,90.74648796696232,93.05452728271484,51620100
2022-11-11 00:00:00-05:00,93.79745509098437,96.01633874938153,93.03470887381417,95.5012435913086,33090500
2022-11-14 00:00:00-05:00,94.19367711771467,95.87765743584981,93.61914994697848,94.79792785644531,30179500
2022-11-15 00:00:00-05:00,97.33380422522976,99.19608064116606,95.79841148852762,97.5121078491211,41640800
2022-11-16 00:00:00-05:00,96.9772010829533,98.70079781521773,96.71964971365578,97.91824340820312,29105200
2022-11-17 00:00:00-05:00,96.0559715648573,98.34419531457297,95.87766792478331,97.43286895751953,26052600
2022-11-18 00:00:00-05:00,97.8389772895635,97.96775672875889,95.46160606030459,96.51161193847656,28342300
2022-11-21 00:00:00-05:00,96.37294018625333,97.47247787174473,94.46113216672569,94.69886779785156,21647400
2022-11-22 00:00:00-05:00,95.04556315903618,96.30359625053846,93.16347878557339,96.13520050048828,23438500
2022-11-23 00:00:00-05:00,96.17483219901126,97.82909662876517,96.17483219901126,97.53192138671875,18868100
2022-11-25 00:00:00-05:00,97.31397483931404,97.71020589867385,96.48189641638942,96.54132843017578,9701400
2022-11-28 00:00:00-05:00,96.12528881346951,96.66019960772836,94.70876788352817,95.14462280273438,26237500
2022-11-29 00:00:00-05:00,94.82765839860214,95.21398167866465,93.22292569547149,94.2927474975586,20061700
2022-11-30 00:00:00-05:00,93.92622347217593,100.08759477077614,93.52999237293703,100.0380630493164,43647500
2022-12-01 00:00:00-05:00,100.06777905920039,101.28618836680111,99.30504042808617,100.0380630493164,28687100
2022-12-02 00:00:00-05:00,98.11635082720889,99.82013163918121,97.96776322615591,99.49324798583984,21480700
2022-12-05 00:00:00-05:00,98.46305725876209,100.42438954950684,98.0668261466735,98.54230499267578,24405100
2022-12-06 00:00:00-05:00,98.36399581432345,98.83946707599033,95.51113801440432,96.06586456298828,24910700
2022-12-07 00:00:00-05:00,95.50125782560606,95.966821329755,93.8271850867615,94.04511260986328,31045400
2022-12-08 00:00:00-05:00,94.48093971104322,94.67905903360328,92.56913170384522,92.8266830444336,32213300
2022-12-09 00:00:00-05:00,92.8861287032563,93.37151544670037,91.8757464609982,91.95499420166016,28225400
2022-12-12 00:00:00-05:00,91.83610759648849,92.67809392047832,90.74647779147345,92.43045043945312,29420000
2022-12-13 00:00:00-05:00,96.83851164366295,98.59182421305074,94.13424142996912,94.72858428955078,40593700
2022-12-14 00:00:00-05:00,94.3026381663495,95.95690242669573,92.71772133852875,94.17386627197266,28733600
2022-12-15 00:00:00-05:00,92.25216279887749,92.75735770370802,89.1615764575156,90.0035629272461,40107000
2022-12-16 00:00:00-05:00,89.90450487035997,90.46913178897229,88.67618757997353,89.40921783447266,58011800
2022-12-19 00:00:00-05:00,89.4092134382398,89.70638111067228,87.37853366795777,87.60636901855469,29493000
2022-12-20 00:00:00-05:00,87.27948209800233,88.33939605285829,86.61579928348552,88.18090057373047,23453800
2022-12-21 00:00:00-05:00,88.24033919007738,89.36959301530564,87.48750078743176,88.73562622070312,24745600
2022-12-22 00:00:00-05:00,87.32899319272381,87.70540853050193,85.50633340076772,86.9327621459961,27658300
2022-12-23 00:00:00-05:00,86.28889654155903,88.70589937421238,86.24927267705067,88.388916015625,23003000
2022-12-27 00:00:00-05:00,87.96298976466042,88.10166954456456,86.18986108447906,86.56627655029297,20097300
2022-12-28 00:00:00-05:00,86.16014054796655,87.2101467000031,85.12994255309941,85.20918273925781,19523200
2022-12-29 00:00:00-05:00,85.8035271991899,88.01250310538757,85.79361934256455,87.61627197265625,23333500
2022-12-30 00:00:00-05:00,86.16013598837714,87.46769345930478,85.75399699182971,87.39835357666016,23986300
2023-01-03 00:00:00-05:00,88.7455317496589,90.19177661489522,87.68561774395883,88.27996826171875,28131200
2023-01-04 00:00:00-05:00,89.49836324025155,89.79553847603304,86.44739337515158,87.24976348876953,34854800
2023-01-05 00:00:00-05:00,86.64550724695111,86.74456313346334,85.09030640052188,85.3874740600586,27194400
2023-01-06 00:00:00-05:00,85.97192008580211,86.8634382151229,84.06011192527862,86.51673126220703,41381500
2023-01-09 00:00:00-05:00,87.52711431751243,89.20118670166892,87.03182734539318,87.19031524658203,29003900
2023-01-10 00:00:00-05:00,85.1695525248776,87.8341913419079,85.02096491917445,87.5865478515625,30467800
2023-01-11 00:00:00-05:00,88.33937886508356,90.73656583937942,88.17098311938453,90.65731811523438,26862000
2023-01-12 00:00:00-05:00,90.61771831946737,91.0040415982066,88.90402187065258,90.27101135253906,30258100
2023-01-13 00:00:00-05:00,89.99365279445307,91.32102597882799,89.28043825448809,91.2516860961914,26329200
2023-01-17 00:00:00-05:00,91.19224307477705,91.38045455947204,89.20119470950107,90.42950439453125,32602400
2023-01-18 00:00:00-05:00,91.27149058446429,91.92527307231936,89.78562953840836,90.2611083984375,29116700
2023-01-19 00:00:00-05:00,89.8648808303919,92.72763928780023,89.77572523421122,92.17292022705078,37000400
2023-01-20 00:00:00-05:00,94.20357258987681,97.37341347688135,94.12432486726897,97.0960464477539,63191100
2023-01-23 00:00:00-05:00,97.02672040094633,99.09702399348039,96.58096512336888,98.84938049316406,40005100
2023-01-24 00:00:00-05:00,97.17531438995869,98.67108334612655,96.28379621881625,96.77908325195312,33078500
2023-01-25 00:00:00-05:00,94.66915574421624,95.25359832710816,92.87621924407682,94.32245635986328,42330000
2023-01-26 00:00:00-05:00,95.59039448086202,96.6503083971589,94.48094883976952,96.60077667236328,30114000
2023-01-27 00:00:00-05:00,96.39275438266596,99.37438426539468,96.39275438266596,98.43334197998047,33879800
2023-01-30 00:00:00-05:00,96.56114830739395,97.36351075805584,95.49132666819197,96.02623748779297,27226200
2023-01-31 00:00:00-05:00,95.95690834730202,97.94795669253232,95.9073766231504,97.90833282470703,29870700
2023-02-01 00:00:00-05:00,97.77957157580664,100.23619874627202,96.66022552833587,99.48336029052734,35531100
2023-02-02 00:00:00-05:00,104.80271810744632,106.83338999945366,104.61450665440238,106.72442626953125,69883800
2023-02-03 00:00:00-05:00,101.95977524535176,106.7937733186172,101.61307588023179,103.7923355102539,65309300
2023-02-06 00:00:00-05:00,101.43478195583818,103.37630614338306,100.91967922920541,101.93006896972656,31999600
2023-02-07 00:00:00-05:00,102.2470463384407,107.1602923201408,102.14799045298909,106.62538146972656,49010200
2023-02-08 00:00:00-05:00,101.08808062599397,102.16780266804861,97.11587673441662,98.43334197998047,94743500
2023-02-09 00:00:00-05:00,99.05740322268637,99.08711923445635,92.7474439167084,94.11444091796875,119455000
2023-02-10 00:00:00-05:00,94.5502913222284,95.8380406275546,93.36160546921987,93.6785888671875,54980700
2023-02-13 00:00:00-05:00,93.84697257457299,94.30263567820646,92.95545452073385,93.71820068359375,50076100
2023-02-14 00:00:00-05:00,93.53990075675098,93.95594001243452,91.39035704490637,93.78754425048828,54726100
2023-02-15 00:00:00-05:00,93.59932686789149,96.20454109432663,93.26253536526079,96.02623748779297,50169000
2023-02-16 00:00:00-05:00,94.47103857692892,96.7592619405205,93.84697216323715,94.6097183227539,42462600
2023-02-17 00:00:00-05:00,93.95594988129498,94.65925657048464,92.33140899633962,93.46066284179688,34284100
2023-02-21 00:00:00-05:00,92.12338307581045,92.22243896547124,90.85544955020039,90.92478942871094,33629300
2023-02-22 00:00:00-05:00,90.83563409054463,91.24177306400797,89.75591204252156,90.7861099243164,30884000
2023-02-23 00:00:00-05:00,91.05355410188592,91.07336981273312,88.91391833662863,90.03326416015625,41206400
2023-02-24 00:00:00-05:00,88.59693902936208,89.04269429656404,87.7450448035044,88.28985595703125,36585100
2023-02-27 00:00:00-05:00,89.02288055419922,89.31014789674506,88.49787003042141,89.02288055419922,27502300
2023-02-28 00:00:00-05:00,88.48798288330664,90.37007511496472,88.47807502657972,89.21109771728516,30142000
2023-03-01 00:00:00-05:00,89.13184725435819,90.17194536629773,88.82476419108889,89.50826263427734,31111200
2023-03-02 00:00:00-05:00,88.81487285313399,91.41017202449882,88.74552541452906,91.1328125,32204400
2023-03-03 00:00:00-05:00,91.6082879107454,92.84650542514655,91.57856434211662,92.76725769042969,35160100
2023-03-06 00:00:00-05:00,93.13376154162282,95.06538532191449,93.11395338746972,94.2332992553711,32639300
2023-03-07 00:00:00-05:00,94.08471097544538,94.76820181739365,92.64837430690109,92.97526550292969,27835500
2023-03-08 00:00:00-05:00,93.23282326049596,95.05547570805707,93.11395166533696,93.3615951538086,34103300
2023-03-09 00:00:00-05:00,93.16348729195221,94.62953257298054,91.0337516903099,91.44979095458984,28813500
2023-03-10 00:00:00-05:00,91.3012113113228,91.91536996276953,89.54789851172045,89.77572631835938,35941000
2023-03-13 00:00:00-04:00,89.24080055798404,91.6974271975187,88.57711784736642,90.25119018554688,37335600
2023-03-14 00:00:00-04:00,91.6875307500272,93.47056704552529,91.56866670198077,93.08424377441406,36050200
2023-03-15 00:00:00-04:00,92.34130529029962,96.01633375629301,91.7667705826294,95.20406341552734,50622100
2023-03-16 00:00:00-04:00,95.29321447414841,100.23618410795306,94.59981570662057,99.37438201904297,65492000
2023-03-17 00:00:00-04:00,99.31495102310215,101.87062619084857,99.15645555604324,100.6621322631836,61028500
2023-03-20 00:00:00-04:00,99.17626224311441,100.79089499007621,98.92861876648033,100.2658920288086,32960400
2023-03-21 00:00:00-04:00,100.29561786462173,104.10932626699038,100.26590185371047,103.93102264404297,42110300
2023-03-22 00:00:00-04:00,103.28716346144616,105.58529519084568,102.3560288980346,102.3956527709961,43427400
2023-03-23 00:00:00-04:00,104.06969579353225,105.29801292140883,103.47535294059679,104.60460662841797,40797800
2023-03-24 00:00:00-04:00,104.00037359105706,104.4956606455725,102.86121185417542,104.44613647460938,30393300
2023-03-27 00:00:00-04:00,103.63386050850951,103.7725402718168,100.96921387821344,101.49421691894531,31120900
2023-03-28 00:00:00-04:00,101.47439535781645,101.48429565568745,98.7998412241836,100.07768249511719,32057900
2023-03-29 00:00:00-04:00,101.31590589564402,101.52392552543023,99.70127302207695,100.43429565429688,28779600
2023-03-30 00:00:00-04:00,99.95881107056367,100.20645453365695,98.83945778059564,99.93899536132812,33086200
2023-03-31 00:00:00-04:00,100.34514049955757,102.9107233089301,100.08758916585326,102.75223541259766,36863400
2023-04-03 00:00:00-04:00,101.42486512580797,103.54469275309818,100.96920202024347,103.37629699707031,25035400
2023-04-04 00:00:00-04:00,103.3465793011073,104.58479670606407,103.0593119562598,103.73290252685547,24420100
2023-04-05 00:00:00-04:00,104.78292489397982,105.09990829704094,102.68291268275507,103.48527526855469,28290500
2023-04-06 00:00:00-04:00,104.26782317730506,108.14096365506636,103.34658903891498,107.39803314208984,48711500
2023-04-10 00:00:00-04:00,105.9716174482436,106.57586067871368,104.12914907145701,105.43670654296875,27067400
2023-04-11 00:00:00-04:00,105.54564966940734,105.72395326965444,103.69327379781114,104.3569564819336,26311800
2023-04-12 00:00:00-04:00,105.57537962995973,105.74377539759396,103.35648840973943,103.6536636352539,24370300
2023-04-13 00:00:00-04:00,104.84234942454029,106.47679804994421,104.84234942454029,106.41736602783203,24843600
2023-04-14 00:00:00-04:00,105.88244091932117,107.91312038654546,105.83290920256783,107.84378051757812,26578000
2023-04-17 00:00:00-04:00,103.67348082004237,105.15934185375801,103.53479350401396,104.97113037109375,37571200
2023-04-18 00:00:00-04:00,105.4862165216186,105.53574824150101,103.08902940590605,103.51497650146484,26596400
2023-04-19 00:00:00-04:00,102.60364758198928,103.99045256978819,102.09845277095613,103.19799041748047,20905700
2023-04-20 00:00:00-04:00,102.93054933979316,105.24848890310409,102.89092547236734,104.29753875732422,27820800
2023-04-21 00:00:00-04:00,104.47582910957517,105.00083206068194,103.7923307089001,104.41639709472656,25800100
2023-04-24 00:00:00-04:00,104.49565151501353,105.62490529603902,103.71309713035903,104.97113037109375,23542800
2023-04-25 00:00:00-04:00,104.83244886590656,105.68434311564164,102.86120115263496,102.87110900878906,46664100
2023-04-26 00:00:00-04:00,103.93102314766244,105.3475442819754,101.66260776152602,102.73242950439453,53347600
2023-04-27 00:00:00-04:00,103.4654497314898,107.34850549717122,102.56403133484429,106.57585144042969,50089200
2023-04-28 00:00:00-04:00,106.03103365145822,106.338109149272,104.09940996663532,106.32820129394531,36139800
2023-05-01 00:00:00-04:00,105.83291457177599,106.9720760975855,105.81310641855707,106.18952178955078,26681700
2023-05-02 00:00:00-04:00,106.13010742029749,106.1895394473162,102.73243798858448,104.32726287841797,30997200
2023-05-03 00:00:00-04:00,104.5352611244238,106.47678503676157,103.97063431092495,104.41639709472656,21795400
2023-05-04 00:00:00-04:00,104.49566369923393,104.60462745901,102.98999433479854,103.70320892333984,23419500
2023-05-05 00:00:00-04:00,103.83197483499484,104.88198094212609,103.12866814460686,104.57490539550781,26639300
2023-05-08 00:00:00-04:00,104.18858240083797,106.94237714366561,104.16877424446015,106.75416564941406,26511400
2023-05-09 00:00:00-04:00,107.36832509756348,109.11173761347172,106.17963921159183,106.33812713623047,36360100
2023-05-10 00:00:00-04:00,106.95227165556445,111.87542544527842,106.91264779027239,110.69664001464844,63153400
2023-05-11 00:00:00-04:00,114.31224449393545,116.80848772250684,113.33157832101242,115.4712142944336,78900000
2023-05-12 00:00:00-04:00,115.5801655805234,116.91743886441324,115.01553874699306,116.40234375,41102300
2023-05-15 00:00:00-04:00,115.01554258790955,117.3632055833455,114.91648670384667,115.41177368164062,36266800
2023-05-16 00:00:00-04:00,115.3919763497466,119.61182418877436,115.33254432133856,118.38351440429688,45035600
2023-05-17 00:00:00-04:00,118.48255646699654,120.52313648382196,117.76934197947081,119.70095825195312,33323600
2023-05-18 00:00:00-04:00,119.80991915569436,122.14767433938904,119.69105511557814,121.67220306396484,35234200
2023-05-19 00:00:00-04:00,122.38541381982782,124.78260095081902,120.99860878655475,121.60285949707031,41353400
2023-05-22 00:00:00-04:00,121.78116519300131,125.23826620106013,121.5830458662985,123.87127685546875,35253000
2023-05-23 00:00:00-04:00,122.98967918409565,123.45524264502252,121.05805522841555,121.40475463867188,34046300
2023-05-24 00:00:00-04:00,119.97833399859127,120.76088842026384,118.73020855513421,119.76040649414062,34182600
2023-05-25 00:00:00-04:00,123.34626847305567,124.1387306788188,120.81040150658113,122.31607818603516,42317000
2023-05-26 00:00:00-04:00,122.0089958487117,124.07929940606435,121.2957813707238,123.4354248046875,35635900
2023-05-30 00:00:00-04:00,124.45571975597146,124.47553546863793,120.85003091363836,122.50428771972656,35076700
2023-05-31 00:00:00-04:00,121.59296616037301,122.89061576373155,121.34532264477143,121.71183776855469,37325800
2023-06-01 00:00:00-04:00,121.6622844805739,123.24720118803752,121.46417272619557,122.55380249023438,30772700
2023-06-02 00:00:00-04:00,122.8212671711218,124.96091062176546,122.59343938511499,123.49485778808594,26980100
2023-06-05 00:00:00-04:00,122.8410870558176,126.2288484102657,122.67268372774639,124.82223510742188,32305500
2023-06-06 00:00:00-04:00,124.82223601376286,127.08073604231397,124.17836138082025,126.10997772216797,26638300
2023-06-07 00:00:00-04:00,125.77317307174053,127.82365324658018,120.96889102386538,121.34530639648438,52539000
2023-06-08 00:00:00-04:00,121.07787172154566,122.06844579007429,120.09719795231644,120.98871612548828,29389200
2023-06-09 00:00:00-04:00,121.09767375566376,122.59344263961952,120.76088221698073,121.07786560058594,23778300
2023-06-12 00:00:00-04:00,121.63257724558046,122.88070254912273,120.51323139340306,122.47456359863281,28306400
2023-06-13 00:00:00-04:00,123.80194237811752,123.9802460011841,122.01890614745163,122.66278076171875,22278300
2023-06-14 00:00:00-04:00,121.93966082841287,122.88071068558905,120.3052121775111,122.50428771972656,30592300
2023-06-15 00:00:00-04:00,121.97927254078598,124.27740374488029,121.24624995225469,123.910888671875,35246300
2023-06-16 00:00:00-04:00,124.742979611465,124.92128322731656,122.11795709489255,122.3656005859375,45535600
2023-06-20 00:00:00-04:00,121.77125573189018,123.39579640203785,120.9887014060601,121.93965148925781,26097500
2023-06-21 00:00:00-04:00,121.24625664021467,121.50380799105953,118.96793346366026,119.4136962890625,30306300
2023-06-22 00:00:00-04:00,118.86888698255561,122.07834481499013,117.70991714827096,121.98919677734375,26952200
2023-06-23 00:00:00-04:00,120.23586326986775,121.6325761662558,119.91887990832626,121.18681335449219,34913600
2023-06-26 00:00:00-04:00,119.62171252918014,120.85002211325339,117.15517794794245,117.22451782226562,33969900
2023-06-27 00:00:00-04:00,115.97640500533596,117.95755299289218,115.00563916614229,117.2146224975586,39535900
2023-06-28 00:00:00-04:00,115.98629524127514,119.25519216013541,115.74855961948795,119.04717254638672,27091400
2023-06-29 00:00:00-04:00,118.11604334382326,118.9283137332142,117.18490890950874,117.97736358642578,24090900
2023-06-30 00:00:00-04:00,119.03726436501533,119.93869024626859,118.56179312274388,118.57169342041016,29532200
2023-07-03 00:00:00-04:00,118.11604630300786,119.05709617461561,117.7000070203923,118.76982879638672,14467900
2023-07-05 00:00:00-04:00,118.11603610569972,121.45427304986976,118.10613580754944,120.60237884521484,27584800
2023-07-06 00:00:00-04:00,118.67076871540064,119.16605571745576,117.2839635981503,118.97784423828125,24745200
2023-07-07 00:00:00-04:00,118.96792601666532,119.90897577306588,118.2745272971948,118.35377502441406,21709500
2023-07-10 00:00:00-04:00,117.1849086668048,117.19480896554128,115.04526517285233,115.35234069824219,35315200
2023-07-11 00:00:00-04:00,115.19384889567219,116.60046213170129,114.2627069372542,116.03583526611328,23078800
2023-07-12 00:00:00-04:00,117.68018806836497,119.19576499990413,117.2938648331679,117.8089599609375,30404400
2023-07-13 00:00:00-04:00,119.79011606460736,123.65335623874292,119.31463721160668,123.3660888671875,44297900
2023-07-14 00:00:00-04:00,123.62363431555437,125.58496654137278,122.3259772774838,124.23778533935547,33283100
2023-07-17 00:00:00-04:00,124.75289325990691,125.90195518182102,123.02928904081584,123.47505187988281,25716200
2023-07-18 00:00:00-04:00,123.4255157057774,123.50476343752902,121.80097499226719,122.59343719482422,26193600
2023-07-19 00:00:00-04:00,123.42549702189496,124.00003165390301,120.65189484776654,120.87972259521484,37224000
2023-07-20 00:00:00-04:00,120.2754837005318,122.92031425638964,117.10565017562492,118.07640838623047,37906800
2023-07-21 00:00:00-04:00,119.48302990713361,119.84953742367951,117.61084578795172,118.88867950439453,72937900
2023-07-24 00:00:00-04:00,120.51322463457214,121.84059003664973,119.83963407841182,120.38444519042969,29686100
2023-07-25 00:00:00-04:00,120.21605049101268,121.98917869930011,119.87925143125057,121.05803680419922,52509600
2023-07-26 00:00:00-04:00,128.84397594722074,129.7453868594028,127.11047133269726,128.051513671875,61682100
2023-07-27 00:00:00-04:00,130.4288745072281,131.98408291547318,127.57601659985137,128.18026733398438,44952100
2023-07-28 00:00:00-04:00,129.5472556742055,132.47936111951782,129.3392436159831,131.33029174804688,36591200
2023-07-31 00:00:00-04:00,131.47887918017878,132.27134138142645,130.53783692899188,131.46897888183594,28055500
2023-08-01 00:00:00-04:00,129.54726660464158,131.3798345519529,129.44820315858595,130.3100128173828,23166800
2023-08-02 00:00:00-04:00,128.22981303360817,128.86377984713428,126.35762860655751,127.16990661621094,26273300
2023-08-03 00:00:00-04:00,126.76376360792844,128.17037695867327,126.2189448521919,127.2392349243164,20089500
2023-08-04 00:00:00-04:00,128.06138966675982,130.27036518127167,126.70430829144809,126.90242004394531,26147200
2023-08-07 00:00:00-04:00,127.94255118761124,130.36945464899543,127.80387142167389,130.2902069091797,22746300
2023-08-08 00:00:00-04:00,129.38879135617893,130.27040174998604,128.3189694544306,130.16143798828125,23535200
2023-08-09 00:00:00-04:00,130.41898380481655,130.79539166782024,127.78405318898797,128.43783569335938,24912900
2023-08-10 00:00:00-04:00,130.08220046399103,130.80531533812552,128.22981658468657,128.46755981445312,20857800
2023-08-11 00:00:00-04:00,127.44724985423152,128.70526790592254,126.96186317041614,128.33876037597656,19591100
2023-08-14 00:00:00-04:00,128.17038582396773,130.13171836532018,127.74444620408725,130.09210205078125,24695600
2023-08-15 00:00:00-04:00,129.86426668839604,130.18124253117608,128.06141462490677,128.55670166015625,19770700
2023-08-16 00:00:00-04:00,127.48688507080078,129.0519939800755,126.66471430230392,127.48688507080078,25216100
2023-08-17 00:00:00-04:00,128.57650949077134,130.74586899055504,128.07130707221577,128.69537353515625,33446300
2023-08-18 00:00:00-04:00,127.29867372281868,128.03170400726378,125.18875358443651,126.25857543945312,30504800
2023-08-21 00:00:00-04:00,125.98119528293358,127.51658037118519,125.36703671314525,127.15997314453125,25248700
2023-08-22 00:00:00-04:00,127.29864686994681,129.051966910952,127.11045052488731,127.86328125,22054900
2023-08-23 00:00:00-04:00,128.9529093119667,132.15247404718667,128.6458338064408,131.1222686767578,27819700
2023-08-24 00:00:00-04:00,132.68739372034156,132.9845689644834,128.34868956972952,128.55670166015625,28500700
2023-08-25 00:00:00-04:00,128.31895505629643,129.52745659961704,126.05054714528603,128.65576171875,26762900
2023-08-28 00:00:00-04:00,130.07226065194624,131.2906623566744,128.91329096477185,129.77508544921875,20543300
2023-08-29 00:00:00-04:00,130.99352005839108,135.28270758219568,130.99352005839108,133.3015594482422,43075600
2023-08-30 00:00:00-04:00,133.5095448272466,134.99540563044192,132.80624584477715,134.59918212890625,28315800
2023-08-31 00:00:00-04:00,134.7279791243435,136.69922704264897,134.51005161116558,134.886474609375,30053800
2023-09-01 00:00:00-04:00,136.16432303188128,136.16432303188128,133.5789240149797,134.38128662109375,21543700
2023-09-05 00:00:00-04:00,134.1633431456703,135.13410142022065,133.31144891270912,134.490234375,19403100
2023-09-06 00:00:00-04:00,134.73785869857247,135.24304591839837,132.41000411563905,133.19256591796875,18684500
2023-09-07 00:00:00-04:00,132.33075932430347,134.30200676190253,131.69679265373736,133.98501586914062,18844300
2023-09-08 00:00:00-04:00,133.6383223872398,135.37182663325115,133.5788903743412,135.09446716308594,23558300
2023-09-11 00:00:00-04:00,135.2529563461856,136.18409824910339,134.51002590640553,135.62937927246094,20763400
2023-09-12 00:00:00-04:00,134.97561156998864,135.5798623314705,133.91570522015272,134.0642852783203,18405500
2023-09-13 00:00:00-04:00,133.81661630357326,135.60955253404683,132.8854744763764,135.42135620117188,20749500
2023-09-14 00:00:00-04:00,136.30300699996283,137.3926294793097,134.95582557198202,136.7982940673828,24751000
2023-09-15 00:00:00-04:00,136.67937779571167,137.21429614771708,135.1935169967419,136.10484313964844,38919600
2023-09-18 00:00:00-04:00,135.32230226270676,137.84826875270798,135.32230226270676,136.9072265625,21861300
2023-09-19 00:00:00-04:00,136.1246795130563,137.10535323062862,135.3322172769841,136.73883056640625,20353700
2023-09-20 00:00:00-04:00,136.77845758196287,136.77845758196287,132.36049096088513,132.4793701171875,29927500
2023-09-21 00:00:00-04:00,130.20105377280416,130.98360061103773,128.84397217961927,129.21047973632812,31503900
2023-09-22 00:00:00-04:00,129.52741923115812,130.78545213674843,128.37836515856637,129.02223205566406,26397300
2023-09-25 00:00:00-04:00,128.60622722629518,129.9335927895909,127.74443266302943,129.87416076660156,20094600
2023-09-26 00:00:00-04:00,128.5468020175819,129.13123709457156,126.02083510191228,127.35811614990234,25718700
2023-09-27 00:00:00-04:00,127.35810764338333,129.6661317841142,127.35810764338333,129.3095245361328,22746500
2023-09-28 00:00:00-04:00,128.61611685030257,132.04350933617025,128.5665851302691,131.06283569335938,22513100
2023-09-29 00:00:00-04:00,132.0237133602647,132.78645964091183,129.13123883445297,129.62652587890625,30859800
2023-10-02 00:00:00-04:00,129.97321355178073,133.15294744052358,129.9335821297325,132.90530395507812,22288000
2023-10-03 00:00:00-04:00,132.6774780064036,132.99445381235702,130.5972666540528,131.18170166015625,22989400
2023-10-04 00:00:00-04:00,131.53832195471514,134.29213173006787,131.2807781421106,133.96524047851562,26752300
2023-10-05 00:00:00-04:00,133.7968292236328,134.21286846430397,132.19208916394834,133.7968292236328,19832600
2023-10-06 00:00:00-04:00,132.74683103836537,136.85772266380047,132.74683103836537,136.28318786621094,27597600
2023-10-09 00:00:00-04:00,135.64921945907278,137.63036765595723,134.33175409434926,137.11526489257812,19278100
2023-10-10 00:00:00-04:00,137.19450673636976,138.4030082937137,136.03553690481087,136.75865173339844,27786600
2023-10-11 00:00:00-04:00,137.27374202789582,139.77989295278536,137.27374202789582,139.2251739501953,25884300
2023-10-12 00:00:00-04:00,139.72047583902653,139.88887161742355,136.9567657145511,137.6600799560547,24765500
2023-10-13 00:00:00-04:00,138.06621031388815,138.68036136313773,135.33221637344056,136.06524658203125,23420500
2023-10-16 00:00:00-04:00,136.86760720097854,138.31385188558824,136.68931113689553,137.78884887695312,28501900
2023-10-17 00:00:00-04:00,137.32332326954113,138.58134177729963,135.88697840885058,138.40304565429688,23515800
2023-10-18 00:00:00-04:00,138.13555264144586,139.3935859571332,136.0850721525315,136.65960693359375,23375000
2023-10-19 00:00:00-04:00,137.194514445947,138.34358404290452,136.0850762778288,136.4515838623047,26066000
2023-10-20 00:00:00-04:00,136.0355425938075,136.57044595575792,133.8067508749185,134.3218536376953,26335700
2023-10-23 00:00:00-04:00,133.76710372602042,136.36241783407064,132.68738171446304,135.21334838867188,26317900
2023-10-24 00:00:00-04:00,136.53078308557377,138.0463597284111,136.12464421658962,137.5015411376953,44814300
2023-10-25 00:00:00-04:00,126.9519848296763,127.10056490401239,123.8911068211779,124.42601776123047,84366200
2023-10-26 00:00:00-04:00,122.1080464571952,123.1580599743897,120.1268985739716,121.12738037109375,57061100
2023-10-27 00:00:00-04:00,121.72172395426145,122.14767105400718,119.07689332809781,121.01841735839844,44566500
2023-10-30 00:00:00-04:00,122.04861726115155,124.21797666183564,121.59295414437162,123.28683471679688,28940100
2023-10-31 00:00:00-04:00,123.88118156302635,124.1882646409759,121.53352602850394,122.9104232788086,26292300
2023-11-01 00:00:00-04:00,122.9005236105588,125.29771102759383,122.55382420024057,125.25808715820312,30082400
2023-11-02 00:00:00-04:00,127.20951079122271,127.76422981075791,125.73355765282807,126.28827667236328,27124600
2023-11-03 00:00:00-04:00,126.81328074199891,128.3090419584001,126.65478528312015,127.88310241699219,26393100
2023-11-06 00:00:00-05:00,127.83354656835355,129.11138006634724,127.45712370330543,129.02223205566406,19052700
2023-11-07 00:00:00-05:00,129.47792984284607,130.66661557993928,128.6557516366588,129.7354736328125,29757300
2023-11-08 00:00:00-05:00,129.73544990603062,130.96376684152867,129.54723846837823,130.5972442626953,26425800
2023-11-09 00:00:00-05:00,130.71613260072618,131.30056754778465,128.84394861873935,129.01234436035156,23747800
2023-11-10 00:00:00-05:00,128.87369024439658,131.54823716249373,128.19019172994675,131.3402099609375,26913300
2023-11-13 00:00:00-05:00,130.53784938427754,131.34021196042556,130.01284633778656,130.8449249267578,18324800
2023-11-14 00:00:00-05:00,132.92512330907195,134.42088456077047,132.06332879289005,132.36048889160156,32395200
2023-11-15 00:00:00-05:00,133.59871773207556,133.75721320819443,132.31098355475115,133.35107421875,23861500
2023-11-16 00:00:00-05:00,133.91573844077215,135.92660300659853,133.05394365969337,135.6393280029297,28013200
2023-11-17 00:00:00-05:00,134.71805961336432,134.77749163303557,132.3902047431791,134.03456115722656,37240600
2023-11-20 00:00:00-05:00,132.42984636661794,135.37185248662504,132.36049892835388,134.96571350097656,27815500
2023-11-21 00:00:00-05:00,135.005326368002,135.88693664011163,134.67845024297165,135.67892456054688,22635300
2023-11-22 00:00:00-05:00,136.1742111022112,138.10582740919213,136.1742111022112,137.18460083007812,17813900
2023-11-24 00:00:00-05:00,136.72893111429622,136.82799456252866,134.7081667590109,135.4015655517578,12514300
2023-11-27 00:00:00-05:00,134.74779879250332,137.1152703778928,134.71808277755815,135.1242218017578,23436500
2023-11-28 00:00:00-05:00,134.7973154661077,135.95628526440245,134.14353298041522,135.90675354003906,18730000
2023-11-29 00:00:00-05:00,136.27327307787965,136.98647245548034,133.5689951623546,133.71759033203125,23967200
2023-11-30 00:00:00-05:00,133.7770122542541,134.2722992191977,130.04254430639105,131.28076171875,38988300
2023-12-01 00:00:00-05:00,130.61709594726562,130.8647394618695,129.43831039935748,130.61709594726562,31442300
2023-12-04 00:00:00-05:00,128.65576445639306,128.80434452022507,126.69442448152655,128.051513671875,36669900
2023-12-05 00:00:00-05:00,127.73450033716857,130.89443347071432,127.04110163583205,129.75527954101562,27384800
2023-12-06 00:00:00-05:00,130.2010776876908,130.59730132907413,128.65578432534767,128.79446411132812,23576200
2023-12-07 00:00:00-05:00,133.7671432307822,137.2539689053774,133.43035160541396,135.6393280029297,56767100
2023-12-08 00:00:00-05:00,132.93502840396306,135.11428819124905,132.76663263696403,133.71759033203125,32260100
2023-12-11 00:00:00-05:00,131.1321890142382,132.08313157577382,130.12179931701706,132.03359985351562,31138000
2023-12-12 00:00:00-05:00,130.56757499215098,131.74636063729966,130.0227561920871,131.27088928222656,29032800
2023-12-13 00:00:00-05:00,132.12278193624368,132.2416459947321,130.32984518422208,131.32041931152344,30104800
2023-12-14 00:00:00-05:00,132.12277923014844,132.45957079894205,128.46755835687756,130.69635009765625,38722400
2023-12-15 00:00:00-05:00,130.3793395531458,132.2515237297127,129.9434845931054,131.35011291503906,50847100
2023-12-18 00:00:00-05:00,131.37984058345504,135.85722438947897,131.18171368224796,134.51995849609375,32258000
2023-12-19 00:00:00-05:00,135.55016524528196,136.17423180663806,134.79733432052262,135.36195373535156,25476800
2023-12-20 00:00:00-05:00,137.66007723180817,140.3643401618969,136.76856663088765,137.0360107421875,49107200
2023-12-21 00:00:00-05:00,138.17513295311574,139.36381838817954,137.86804240488902,139.0963592529297,27488300
2023-12-22 00:00:00-05:00,139.44309659514806,140.65159800099755,139.3836645776405,140.15631103515625,26532200
2023-12-26 00:00:00-05:00,140.25536747570143,141.33508949612715,139.85914392608302,140.18603515625,16780300
2023-12-27 00:00:00-05:00,140.25537655400615,140.7407632814219,138.57140368669022,139.046875,19628600
2023-12-28 00:00:00-05:00,139.45300658951038,139.80961383431003,138.4327165781313,138.90818786621094,16045700
2023-12-29 00:00:00-05:00,138.31384373897544,139.03695848120938,137.47184984606176,138.37327575683594,18733000
2024-01-02 00:00:00-05:00,137.24403772207745,138.13554832155825,135.1935421823269,136.86761474609375,23711200
2024-01-03 00:00:00-05:00,135.95627794501937,138.31384884016077,135.78788218321773,137.61053466796875,24212100
2024-01-04 00:00:00-05:00,137.11524935880684,137.84827954999523,135.06476906710992,135.10438537597656,27137700
2024-01-05 00:00:00-05:00,135.46101240432904,135.8671514256001,133.87608774886044,134.45062255859375,22513900
2024-01-08 00:00:00-05:00,135.00534393560088,137.69970682646502,134.97562792036769,137.53131103515625,21404000
2024-01-09 00:00:00-05:00,137.19452569414503,140.15634797181673,136.84781868070183,139.62142944335938,24759600
2024-01-10 00:00:00-05:00,139.67093972821166,141.6520878094629,139.58179169214583,140.93887329101562,21320200
2024-01-11 00:00:00-05:00,142.1374815262308,143.85117046866557,139.31433932551914,140.7407684326172,24008700
2024-01-12 00:00:00-05:00,141.32517459664027,141.85017754737586,140.48319586195018,141.30535888671875,18785500
2024-01-16 00:00:00-05:00,140.66149444889152,142.9893491706135,140.11667577838654,141.14688110351562,22670500
2024-01-17 00:00:00-05:00,140.01765632946993,140.50302796922261,137.590737670861,140.1365203857422,20968600
2024-01-18 00:00:00-05:00,140.711049810197,142.85069343117277,140.65161778433006,142.1275634765625,25746400
2024-01-19 00:00:00-05:00,143.37570319270063,145.06957646906244,143.01909590584106,145.000244140625,34271900
2024-01-22 00:00:00-05:00,145.71342925416275,146.99126295666431,144.46529644501962,144.6138916015625,32200400
2024-01-23 00:00:00-05:00,144.5148528050676,145.79268672545237,144.12852951611768,145.6540069580078,21636100
2024-01-24 00:00:00-05:00,147.13984438792403,148.4375089281707,146.70400455684052,147.29833984375,25233500
2024-01-25 00:00:00-05:00,148.65544028148244,151.6073464272401,148.1304221809848,150.43846130371094,29149100
2024-01-26 00:00:00-05:00,149.67572544188013,151.10213919091456,149.5865623016617,150.7554473876953,26115500
2024-01-29 00:00:00-05:00,150.62668943208467,152.33047802772649,150.00262293630868,152.06301879882812,27784300
2024-01-30 00:00:00-05:00,151.3596988063133,152.1719615652673,149.7648741820085,150.03233337402344,36331800
2024-01-31 00:00:00-05:00,142.26621278729934,142.6426356904912,138.5515608161928,138.77940368652344,71910000
2024-02-01 00:00:00-05:00,140.78036452188786,141.71150645053427,139.46289935847955,139.8294219970703,40466500
2024-02-02 00:00:00-05:00,137.947317214583,141.2756461555597,135.21333866537148,141.0379180908203,62499600
2024-02-05 00:00:00-05:00,141.4737740182903,144.09878885119113,141.43414259725117,142.32565307617188,38505400
2024-02-06 00:00:00-05:00,143.28654870066302,143.9898630171305,141.84031886618192,142.7417449951172,29128200
2024-02-07 00:00:00-05:00,143.3954900682589,144.24738433228183,142.57331181571678,144.1681365966797,25208900
2024-02-08 00:00:00-05:00,144.45540497795193,144.95069196678878,143.73229020643873,144.53465270996094,22563800
2024-02-09 00:00:00-05:00,145.29739619867138,148.0313902841131,144.8021091675361,147.5955352783203,26829500
2024-02-12 00:00:00-05:00,147.02098399107322,147.93231021218233,145.98087831954948,146.13937377929688,21564100
2024-02-13 00:00:00-05:00,143.553984129069,145.28748865156425,142.3355823254468,143.77191162109375,27837700
2024-02-14 00:00:00-05:00,144.7030413176847,145.13889626470424,142.73179375819484,144.56436157226562,22704200
2024-02-15 00:00:00-05:00,141.79076291731,142.1671858771817,139.13603183073639,141.42425537109375,37590700
2024-02-16 00:00:00-05:00,141.64219964584808,141.84031144795466,138.81905734220405,139.1954803466797,31468900
2024-02-20 00:00:00-05:00,138.343565378545,140.74075259122355,138.17516961610025,139.789794921875,25144700
2024-02-21 00:00:00-05:00,140.11669187948075,141.34500910368052,139.35394565312507,141.20632934570312,23223300
2024-02-22 00:00:00-05:00,143.56389009951735,143.6332375383376,141.4539776469549,142.7318115234375,27191900
2024-02-23 00:00:00-05:00,142.31575244424536,143.31622665623695,142.0780092634441,142.60302734375,19493800
2024-02-26 00:00:00-05:00,140.8002006468063,141.09737589700708,136.0949737160045,136.27328491210938,53641800
2024-02-27 00:00:00-05:00,136.7190286014233,137.9374303971592,135.7977869156524,137.5709228515625,33099200
2024-02-28 00:00:00-05:00,136.60012853970923,136.70909226834252,134.13360931467162,135.09446716308594,37328600
2024-02-29 00:00:00-05:00,135.9860067089307,137.55111554859022,135.1142966931809,137.15489196777344,42133000
2024-03-01 00:00:00-05:00,137.12515439240792,137.561009379789,135.62939306295007,135.84732055664062,31151100
2024-03-04 00:00:00-05:00,134.3812716025803,134.3812716025803,130.66661912649147,132.09304809570312,55999400
2024-03-05 00:00:00-05:00,130.63688688658692,131.98406795515044,129.43828585262474,131.41943359375,40194800
2024-03-06 00:00:00-05:00,131.8652267449587,132.32089750707752,129.61663429471935,130.16143798828125,35318600
2024-03-07 00:00:00-05:00,131.53830302016095,133.66804599825636,130.3694330601028,133.1133270263672,37738200
2024-03-08 00:00:00-05:00,132.94495063107448,136.78836768800528,132.7369234288496,134.13363647460938,39370400
2024-03-11 00:00:00-04:00,134.84685230242854,137.7888584846141,134.84685230242854,136.37232971191406,32437800
2024-03-12 00:00:00-04:00,135.73835874420493,138.06621377136466,135.73835874420493,137.1945037841797,27563400
2024-03-13 00:00:00-04:00,137.68977381646687,139.7600696656856,137.67987351872839,138.47232055664062,23347200
2024-03-14 00:00:00-04:00,139.85914445542792,142.23651599205533,139.1360296729057,141.7511444091797,42753400
2024-03-15 00:00:00-04:00,141.15679282026272,141.83037587468064,138.7100738688481,139.84922790527344,49475400
2024-03-18 00:00:00-04:00,147.20919020973375,150.7158152205623,145.78276135280063,146.28794860839844,69273700
2024-03-19 00:00:00-04:00,146.76344216143465,147.3874934806998,144.70304650213203,145.6440887451172,24070400
2024-03-20 00:00:00-04:00,146.60495197646654,147.45684622092818,145.3568341780524,147.33798217773438,21311500
2024-03-21 00:00:00-04:00,148.06110892693906,148.95261955283513,145.51532628649926,146.208740234375,24755600
2024-03-22 00:00:00-04:00,147.71439026412665,150.1512089583533,147.57571050851763,149.34884643554688,29211800
2024-03-25 00:00:00-04:00,148.52666183272117,148.9625167930801,146.42664987640165,148.6554412841797,19229300
2024-03-26 00:00:00-04:00,148.80400066272796,150.82476460784122,148.56625750420292,149.249755859375,22149100
2024-03-27 00:00:00-04:00,149.75495146001944,150.21062209399147,147.49644422980177,149.4478759765625,22879200
2024-03-28 00:00:00-04:00,149.4281068518604,150.00262652031626,148.7545086139037,149.50733947753906,24485400
2024-04-01 00:00:00-04:00,149.2695949177701,154.27199652143653,149.19034718586528,154.02435302734375,31730800
2024-04-02 00:00:00-04:00,152.05309769416158,153.24178338278546,150.7158168476106,153.1031036376953,24586000
2024-04-03 00:00:00-04:00,152.15218215203225,153.6182275333651,151.29037243888334,153.45973205566406,24705000
2024-04-04 00:00:00-04:00,152.05312071787367,153.3111540270119,149.03186676205078,149.11111450195312,34724700
2024-04-05 00:00:00-04:00,148.61579658933533,151.9738414058996,148.1898570801788,151.06251525878906,23459200
2024-04-08 00:00:00-04:00,151.3398855456625,153.8064201009343,151.1714897894332,153.390380859375,20702000
2024-04-09 00:00:00-04:00,154.61869893107254,157.06541802943522,153.72718833727967,155.1239013671875,31079500
2024-04-10 00:00:00-04:00,154.73757558656484,155.13379915183737,153.22198341774504,154.66822814941406,22838600
2024-04-11 00:00:00-04:00,155.4309745942535,158.17485377315867,154.9852193039768,157.90740966796875,27166400
2024-04-12 00:00:00-04:00,156.47108327025333,158.7097751773131,155.65880529572482,156.2432403564453,25353700
2024-04-15 00:00:00-04:00,157.36259530028232,157.73901827873132,153.13283984468552,153.40029907226562,27136500
2024-04-16 00:00:00-04:00,152.73662900833705,154.18285878782194,151.9837829886407,152.94464111328125,20779500
2024-04-17 00:00:00-04:00,154.15315772609156,155.59940276082787,153.12296717152572,154.00457763671875,21763100
2024-04-18 00:00:00-04:00,153.87576120493418,155.46068564754503,153.16254671725525,154.53944396972656,19883000
2024-04-19 00:00:00-04:00,154.72765445129966,154.886149917532,150.86442193038377,152.63754272460938,32615600
2024-04-22 00:00:00-04:00,152.85548314560833,156.15409663024886,152.6078396267761,154.80691528320312,26446200
2024-04-23 00:00:00-04:00,155.4805001575941,157.4715484365775,154.80690198445652,156.7682342529297,21151600
2024-04-24 00:00:00-04:00,156.00552495169347,158.0659209529385,155.6885339753658,157.63006591796875,22779100
2024-04-25 00:00:00-04:00,149.90356233876008,155.01492770763642,149.44789165697802,154.529541015625,57109700
2024-04-26 00:00:00-04:00,172.72638033694088,173.06318697805824,168.05086993453432,170.32919311523438,64665300
2024-04-29 00:00:00-04:00,167.46643624163954,167.95182293786596,163.65273545115042,164.5838623046875,45610000
2024-04-30 00:00:00-04:00,164.04897776984578,166.51551272721193,161.067355161794,161.2456512451172,33562900
2024-05-01 00:00:00-04:00,162.7513151941065,165.54472608248636,161.55271397427848,162.31546020507812,33493200
2024-05-02 00:00:00-04:00,163.23668620505856,165.15840222342754,162.34517563249727,165.0494384765625,24294500
2024-05-03 00:00:00-04:00,165.9805805633127,166.37681924074352,161.51309716937072,165.66360473632812,34662400
2024-05-06 00:00:00-04:00,165.88153614579352,166.5551192408857,164.46500740235146,166.5155029296875,21871300
2024-05-07 00:00:00-04:00,166.91170961700217,170.14097523408242,166.8027458785292,169.6357879638672,28039700
2024-05-08 00:00:00-04:00,167.40699381865014,168.54614778977586,167.14945003877577,167.78341674804688,19569100
2024-05-09 00:00:00-04:00,167.79332152345498,169.0810706871072,166.59472038810446,168.3579559326172,15346700
2024-05-10 00:00:00-04:00,166.4461516776323,168.24900365253,164.62349910506936,167.060302734375,29799900
2024-05-13 00:00:00-04:00,162.71167888481415,167.6843645690759,162.45413508764602,167.54568481445312,31327600
2024-05-14 00:00:00-04:00,168.16977087590587,169.63581632642092,167.2089127800717,168.73439025878906,25127100
2024-05-15 00:00:00-04:00,169.02165742888434,171.02260615600562,168.90277826299467,170.88392639160156,26948400
2024-05-16 00:00:00-04:00,171.6565823879327,173.46933483904405,171.06224698565848,172.53819274902344,27867900
2024-05-17 00:00:00-04:00,172.53818284579418,174.60849412252608,172.05281122904015,174.4004669189453,24479300
2024-05-20 00:00:00-04:00,174.52923506740714,177.0849177951841,174.42027132306535,175.25234985351562,22554400
2024-05-21 00:00:00-04:00,175.23254181221733,176.47075936350478,174.15281973508513,176.17359924316406,16989400
2024-05-22 00:00:00-04:00,174.97501209173797,175.4801994519547,173.5584983541899,174.71746826171875,17880000
2024-05-23 00:00:00-04:00,175.40091716783556,176.5697870442816,171.31974266737882,171.91409301757812,21024900
2024-05-24 00:00:00-04:00,173.33063024095415,174.11319214706063,172.01316503791867,173.34054565429688,16579400
2024-05-28 00:00:00-04:00,172.80562741846637,175.5990532912732,172.7263796864407,174.73724365234375,20572200
2024-05-29 00:00:00-04:00,173.77641807017562,175.17313126687532,173.0731188791876,174.2419891357422,23388700
2024-05-30 00:00:00-04:00,173.54858715480162,173.568402869888,170.17072569327084,170.4877166748047,22931500
2024-05-31 00:00:00-04:00,170.2400414486173,171.428727178173,167.84285427810815,170.87400817871094,37638900
2024-06-03 00:00:00-04:00,170.91363798660555,172.884885765003,169.54665609137342,171.53770446777344,27459100
2024-06-04 00:00:00-04:00,171.64663772257046,172.21127207949934,170.2697406579908,172.15182495117188,26879600
2024-06-05 00:00:00-04:00,173.54856460290543,174.98489390330127,172.2905313702321,173.756591796875,22068500
2024-06-06 00:00:00-04:00,174.24196967239757,175.48018723719562,174.093389610606,175.06414794921875,23251000
2024-06-07 00:00:00-04:00,175.38113486544918,176.193397709487,172.6570562855748,172.8155517578125,19661400
2024-06-10 00:00:00-04:00,173.51964913718612,175.59232118793005,171.32796149412926,173.55931091308594,23726700
2024-06-11 00:00:00-04:00,174.75929703239595,175.37415295165962,172.32960833962332,175.15597534179688,21540600
2024-06-12 00:00:00-04:00,176.77244728104915,178.914546206643,174.6501868081846,176.31625366210938,27864700
2024-06-13 00:00:00-04:00,174.65019108926487,175.27497374095435,173.43039103186226,173.70806884765625,20913300
2024-06-14 00:00:00-04:00,172.77586542867536,175.59232060979843,172.70643840569585,175.32455444335938,18063600
2024-06-17 00:00:00-04:00,174.00559933310134,176.88155485978157,173.36097817553005,175.77084350585938,19618500
2024-06-18 00:00:00-04:00,175.67168241067895,175.91961015570547,172.65688768937264,173.638671875,21869900
2024-06-20 00:00:00-04:00,173.9163241025284,175.82040708778146,173.53948427560647,174.838623046875,20160100
2024-06-21 00:00:00-04:00,175.53281739605538,179.35091015505034,175.1460507765767,178.14102172851562,57759000
2024-06-24 00:00:00-04:00,178.6666314019322,179.39057608957674,177.18897677924866,177.7344207763672,18298000
2024-06-25 00:00:00-04:00,178.13111351754267,182.76240177371028,177.93277435676467,182.5045623779297,23130200
2024-06-26 00:00:00-04:00,181.11615066799544,182.9805567069559,180.96738496662277,182.3557891845703,19839000
2024-06-27 00:00:00-04:00,182.6532926987184,184.50780223360667,182.49463046708553,183.87310791015625,18848900
2024-06-28 00:00:00-04:00,182.7921627160181,183.5954461342398,180.45172435645102,180.64013671875,29156600
2024-07-01 00:00:00-04:00,181.51282156274272,182.35578177267374,179.79716616258202,181.47315979003906,16006100
2024-07-02 00:00:00-04:00,180.54095368507097,184.0317799288088,180.05500994673656,183.7045135498047,17372500
2024-07-03 00:00:00-04:00,183.31773299270625,184.54744460316422,182.47477282618513,184.27969360351562,10242100
2024-07-05 00:00:00-04:00,184.3193809047392,189.2779352009688,184.25988067435352,189.0200958251953,20967500
2024-07-08 00:00:00-04:00,188.32590319025596,188.59366938357218,186.2234808204011,187.46311950683594,21035900
2024-07-09 00:00:00-04:00,188.73250580309858,189.77380531232768,187.15568904666173,187.4135284423828,15121400
2024-07-10 00:00:00-04:00,187.58210403384115,190.16055833537922,187.4631035723971,189.59527587890625,15952500
2024-07-11 00:00:00-04:00,188.27630515494232,189.2779276351132,183.54584030838046,184.0317840576172,25625800
2024-07-12 00:00:00-04:00,183.54587662834743,185.5590487799267,182.9607707607535,183.5359649658203,22898400
2024-07-15 00:00:00-04:00,183.38717059216182,186.67965791404401,183.38717059216182,184.98382568359375,16474000
2024-07-16 00:00:00-04:00,185.80694986210247,187.11600034630766,181.8500180292527,182.3954620361328,18290700
2024-07-17 00:00:00-04:00,181.45334926969147,182.028543422423,178.40878946455692,179.51951599121094,20734100
2024-07-18 00:00:00-04:00,180.4219775847006,180.98726012641205,175.00724392021726,176.21713256835938,25315700
2024-07-19 00:00:00-04:00,177.39723581965455,178.79553657132692,175.661741889588,176.18734741210938,18881900
2024-07-22 00:00:00-04:00,179.09304357457464,181.1855538958276,178.73602709357348,180.16409301757812,24100300
2024-07-23 00:00:00-04:00,180.54098136257284,182.08804802244904,180.03519909370766,180.2831268310547,36352700
2024-07-24 00:00:00-04:00,172.16101164978593,174.72953914992098,170.3957675264856,171.1990509033203,49585200
2024-07-25 00:00:00-04:00,171.0899727872295,171.98250656560228,165.80415174823364,165.89340209960938,44852000
2024-07-26 00:00:00-04:00,165.76447324044335,166.69668392087527,162.7000901475995,165.61572265625,41336900
2024-07-29 00:00:00-04:00,167.43054602622254,169.01727432015218,166.5975125369865,168.12474060058594,20293800
2024-07-30 00:00:00-04:00,168.8288597911077,169.8106438435088,167.04377724268764,168.87843322753906,18959700
2024-07-31 00:00:00-04:00,171.80400847021264,172.80563107068153,168.60077124290896,170.1180877685547,25729100
2024-08-01 00:00:00-04:00,168.83877635874134,172.60728070774732,167.48013730321483,169.34454345703125,24531400
2024-08-02 00:00:00-04:00,165.06034109925932,167.11317450097033,163.30500881931417,165.2785186767578,29130100
2024-08-05 00:00:00-04:00,154.21104625180902,163.06701740006122,153.64576377052947,157.92996215820312,53630700
2024-08-06 00:00:00-04:00,158.00930840033058,159.23903543312898,155.11351422532948,156.97792053222656,49004600
2024-08-07 00:00:00-04:00,159.91337776437143,161.62903333217733,157.15642275675472,157.62252807617188,25138600
2024-08-08 00:00:00-04:00,159.17950020545774,162.33314852019078,158.88199906168649,160.68690490722656,25578800
2024-08-09 00:00:00-04:00,158.68364346895095,162.43230917233856,157.74152121280017,162.3133087158203,28602300
2024-08-12 00:00:00-04:00,162.9877004487663,163.5331293646278,160.49849628320337,160.94476318359375,15895300
2024-08-13 00:00:00-04:00,162.05545705089867,163.3645073701746,161.61910190037165,162.7992401123047,18551700
2024-08-14 00:00:00-04:00,161.05383649410487,161.8670466571722,156.4027253040999,159.04066467285156,40591100
2024-08-15 00:00:00-04:00,159.1695951936991,160.30014498417518,158.28697312159332,159.9629669189453,31524300
2024-08-16 00:00:00-04:00,160.13153741645147,163.6917754083996,159.79435939024972,161.60919189453125,24208600
2024-08-19 00:00:00-04:00,163.9099897487635,165.30830586389538,162.8984403109757,165.28846740722656,22416200
2024-08-20 00:00:00-04:00,165.51652689777598,167.24210914189632,165.43720334999875,165.79420471191406,18341500
2024-08-21 00:00:00-04:00,163.7810405444825,165.46696109244462,163.30502357434244,164.47525024414062,22902000
2024-08-22 00:00:00-04:00,165.87352549850758,166.20079184393225,161.95627127734653,162.4422149658203,22493300
2024-08-23 00:00:00-04:00,163.3546280676757,164.80251757325382,162.4720059319359,164.24716186523438,13955700
2024-08-26 00:00:00-04:00,165.00086193151313,166.1611618513878,163.09677884769525,164.78268432617188,14190400
2024-08-27 00:00:00-04:00,164.46529893296153,165.06033140616083,163.09674845629016,163.31491088867188,11821900
2024-08-28 00:00:00-04:00,163.67195617574248,164.2273269769617,160.1910564516135,161.5001220703125,16407400
2024-08-29 00:00:00-04:00,162.94800734245646,164.59425098521132,158.92166371262243,160.43898010253906,19699800
2024-08-30 00:00:00-04:00,161.27203156245238,162.30341943551804,160.34974763264805,162.02574157714844,22123800
2024-09-03 00:00:00-04:00,160.37950951414507,160.50843679081171,155.18293825207724,156.05564880371094,38945300
2024-09-04 00:00:00-04:00,155.3614183931521,157.68201804584697,154.66722385588943,155.1531524658203,19353800
2024-09-05 00:00:00-04:00,155.0044347321749,158.12831837773487,154.68707994374114,155.9366455078125,18688700
2024-09-06 00:00:00-04:00,155.9961266954501,156.52173225882967,149.30207815911396,149.66900634765625,37912100
2024-09-09 00:00:00-04:00,151.44650905863844,152.3303022884686,146.19340404923173,147.6730194091797,39260500
2024-09-10 00:00:00-04:00,149.4008786095233,150.21516785637962,147.30559146131813,147.6233673095703,31118800
2024-09-11 00:00:00-04:00,148.8745981614033,150.4435825568505,146.49133954819087,150.10595703125,29607700
2024-09-12 00:00:00-04:00,152.72751965051293,153.74041119456226,151.58552977811232,153.61131286621094,29621500
2024-09-13 00:00:00-04:00,154.3461412588433,157.2755823080463,154.1276893129349,156.36199951171875,29591200
2024-09-16 00:00:00-04:00,156.21302418147908,157.14647168252142,155.50798372593238,156.95779418945312,18379800
2024-09-17 00:00:00-04:00,157.911134323935,159.4304641960374,157.2755977444437,158.20904541015625,20715600
2024-09-18 00:00:00-04:00,158.74525678494552,159.38079329854523,157.49404853540457,158.6956024169922,23677300
2024-09-19 00:00:00-04:00,162.56841287927963,162.64784168369965,160.2149292220262,161.0093536376953,26587700
2024-09-20 00:00:00-04:00,162.3598804928704,162.5882724123634,160.9299194880009,162.44924926757812,40896400
2024-09-23 00:00:00-04:00,163.20395671072333,164.33600662936618,160.5426370715715,160.7213897705078,24150900
2024-09-24 00:00:00-04:00,161.8931858674905,162.0818634163599,159.56950639195904,161.15834045410156,23332100
2024-09-25 00:00:00-04:00,160.3440420812531,161.67469438550233,160.17522933988297,160.36390686035156,18869200
2024-09-26 00:00:00-04:00,162.498918721295,162.93585297471674,161.14840155271324,161.5952606201172,20319300
2024-09-27 00:00:00-04:00,161.6746974446782,164.54454440704646,161.4959598865702,162.80674743652344,21101300
2024-09-30 00:00:00-04:00,162.1811552014193,164.99140790109868,162.12156086139018,164.69351196289062,20413900
2024-10-01 00:00:00-04:00,166.52066197521472,167.98041254359694,163.43234810534034,165.82554626464844,28338100
2024-10-02 00:00:00-04:00,165.25953808497383,166.35187375711521,163.58132016704218,164.7034454345703,17760200
2024-10-03 00:00:00-04:00,163.26355943212087,165.4780052194021,162.77697078682365,164.7034454345703,15073100
2024-10-04 00:00:00-04:00,166.88807682048628,167.05688955338184,164.32606593132192,165.89505004882812,19047400
2024-10-07 00:00:00-04:00,166.5504741138898,167.30516910862042,161.6151291721409,161.84352111816406,22463100
2024-10-08 00:00:00-04:00,162.79683039346867,163.58131496769886,161.73428435048646,163.2337646484375,23072700
2024-10-09 00:00:00-04:00,162.31023226464953,163.69053895167258,158.62611121223813,160.7313232421875,31181800
2024-10-10 00:00:00-04:00,159.74821424684626,161.93288529839,159.28149044514248,160.9497833251953,14144100
2024-10-11 00:00:00-04:00,160.99942432308654,162.7570706789559,160.11563116287005,162.1016845703125,15344300
2024-10-14 00:00:00-04:00,162.49890499208357,165.07084076824168,162.26057310515668,163.80970764160156,19016100
2024-10-15 00:00:00-04:00,164.63391416283739,166.51073429604153,163.4820145370709,164.3062286376953,20247200
2024-10-16 00:00:00-04:00,163.38268908336363,164.6438372917239,162.59820462214802,164.00830078125,16406000
2024-10-17 00:00:00-04:00,164.57431638671383,165.20985289039217,161.62502577447916,161.79383850097656,21453400
2024-10-18 00:00:00-04:00,162.0520493579974,163.5614543687219,161.94281580158204,162.2804412841797,19757700
2024-10-21 00:00:00-04:00,161.8137182306033,163.35291284104187,161.48601755980903,162.92591857910156,20946500
2024-10-22 00:00:00-04:00,161.84352257963812,164.61407616151644,161.84352257963812,163.98846435546875,16568100
2024-10-23 00:00:00-04:00,163.61108623567196,164.66370734673023,160.80081863998697,161.6448974609375,18280500
2024-10-24 00:00:00-04:00,161.69456070594023,162.1910741214277,159.88724460042005,161.5853271484375,22412500
2024-10-25 00:00:00-04:00,162.52871978198885,164.43532971584082,162.28046304342914,164.11756896972656,19828900
2024-10-28 00:00:00-04:00,167.57327733196706,167.57327733196706,162.80674552404707,165.55743408203125,32138600
2024-10-29 00:00:00-04:00,166.56039624660548,169.19192660016526,165.92485964222502,168.49679565429688,42169000
2024-10-30 00:00:00-04:00,179.42008224519654,180.75074972710868,172.84624941070035,173.24346923828125,68890800
2024-10-31 00:00:00-04:00,171.92272737485058,175.5869985344097,169.80757553261074,169.91680908203125,44769000
2024-11-01 00:00:00-04:00,168.88407180529182,171.11838206105315,167.70236751230738,170.09555053710938,31796500
2024-11-04 00:00:00-05:00,168.7450359899921,169.53946045641658,166.83842636200512,168.0598602294922,21492700
2024-11-05 00:00:00-05:00,168.24851494635325,169.34085043209328,167.66263280054076,168.55636596679688,18242100
2024-11-06 00:00:00-05:00,172.5880503091246,175.70615366421993,172.29013925687767,175.27914428710938,33695500
2024-11-07 00:00:00-05:00,176.1728726645821,179.81727888041343,175.95440557568668,179.4895782470703,25352900
2024-11-08 00:00:00-05:00,179.39028805337082,179.63854475709948,176.83821701828134,177.10633850097656,22006200
2024-11-11 00:00:00-05:00,177.33473026430633,179.29099430009822,177.22549670866968,179.09239196777344,17450400
2024-11-12 00:00:00-05:00,178.56607957571185,181.21745921136755,178.13907018890748,180.353515625,25134900
2024-11-13 00:00:00-05:00,179.2016288670182,179.69814228328764,177.295004014443,177.6326446533203,23184000
2024-11-14 00:00:00-05:00,177.03682125408577,177.57306422524127,173.10444351008397,174.35565185546875,31007500
2024-11-15 00:00:00-05:00,172.51852911342962,172.92567370824764,170.02603748244363,171.2871856689453,32504600
2024-11-18 00:00:00-05:00,172.2106958182379,174.21661408019878,171.69431766961333,174.0775909423828,20135300
2024-11-19 00:00:00-05:00,172.50861780572185,177.6226997913749,172.34972988032243,176.8779296875,23434900
2024-11-20 00:00:00-05:00,176.10338583496625,176.4410113425249,172.56821251491007,174.75286865234375,18997100
2024-11-21 00:00:00-05:00,172.68732565817476,172.91573269379919,162.55845701794937,166.4610595703125,59734400
2024-11-22 00:00:00-05:00,164.6935100313798,165.29925701927786,162.75709554141247,163.61109924316406,38604600
2024-11-25 00:00:00-05:00,164.93183746085825,167.45413432230188,164.4551887820581,166.48095703125,33135300
2024-11-26 00:00:00-05:00,166.46108883905265,168.6358199751134,166.41143446812606,167.94068908691406,20486700
2024-11-27 00:00:00-05:00,167.82153482882035,168.29818346613916,166.8483727748482,168.0499267578125,19266500
2024-11-29 00:00:00-05:00,167.3250068391348,168.2485144405321,165.99435463496883,167.77186584472656,14257200
2024-12-02 00:00:00-05:00,167.59314004161567,170.88005637942206,167.3945377088188,170.29417419433594,23789100
2024-12-03 00:00:00-05:00,170.2941657432139,171.47585486804743,169.6586292183714,170.14520263671875,22248700
2024-12-04 00:00:00-05:00,169.956535651712,173.69032622472676,169.86716687371202,173.15408325195312,31615100
2024-12-05 00:00:00-05:00,174.13716051094008,174.83227616165263,171.12829086026773,171.43612670898438,21356200
2024-12-06 00:00:00-05:00,170.83040986678466,173.85914482652376,170.66159711852214,173.49172973632812,21462400
2024-12-09 00:00:00-05:00,172.94491881984126,175.23148577080642,172.63671498294693,174.3466796875,25389600
2024-12-10 00:00:00-05:00,181.7830835704706,185.27259739857968,179.9935834651244,184.08953857421875,54813000
2024-12-11 00:00:00-05:00,184.22869140717978,194.46859270076922,183.77138405763577,194.2598114013672,67894100
2024-12-12 00:00:00-05:00,193.86217496876662,194.04111738725587,190.59137879398537,190.8399200439453,34817500
2024-12-13 00:00:00-05:00,189.89544591832112,191.6054108844412,188.5334447604449,188.71240234375,25143500
2024-12-16 00:00:00-05:00,191.74458805351563,197.83882401959605,191.4960468173101,195.51248168945312,44934900
2024-12-17 00:00:00-05:00,196.09901710347702,200.2446827169294,193.84225864137167,194.27969360351562,43504000
2024-12-18 00:00:00-05:00,194.08087100994013,195.8504833002915,186.64452188139882,187.3006591796875,34166100
2024-12-19 00:00:00-05:00,190.5118237091531,191.90364849444197,187.28078779996244,187.41001892089844,32265200
2024-12-20 00:00:00-05:00,184.69595286927182,191.76446587529261,184.13922295556452,190.29310607910156,63462900
2024-12-23 00:00:00-05:00,191.49604252749893,193.96158245764806,189.04045395521715,193.49432373046875,25675000
2024-12-24 00:00:00-05:00,193.703074128042,194.96566772460938,192.64926182293522,194.96566772460938,10403300
2024-12-26 00:00:00-05:00,194.0112928154141,195.60196287620988,193.2457966910566,194.45867919921875,12046600
2024-12-27 00:00:00-05:00,193.81241611350345,194.1802673885877,189.5375046295198,191.63519287109375,18891400
2024-12-30 00:00:00-05:00,188.69248471347018,191.42643795171404,188.0164447517429,190.12408447265625,14264700
2024-12-31 00:00:00-05:00,189.96503162659658,190.83990159620672,187.41002054250913,188.19541931152344,17466900
2025-01-02 00:00:00-05:00,189.53752836365504,190.87965701997763,186.4059150585719,188.32464599609375,20370800
2025-01-03 00:00:00-05:00,190.2533357330172,192.08261071335764,188.87144710211905,190.67088317871094,18596200
2025-01-06 00:00:00-05:00,192.8481012552134,197.06336585299624,192.71887013485082,195.7212371826172,29563600
2025-01-07 00:00:00-05:00,195.9598465030939,199.82714740579908,193.46449803391354,194.34930419921875,26487200
2025-01-08 00:00:00-05:00,191.44634580773328,195.14462535167834,191.2574520458894,192.8182830810547,24864800
2025-01-10 00:00:00-05:00,193.16624068951896,195.37328795351274,189.19951732698908,190.91941833496094,26665200
2025-01-13 00:00:00-05:00,188.96092925794855,190.06443773067767,186.26673571233505,189.8954315185547,21823700
2025-01-14 00:00:00-05:00,190.1241119208904,190.85978428074978,187.21120070733548,188.55332946777344,17174900
2025-01-15 00:00:00-05:00,191.96331352397246,195.21423727602792,190.74049483860904,194.40896606445312,21776000
2025-01-16 00:00:00-05:00,193.00718142531574,194.33935880818177,191.6849402307685,191.78436279296875,17815400
2025-01-17 00:00:00-05:00,195.38324473334276,196.07915719403834,192.61946726818474,194.85633850097656,27735100
2025-01-21 00:00:00-05:00,197.9084311961374,201.10962849733662,196.71542107622028,196.89437866210938,29971300
2025-01-22 00:00:00-05:00,197.89847013086398,199.31018252245178,196.3773989893062,197.21249389648438,26200600
2025-01-23 00:00:00-05:00,196.98383809552067,199.13123797930666,194.060990781993,196.82476806640625,26951400
2025-01-24 00:00:00-05:00,196.9440747387753,199.72772435097139,196.8446521798743,199.04176330566406,23877500
2025-01-27 00:00:00-05:00,191.28727038356462,195.73118866143682,189.61706547784135,190.69076538085938,41728900
2025-01-28 00:00:00-05:00,191.62527696108057,194.3393427841272,189.56734841729389,194.160400390625,24157900
2025-01-29 00:00:00-05:00,194.41887879385513,195.64169733166847,192.30130277467072,194.26976013183594,18218300
2025-01-30 00:00:00-05:00,196.84465797279535,200.22481269836635,196.5165817224703,199.69790649414062,24354700
2025-01-31 00:00:00-05:00,200.82131144659704,204.28100107943342,200.62248149891727,202.82952880859375,32001100
2025-02-03 00:00:00-05:00,199.51897423058907,202.56111667222356,198.93242052734664,200.05581665039062,27838300
2025-02-04 00:00:00-05:00,202.20320734762427,205.84185468330165,201.62658985975028,205.17576599121094,43856400
2025-02-05 00:00:00-05:00,189.9550998506434,191.62528964623422,186.93282997802248,190.2135772705078,70373900
2025-02-06 00:00:00-05:00,188.3942574313725,190.979092361129,187.61880998639617,190.4820098876953,29297400
2025-02-07 00:00:00-05:00,189.93521824759102,190.0644493766904,182.17079235327273,184.25852966308594,49315000
2025-02-10 00:00:00-05:00,186.25681277496034,187.10184389569162,184.77550151190874,185.38194274902344,23105600
2025-02-11 00:00:00-05:00,183.95034637836022,185.84920514475974,183.2047226379184,184.23866271972656,21239500
2025-02-12 00:00:00-05:00,182.1508962864482,184.02986736226762,180.76900766634557,182.5386199951172,22072600
2025-02-13 00:00:00-05:00,183.24449120134597,185.19304601185559,182.07136866992408,185.05386352539062,21402500
2025-02-14 00:00:00-05:00,183.98016370030402,185.31234109604222,183.2444913440249,184.149169921875,20448400
2025-02-18 00:00:00-05:00,184.51700109702455,184.8749010476211,180.67952419275377,182.6976776123047,29916700
2025-02-19 00:00:00-05:00,182.99596980615425,184.37785863223903,182.518759655312,184.18896484375,19549400
2025-02-20 00:00:00-05:00,183.72166776984332,184.22868638349084,181.65380305634184,183.48306274414062,20441500
2025-02-21 00:00:00-05:00,184.06963495987821,184.25852872808807,178.03506158410121,178.61167907714844,35199200
2025-02-24 00:00:00-05:00,180.92807303443473,182.05146903999804,177.8461558204417,178.2040557861328,29854200
2025-02-25 00:00:00-05:00,177.00109982499515,177.69702734245087,173.6706567432134,174.39639282226562,41913400
2025-02-26 00:00:00-05:00,174.0484644370393,175.05256557173047,170.57882331320525,171.72210693359375,35431300
2025-02-27 00:00:00-05:00,172.97477115402882,173.54143730705212,166.96006996247044,167.5167999267578,39991000
2025-02-28 00:00:00-05:00,167.69573747342162,169.61448372650818,165.7968939367366,169.28640747070312,48130600
2025-03-03 00:00:00-05:00,170.92676623691273,172.35836613901347,164.96177675799476,166.0354766845703,40770500
2025-03-04 00:00:00-05:00,165.2699986950009,172.27884996330545,164.8325636582221,169.9226837158203,45388000
2025-03-05 00:00:00-05:00,169.52502444721483,172.76599697021635,168.0735368348526,172.01043701171875,30954900
2025-03-06 00:00:00-05:00,169.5349424001719,173.78996703932643,169.50511866618623,171.34432983398438,28302000
2025-03-07 00:00:00-05:00,170.26068506359857,173.94904372851937,169.27647146487496,172.84552001953125,27385800
2025-03-10 00:00:00-04:00,167.47083096485238,167.66990508590422,162.9222728186128,165.092041015625,43604000
2025-03-11 00:00:00-04:00,164.13655982614347,165.96792640359425,160.6131542630149,163.2706298828125,39587400
2025-03-12 00:00:00-04:00,165.7987351046607,166.85376123322993,162.76303668655365,166.3262481689453,28372400
2025-03-13 00:00:00-04:00,165.26125850902773,165.35084794741115,161.34969766951576,161.99664306640625,31756200
2025-03-14 00:00:00-04:00,162.50423247849787,165.70913119386128,161.68807116679397,164.7138214111328,31995900
2025-03-17 00:00:00-04:00,164.2559897412009,165.52003755245735,162.90236768488202,163.5194549560547,31184300
2025-03-18 00:00:00-04:00,162.91230471538228,163.47963860497418,155.9849568446372,159.9164276123047,42074800
2025-03-19 00:00:00-04:00,161.00135307783222,165.09207811423394,160.24492288441297,163.12136840820312,34275600
2025-03-20 00:00:00-04:00,160.81222633390425,164.11664727374668,160.20508669307458,162.0364532470703,28138500
2025-03-21 00:00:00-04:00,160.45391074936325,163.46969843906228,160.13540430124633,163.2208709716797,36625800
2025-03-24 00:00:00-04:00,166.2864302357092,167.53056759539257,164.36547425500177,166.8935546875,30879100
2025-03-25 00:00:00-04:00,168.18747918173491,169.82974979049783,167.53058612545505,169.76007080078125,24174400
2025-03-26 00:00:00-04:00,168.20736616989782,168.81450579137277,164.0668735115514,164.2858428955078,28901600
2025-03-27 00:00:00-04:00,163.85787020298363,164.6441583248392,161.24020036188836,161.4790802001953,24508300
2025-03-28 00:00:00-04:00,159.73728296251087,161.06104688273138,152.90945679818688,153.60617065429688,48669300
2025-03-31 00:00:00-04:00,152.3918806247014,154.8104760939089,149.9533747075238,153.91470336914062,54603500
2025-04-01 00:00:00-04:00,152.89951197653428,157.35851155491952,152.89951197653428,156.33334350585938,30672900
2025-04-02 00:00:00-04:00,154.42231653657922,157.6670363544579,153.97443014331054,156.30345153808594,25041700
2025-04-03 00:00:00-04:00,150.40127754802887,152.06344323592336,149.68465321481136,150.0131072998047,46883400
2025-04-04 00:00:00-04:00,147.31581486644404,150.36147595978116,144.69816012059908,144.91712951660156,62259500
2025-04-07 00:00:00-04:00,140.8861135726325,152.13311801627722,139.87089326407514,146.0617218017578,76794100
2025-04-08 00:00:00-04:00,150.5107562403341,151.52597653644034,142.3591661655056,144.02133178710938,52200200
2025-04-09 00:00:00-04:00,143.74265056471972,158.80169385849172,143.23504799502373,157.96563720703125,70406200
2025-04-10 00:00:00-04:00,155.80579483834862,156.98026834062628,149.2267962236283,152.10325622558594,48022000
2025-04-11 00:00:00-04:00,152.18285066485188,156.93048229888637,152.1032392517178,156.40296936035156,33636200
2025-04-14 00:00:00-04:00,159.24959030436233,160.96152461511218,156.82103162226488,158.32395935058594,30333000
2025-04-15 00:00:00-04:00,158.38367026397722,158.90122048049952,154.48205725338974,155.57688903808594,27551500
2025-04-16 00:00:00-04:00,152.381953334393,155.1588613016161,150.7993990348029,152.61087036132812,28187400
2025-04-17 00:00:00-04:00,153.56634392432957,153.9545141427958,147.8035068059891,150.45103454589844,33046600
2025-04-21 00:00:00-04:00,148.1817487017602,148.25141250019158,145.41478828401154,146.9774169921875,26049100
2025-04-22 00:00:00-04:00,148.19166631370922,151.4761914872268,147.84330183044926,150.7595672607422,26971800
2025-04-23 00:00:00-04:00,154.8801740321897,156.79116721631257,153.08861317606707,154.62139892578125,31128800
2025-04-24 00:00:00-04:00,155.41764910962075,158.84151791059642,155.05933690516457,158.53297424316406,45894000
2025-04-25 00:00:00-04:00,164.29580798857202,165.32097594255075,160.2846952290497,161.2003936767578,56034000
2025-04-28 00:00:00-04:00,161.6681914813915,162.38481587629502,157.85616765293435,159.8567352294922,29745800
2025-04-29 00:00:00-04:00,159.56806668176705,159.98609495501276,156.78119633957397,159.4088134765625,26809000
2025-04-30 00:00:00-04:00,157.23906011670073,158.5230184445377,154.67115864825115,158.0552215576172,34981100
2025-05-01 00:00:00-04:00,159.69746807136784,161.19043289943403,158.16469753026496,160.54348754882812,30203200
2025-05-02 00:00:00-04:00,162.64359387625743,164.19627488526416,161.11080813038504,163.26068115234375,25715000
2025-05-05 00:00:00-04:00,162.2355030126838,164.61429290949133,161.95681747402023,163.43983459472656,21341800
2025-05-06 00:00:00-04:00,161.40939053220953,164.02706019999394,160.43399116800987,162.46441650390625,21277200
2025-05-07 00:00:00-04:00,163.3104292378871,164.22611240580434,147.14659307066745,150.6699981689453,127490100
2025-05-08 00:00:00-04:00,154.27302076354474,155.19865159825923,152.18286408476257,153.556396484375,57498700
2025-05-09 00:00:00-04:00,153.4469228058081,154.3228003625665,151.48616112175256,152.03358459472656,32435300
2025-05-12 00:00:00-04:00,156.75136032378487,158.35380985703912,155.5171705905775,157.71681213378906,44138800
2025-05-13 00:00:00-04:00,158.045234090469,159.81689948015563,155.42757968301973,158.78176879882812,42382100
2025-05-14 00:00:00-04:00,159.209775932056,166.21675084206151,158.86141139731794,164.59439086914062,48755900
2025-05-15 00:00:00-04:00,165.06219714400765,165.43047214987737,161.6084704301294,163.19102478027344,33146700
2025-05-16 00:00:00-04:00,166.94332352608356,168.55573587450803,164.8432190515902,165.41055297851562,42846900
2025-05-19 00:00:00-04:00,163.73841809182645,165.85843293399518,163.44978491746534,165.75889587402344,30426100
2025-05-20 00:00:00-04:00,165.6494285946027,167.7097274922387,162.13598566686494,163.21092224121094,46607700
2025-05-21 00:00:00-04:00,162.9222851886465,172.32796100800184,162.79289003758296,167.76943969726562,73416000
2025-05-22 00:00:00-04:00,171.0440181854767,175.94094123693523,169.90936546851952,170.068603515625,74864400
2025-05-23 00:00:00-04:00,168.26709983843824,169.16288791706646,167.10258900472385,167.67987060546875,35211400
2025-05-27 00:00:00-04:00,169.3619263053745,172.3578034614341,169.20267308577203,172.0890655517578,37995700
2025-05-28 00:00:00-04:00,172.34785613681433,174.4479605139837,171.10371883250124,171.55160522460938,34784000
2025-05-29 00:00:00-04:00,173.1839330438727,173.60196140461508,169.82974333850962,171.05397033691406,29317300
2025-05-30 00:00:00-04:00,170.5463542897915,171.4023213954702,166.65468900773928,170.9345245361328,52639900
2025-06-02 00:00:00-04:00,167.0528072022302,169.07328505076367,166.6049207920985,168.2372283935547,38612300
2025-06-03 00:00:00-04:00,166.70445769264217,167.68980475652552,164.50481616986866,165.4005889892578,45084900
2025-06-04 00:00:00-04:00,165.95797207058334,167.4310264158141,165.57974946262576,167.26182556152344,26900800
2025-06-05 00:00:00-04:00,169.54109671137655,170.12832594897296,166.8039942928028,167.4210968017578,36379100
2025-06-06 00:00:00-04:00,170.0287933558417,173.68157889465496,170.0287933558417,172.86541748046875,35731800
2025-06-09 00:00:00-04:00,173.93168685751374,175.85496833236684,173.76228116584014,175.47628784179688,28935900
2025-06-10 00:00:00-04:00,175.58589455754145,180.478785591731,174.30039723040252,177.9775390625,61766100
2025-06-11 00:00:00-04:00,179.14346702948194,179.74136677669094,176.133988123354,176.73190307617188,31646800
2025-06-12 00:00:00-04:00,175.56595402805004,176.1040804857289,174.140945293723,175.08763122558594,20941900
2025-06-13 00:00:00-04:00,171.83900983498697,176.51266655178486,171.7891810552309,174.0612335205078,27663100
2025-06-16 00:00:00-04:00,174.12103189678987,176.32333636040028,174.04130888575864,176.1539306640625,27389200
2025-06-17 00:00:00-04:00,175.08766326949169,176.74188163753837,173.97157145760983,175.3367919921875,24973000
2025-06-18 00:00:00-04:00,175.39656976170295,175.94465595934807,172.596365522182,172.71595764160156,28707500
2025-06-20 00:00:00-04:00,173.34373983894176,173.73237998796506,164.88333923967906,166.05921936035156,75659900
2025-06-23 00:00:00-04:00,165.69052617853575,166.7567891470348,161.43540356766906,164.61428833007812,57671000
2025-06-24 00:00:00-04:00,166.33823760737837,167.63370980295525,165.55099765783086,166.1887664794922,40524300
2025-06-25 00:00:00-04:00,167.04577098702603,171.7592814568519,166.96604798303133,170.0851287841797,35479000
2025-06-26 00:00:00-04:00,171.82903340932134,173.0846517431964,169.3477213792513,172.93516540527344,31796700
2025-06-27 00:00:00-04:00,172.93516183654683,178.0572470081361,171.1314725843347,177.90777587890625,108140200
2025-06-30 00:00:00-04:00,180.14994433141436,180.59837295030215,173.9715556124037,175.6157989501953,63378900
2025-07-01 00:00:00-04:00,175.12751523681553,175.47628629108172,172.92521085330227,175.22715759277344,35904500
2025-07-02 00:00:00-04:00,174.9282231883483,178.23666003698847,174.45987516290953,178.01742553710938,29128900
2025-07-03 00:00:00-04:00,177.8778878701253,179.0438083356934,176.43294448317042,178.904296875,21689700
2025-07-07 00:00:00-04:00,178.43595167386934,178.67512071867887,175.06772651945082,176.17385864257812,34175600
2025-07-08 00:00:00-04:00,177.23017699013243,177.32981935448504,172.20773349396308,173.75233459472656,40442500
2025-07-09 00:00:00-04:00,174.63923502855474,178.81463486384698,172.16788235105685,176.00445556640625,43025600
2025-07-10 00:00:00-04:00,175.0179065004666,177.80813589252995,173.77226294843484,177.00096130371094,29252400
2025-07-11 00:00:00-04:00,176.1738371634896,180.79766502679848,175.8649200217802,179.56199645996094,34282900
2025-07-14 00:00:00-04:00,180.37915984768367,183.02989317912372,179.05379318196364,180.92724609375,32536600
2025-07-15 00:00:00-04:00,182.17286668727073,183.5779561932956,180.9670923041272,181.36569213867188,33448300
2025-07-16 00:00:00-04:00,182.60138443088442,183.68758195520638,181.39559478616047,182.3323211669922,33104200
2025-07-17 00:00:00-04:00,181.50521696666215,183.41852368346133,179.85099864083438,182.94020080566406,31992600
2025-07-18 00:00:00-04:00,184.7538504683164,185.77029989137577,183.06975311389598,184.4150390625,34014500
2025-07-21 00:00:00-04:00,185.6008814217948,189.62679452163042,185.50122385959315,189.43746948242188,45803100
2025-07-22 00:00:00-04:00,190.8325874995953,190.98205863993607,186.80667432845317,190.6731414794922,44660200
2025-07-23 00:00:00-04:00,190.83261008559217,191.85901925237124,188.52068813729787,189.56703186035156,58681900
2025-07-24 00:00:00-04:00,196.34330659716778,197.26009837341095,190.33432366848066,191.500244140625,74881700
2025-07-25 00:00:00-04:00,191.31089919737093,193.65271496353512,190.59340735435927,192.5067138671875,39785900
2025-07-28 00:00:00-04:00,192.97509170180885,193.37370675914636,190.17488744855515,191.90882873535156,38139500
2025-07-29 00:00:00-04:00,191.7593279801271,195.23716996676416,191.41055693747035,195.06776428222656,41389200
2025-07-30 00:00:00-04:00,194.91831074404357,196.91134044406198,194.0114785811888,195.84506225585938,32445400
2025-07-31 00:00:00-04:00,195.02790454929124,195.30692745731486,190.42399615568507,191.23117065429688,51329200
2025-08-01 00:00:00-04:00,188.371198147092,190.16492789219942,187.16542371122097,188.47085571289062,34832200
2025-08-04 00:00:00-04:00,189.62679933287328,194.5894541087341,189.45739363731957,194.36024475097656,31547400
2025-08-05 00:00:00-04:00,194.03140047861146,197.17041596913074,193.21425105621586,193.9915313720703,31602300
2025-08-06 00:00:00-04:00,193.82213079278006,195.94471220658852,192.99502167474958,195.40658569335938,21562900
2025-08-07 00:00:00-04:00,196.37320958328212,196.85153244317704,193.65272836026733,195.83509826660156,26321800
2025-08-08 00:00:00-04:00,196.53265828436582,201.9038726725722,196.48282950116197,200.718017578125,39161800
2025-08-11 00:00:00-04:00,200.2396805407711,200.77779182670545,198.3762027845806,200.29946899414062,25832400
2025-08-12 00:00:00-04:00,200.66818175308578,203.7872779637538,199.8909014203329,202.63131713867188,30397900
2025-08-13 00:00:00-04:00,203.41856930663727,203.81716914109546,196.82163104540848,201.25613403320312,28342900
2025-08-14 00:00:00-04:00,200.7977432270797,203.7274993328687,200.5286799587332,202.23272705078125,25230400
2025-08-15 00:00:00-04:00,203.13954799676898,205.7205176785909,200.57849766290207,203.18936157226562,34931400
2025-08-18 00:00:00-04:00,203.4883135252893,204.5545916306713,201.7842817792717,202.79075622558594,18526600
2025-08-19 00:00:00-04:00,202.3223803786228,202.73095505911667,199.26308812547938,200.8674774169922,24240200
2025-08-20 00:00:00-04:00,200.03040999419306,200.57849617106174,195.9148142419443,198.62533569335938,28955500
2025-08-21 00:00:00-04:00,199.0538330078125,201.77431417758274,198.73494097038414,199.0538330078125,19774600
2025-08-22 00:00:00-04:00,202.02344423178036,207.81319287530533,200.59843534470966,205.37173461914062,42827000
2025-08-25 00:00:00-04:00,205.71053353164982,209.78629043498435,204.56454764589003,207.76336669921875,29928900
2025-08-26 00:00:00-04:00,206.78679645866202,207.12562307278867,204.98310696587825,206.4180908203125,28464100
2025-08-27 00:00:00-04:00,204.98310175479907,208.1819211161226,204.9332729711404,206.75689697265625,23022900
2025-08-28 00:00:00-04:00,206.52770514920687,211.48038522978865,206.17891886526334,210.90240478515625,32339300
2025-08-29 00:00:00-04:00,209.77632411753885,213.90189476250458,209.46740696384475,212.16796875,39728400
2025-09-02 00:00:00-04:00,207.7135567307211,210.94225509702446,205.48135800383685,210.61341857910156,47523000
2025-09-03 00:00:00-04:00,225.42162175778444,230.50383816310156,224.0065573472935,229.85610961914062,103336100
2025-09-04 00:00:00-04:00,228.84962875122605,231.5601503541196,225.32197287992437,231.4904022216797,51684200
2025-09-05 00:00:00-04:00,231.3907399385365,234.9383302920627,231.09178244912047,234.1809844970703,46588900
2025-09-08 00:00:00-04:00,234.85920568133895,237.512309448077,233.0638717332001,233.4329071044922,32474700
2025-09-09 00:00:00-04:00,233.56257898038902,239.8462403027557,232.62501483391662,239.0084228515625,38061000
2025-09-10 00:00:00-04:00,238.280317666347,241.03316831731985,237.23305340830441,238.54962158203125,35141100
2025-09-11 00:00:00-04:00,239.25778647565335,241.62163412512044,235.63719736660352,239.7465057373047,30599300
2025-09-12 00:00:00-04:00,239.746507229255,241.45207841249842,237.38265956507763,240.17539978027344,26771600
2025-09-15 00:00:00-04:00,244.02536743382055,251.75526430827645,244.02536743382055,250.95733642578125,58383800
2025-09-16 00:00:00-04:00,251.42614148517077,252.38364285638542,248.82291085216548,250.50852966308594,34109700
2025-09-17 00:00:00-04:00,250.56833954255416,250.94735869724613,245.6411514083901,248.88272094726562,34108000
2025-09-18 00:00:00-04:00,251.02715300766394,253.33117381914667,249.15203994052993,251.37625122070312,31239500
2025-09-19 00:00:00-04:00,252.5930770553269,255.33594363736893,251.15680993729336,254.05926513671875,55571400
2025-09-22 00:00:00-04:00,253.7700196733437,255.11652395864965,249.65074294375358,251.8749542236328,32290500
2025-09-23 00:00:00-04:00,252.38362744671002,253.7002107757565,249.8302703204236,251.00721740722656,26628000
2025-09-24 00:00:00-04:00,251.00722705371746,251.69543970951247,245.80076590550527,246.4989471435547,28201000
2025-09-25 00:00:00-04:00,243.76604145127706,245.85063173864694,240.1155467413105,245.15243530273438,31020400
2025-09-26 00:00:00-04:00,246.42912138871642,248.77301648715127,245.33196864020064,245.90048217773438,18503200
2025-09-29 00:00:00-04:00,247.2071078925349,250.49853584610034,242.14028307987255,243.41696166992188,32505800
2025-09-30 00:00:00-04:00,242.18018034462705,242.6589310263489,238.6294169517045,242.4694366455078,34724300
2025-10-01 00:00:00-04:00,240.12551089529904,245.66111761710096,237.9910625183314,244.26473999023438,31658200
2025-10-02 00:00:00-04:00,244.51411127313986,246.1698091326398,241.6715128807893,245.05271911621094,25483300
2025-10-03 00:00:00-04:00,243.85580746990237,245.661109961835,241.03314655883116,244.7135772705078,30249600
2025-10-06 00:00:00-04:00,244.14505728413704,250.66810152305118,243.94557911341744,249.7803955078125,28894700
2025-10-07 00:00:00-04:00,247.62602723387863,249.7903967365714,244.88316034229135,245.12252807617188,23181300
2025-10-08 00:00:00-04:00,244.3246032710778,245.37186749350337,243.18756093367097,243.9854736328125,21307100
2025-10-09 00:00:00-04:00,243.83586445575082,244.12510552114733,238.52965682972516,240.9034881591797,27892100
2025-10-10 00:00:00-04:00,240.80373872383117,243.45684250665406,235.22824247873842,235.95635986328125,33180300
2025-10-13 00:00:00-04:00,239.58694087972822,243.865806618421,239.08823779870895,243.51670837402344,24995000
2025-10-14 00:00:00-04:00,240.60426901896764,246.47899033376285,239.88613541009548,244.81332397460938,22111600
2025-10-15 00:00:00-04:00,246.60865147753682,251.45604559967558,245.3519253048375,250.37884521484375,27007700
2025-10-16 00:00:00-04:00,251.1169327071502,256.29345747170413,249.45126638195018,250.8077392578125,27997200
2025-10-17 00:00:00-04:00,250.10955476977685,253.5605866634714,247.1672097408255,252.64297485351562,29671600
2025-10-20 00:00:00-04:00,254.0293759063695,256.6625123260812,253.5705623788801,255.88453674316406,22350200
2025-10-21 00:00:00-04:00,254.07923005269296,254.2188662949897,243.51668810909678,249.81033325195312,47312100
2025-10-22 00:00:00-04:00,253.710180894347,255.69500926260113,248.64335615777878,251.03713989257812,35029400
2025-10-23 00:00:00-04:00,252.32380676284896,254.37846102281014,251.1967481481307,252.42355346679688,19901400
2025-10-24 00:00:00-04:00,255.91442564996356,261.00120248797276,254.65771475094738,259.24578857421875,28655100
2025-10-27 00:00:00-04:00,264.13306424820985,269.43927147389144,263.5944564854066,268.5715026855469,35235200
2025-10-28 00:00:00-04:00,268.99045739081123,270.0277682724026,265.80872945123696,266.7762145996094,29738600
2025-10-29 00:00:00-04:00,267.0555012387311,274.6258103943446,266.97572213826885,273.8578186035156,43580300
2025-10-30 00:00:00-04:00,290.8336389163956,290.8336389163956,279.3335478851562,280.7498779296875,74876000
2025-10-31 00:00:00-04:00,282.47535101357687,285.25812233816373,276.3113891018392,280.4606018066406,39267900
2025-11-03 00:00:00-05:00,281.44802550171426,284.78934178113053,279.07419428639605,282.9840393066406,29786000
2025-11-04 00:00:00-05:00,276.03213953132416,280.5404041676455,275.5434202802167,276.8200988769531,30078400
2025-11-05 00:00:00-05:00,278.1466483880774,285.6770830892533,276.6206181949745,283.5725402832031,31010300
2025-11-06 00:00:00-05:00,284.58986519375543,287.60205105478576,280.41076169575746,284.0113830566406,37173600
2025-11-07 00:00:00-05:00,282.47536340962876,283.04389217242976,274.47617771869056,278.1067199707031,34479600
2025-11-10 00:00:00-05:00,283.68227447504086,290.04570023123154,282.1262928563078,289.3475341796875,29557300
2025-11-11 00:00:00-05:00,287.0035887304013,291.1627853205446,286.5747114373448,290.5543518066406,19842100
2025-11-12 00:00:00-05:00,290.9233873275988,291.2525483673142,282.9541227840324,285.9662780761719,24829900
2025-11-13 00:00:00-05:00,281.60762197974475,282.1063250073575,276.5208450104115,277.847412109375,29494000
2025-11-14 00:00:00-05:00,270.706023148486,277.83747146334946,269.9978732620401,275.69305419921875,31647200
2025-11-17 00:00:00-05:00,285.038677928695,293.1874981262189,282.8344192497114,284.2806396484375,52670200
2025-11-18 00:00:00-05:00,287.1731753233953,288.05086711584505,277.4783868942568,283.5426025390625,49158700
2025-11-19 00:00:00-05:00,286.41513772838755,303.0219431129204,285.88651371587775,292.05047607421875,68198900
2025-11-20 00:00:00-05:00,303.75007371618807,305.625202125324,287.921243180084,288.69921875,62025200
2025-11-21 00:00:00-05:00,295.65113486551246,303.1316807498811,293.0877938372482,298.8827209472656,74137700
2025-11-24 00:00:00-05:00,310.322914576409,318.6512602521973,308.79688470774175,317.7535705566406,85165100
2025-11-25 00:00:00-05:00,325.3638477455269,327.97704695686997,316.8260536395487,322.6010437011719,88632100
2025-11-26 00:00:00-05:00,319.8481736259059,323.6582721471574,315.9682798124272,319.1200866699219,51373400
2025-11-28 00:00:00-05:00,322.5312152935296,326.0021995827445,315.9682963529555,319.3494873046875,26018600
2025-12-01 00:00:00-05:00,316.8759202886677,319.02033724928003,313.07580560094704,314.0732116699219,41183000
2025-12-02 00:00:00-05:00,315.9184251730286,317.5541859262309,313.095779063488,314.9908447265625,35854700
2025-12-03 00:00:00-05:00,315.07061440214585,320.74582687116515,313.2852490348319,318.8009033203125,41838300
2025-12-04 00:00:00-05:00,321.39413892489085,321.52377613363177,313.883673135656,316.79608154296875,31240900
2025-12-05 00:00:00-05:00,318.6612638744486,322.32175763971526,318.3421170569229,320.4366455078125,28851700
2025-12-08 00:00:00-05:00,319.4285975207571,319.81785493964355,310.6157547321785,313.11090087890625,33909400
2025-12-09 00:00:00-05:00,311.7635388280278,317.3726229056239,311.2944500995635,316.4643859863281,30194000
2025-12-10 00:00:00-05:00,315.2168165746965,320.6861883612462,314.069055340672,319.58831787109375,33428900
2025-12-11 00:00:00-05:00,319.45856710455377,320.49655652430846,308.0008744502611,311.82342529296875,42353700
2025-12-12 00:00:00-05:00,313.0909556884665,314.25866704717134,304.96674508462553,308.68951416015625,35940200
2025-12-15 00:00:00-05:00,310.7155693717638,310.81538131016634,304.288070405232,307.62158203125,29151900
2025-12-16 00:00:00-05:00,304.3579426322819,310.16661977978157,302.00250880457793,305.97479248046875,30585000
2025-12-17 00:00:00-05:00,307.4120099511304,307.4918412298865,295.54507970361715,296.1439208984375,43930400
2025-12-18 00:00:00-05:00,301.13424909965397,303.36989066961956,298.64909287381425,301.872802734375,33518000
2025-12-19 00:00:00-05:00,301.1442091965169,306.65348128006514,300.3856749721532,306.56365966796875,59943200
2025-12-22 00:00:00-05:00,309.2783397630178,309.5278543613218,304.70721526542786,309.17852783203125,26429900
2025-12-23 00:00:00-05:00,309.02884787804055,314.328535898872,308.7194521900694,313.73968505859375,25478700
2025-12-24 00:00:00-05:00,314.15886656933606,314.4682622711062,311.3144241794057,313.4801940917969,10097400
2025-12-26 00:00:00-05:00,313.8694546536391,314.4782557314601,311.67371372407564,312.9013366699219,10899000
2025-12-29 00:00:00-05:00,310.76548227407176,313.41033130955566,310.0169383701615,312.95123291015625,19621800
2025-12-30 00:00:00-05:00,311.8932765746258,316.3346490163796,311.85334570689247,313.24066162109375,17380900
2025-12-31 00:00:00-05:00,312.2426007868329,313.9692224596297,310.83533467851674,312.3923034667969,16377700
2026-01-02 00:00:00-05:00,316.28471875384633,321.87385220157,309.7274673850438,314.5381164550781,32009400
2026-01-05 00:00:00-05:00,317.0432662013207,318.4006111389099,314.01915017003046,315.9254455566406,30195600
2026-01-06 00:00:00-05:00,315.7857038876524,320.3168980142969,311.17467848252585,313.7297058105469,31212100
2026-01-07 00:00:00-05:00,313.74965751082357,325.51677583182123,313.58000462136766,321.3548889160156,35104400
2026-01-08 00:00:00-05:00,328.3313118537803,329.67869694461876,320.8758135066914,324.80816650390625,31896100
2026-01-09 00:00:00-05:00,326.45496079982934,330.1876899539591,325.16745676828174,327.9320983886719,26214200
2026-01-12 00:00:00-05:00,325.1674658209474,333.39148904567276,324.36903115835116,331.2156982421875,33923900
2026-01-13 00:00:00-05:00,334.2996793666924,339.82890107364614,332.97224461379506,335.31768798828125,33517600
2026-01-14 00:00:00-05:00,334.40947336413166,335.8666302231012,329.83837890700147,335.1879577636719,28525600
2026-01-15 00:00:00-05:00,336.99445122357054,337.03438209247,330.097863235539,332.1339111328125,28442400
2026-01-16 00:00:00-05:00,333.7607557246461,334.00028002450074,327.0637915356931,329.35931396484375,40341600
2026-01-20 00:00:00-05:00,320.2470363972373,327.0937337673917,319.80788820634325,321.3748474121094,35361000
2026-01-21 00:00:00-05:00,320.2969541162656,331.83450818795274,318.729994927537,327.7424621582031,35386600
2026-01-22 00:00:00-05:00,333.8006975362521,334.49932025317224,328.1117515615861,329.8982849121094,26253600
2026-01-23 00:00:00-05:00,331.8444485977197,333.0421309365838,326.8142558744754,327.2933044433594,27280000
2026-01-26 00:00:00-05:00,327.1735452193246,335.1879535299186,326.3651202937951,332.61297607421875,26042100
2026-01-27 00:00:00-05:00,334.71886692218493,337.2539439848537,332.8325522369338,333.90045166015625,21636200
2026-01-28 00:00:00-05:00,335.40752623810386,336.8846637353836,331.2955302242731,335.3576354980469,27434400
2026-01-29 00:00:00-05:00,339.6393000059441,341.62545715973704,325.9060355700189,337.5932922363281,39785600
2026-01-30 00:00:00-05:00,339.33986686390534,339.33986686390534,331.6448448818816,337.34375,31024000
2026-02-02 00:00:00-05:00,335.56723722383623,344.160506471566,334.9783863513143,343.0227355957031,32006100
2026-02-03 00:00:00-05:00,346.66563680855586,348.322417578686,336.81480425638233,339.0504455566406,36506700
2026-02-04 00:00:00-05:00,342.2941565134455,342.6434831024425,327.8821884154679,332.3934326171875,70618400
2026-02-05 00:00:00-05:00,311.6138496060838,332.0441098613053,305.8650224655501,330.6069030761719,88205800
2026-02-06 00:00:00-05:00,326.54477434837446,329.7385737476322,319.2988903139048,322.233154296875,56380500
2026-02-09 00:00:00-05:00,320.3068750209908,327.0637498827195,316.64401774943576,323.6903076171875,39640100
2026-02-10 00:00:00-05:00,320.3468306795893,321.0454837970353,313.9991629255859,317.9614562988281,39170000
2026-02-11 00:00:00-05:00,318.3507205277581,320.43665913490463,309.0587983421378,310.35626220703125,45406400
2026-02-12 00:00:00-05:00,311.4840826487114,315.62601945223736,306.60359228041904,308.40008544921875,47761300
2026-02-13 00:00:00-05:00,307.1325723003695,308.03081891465297,303.1203573871305,305.12646484375,38499700
2026-02-17 00:00:00-05:00,299.4574878846074,303.8489392958333,295.67483755264817,301.4336242675781,39247600
2026-02-18 00:00:00-05:00,301.5035060024616,304.7871271852118,300.66514046909924,302.7410888671875,28482100
2026-02-19 00:00:00-05:00,301.23402488534225,304.87693233204385,299.4574819671566,302.26202392578125,25834400
2026-02-20 00:00:00-05:00,303.72916224594877,315.885507154404,303.30996428502766,314.36846923828125,53210800
2026-02-23 00:00:00-05:00,318.43057425110476,318.8996629968606,309.2684038978283,310.88525390625,31423000
2026-02-24 00:00:00-05:00,309.91711960911005,311.6637220131571,305.33603467292323,310.29638671875,25615600
2026-02-25 00:00:00-05:00,311.45411503231185,313.03106442763067,308.83920678711326,312.29248046875,29963600
2026-02-26 00:00:00-05:00,312.0330001798944,312.53202939170336,301.762970472535,306.783203125,36431200
2026-02-27 00:00:00-05:00,303.549553083736,311.7635557563691,303.21018636103327,311.1547546386719,44640600
2026-03-02 00:00:00-05:00,302.6412753457796,307.8910420913047,300.71499938521333,305.92486572265625,34790200
2026-03-03 00:00:00-05:00,298.01029817831704,303.34991750153205,296.13394323483243,302.9906005859375,35497000
2026-03-04 00:00:00-05:00,302.30191860555345,304.87689583508586,300.1660590434034,302.54144287109375,29536200
2026-03-05 00:00:00-05:00,302.4516473530844,302.711121843687,297.4114338033223,300.29583740234375,35752300
2026-03-06 00:00:00-05:00,295.5151547022239,299.94653713519574,294.60691775969326,297.9404296875,25576900
2026-03-09 00:00:00-04:00,293.99527562141907,306.4198649966507,293.71562375842984,305.98040771484375,29312100
2026-03-10 00:00:00-04:00,305.79068968096857,309.1265479913924,305.1914269440574,306.65960693359375,23239700
2026-03-11 00:00:00-04:00,306.3699695674413,311.0341973481569,305.54101125974313,308.31756591796875,24125700
2026-03-12 00:00:00-04:00,306.43988798140623,308.5572566363961,300.65705267874506,303.1739196777344,24928300
2026-03-13 00:00:00-04:00,306.6296377698095,307.3087879643589,300.0677703977713,301.9054870605469,23693100
2026-03-16 00:00:00-04:00,303.97293465389924,306.11026747244654,302.64456537566065,305.1814270019531,23519700
2026-03-17 00:00:00-04:00,305.48103123176395,311.03417054952814,305.1214918945171,310.5347900390625,21955200
2026-03-18 00:00:00-04:00,308.88680583632095,312.08285325242963,306.5497087361953,307.30877685546875,20009800
2026-03-19 00:00:00-04:00,303.63335165234247,307.67832164750223,301.9754046785898,306.7494812011719,25075800
2026-03-20 00:00:00-04:00,305.0815409313132,305.62088043111504,297.9004465638477,300.6270751953125,44364100
2026-03-23 00:00:00-04:00,301.7356863586682,305.60091722739566,300.55715563413514,301.6857604980469,29326900
2026-03-24 00:00:00-04:00,298.82932646685043,299.5484356615691,289.97029010977093,290.0801696777344,36864300
2026-03-25 00:00:00-04:00,293.07644958925243,295.6332754793409,288.8816409209488,290.5695495605469,29460700
2026-03-26 00:00:00-04:00,287.553321534765,287.59328051443134,278.1549756132059,280.5719909667969,39080600
2026-03-27 00:00:00-04:00,276.9364513575891,279.02385820883654,273.6105906087015,274.0000915527344,35890600
2026-03-30 00:00:00-04:00,276.07755917965534,276.74671205405957,271.772870758184,273.1611633300781,35141200
2026-03-31 00:00:00-04:00,277.6955407888773,287.72308014338427,276.74670556560056,287.2037353515625,43875400
2026-04-01 00:00:00-04:00,290.47967248402244,300.14767254424095,290.05021252939383,297.0215759277344,37684500
2026-04-02 00:00:00-04:00,290.3298413990028,297.7106694379238,289.0913874960174,295.4035339355469,21666500
2026-04-06 00:00:00-04:00,295.5034561131459,300.24757156825143,294.81430848233833,299.61834716796875,16945500
2026-04-07 00:00:00-04:00,302.3549447988444,305.2513457589993,297.3511421656273,305.08154296875,23205400
2026-04-08 00:00:00-04:00,320.0530070056894,321.68096199730417,314.6297110626625,316.9268798828125,33547100
2026-04-09 00:00:00-04:00,315.51860784412145,319.1441153425082,310.6746106421415,318.09539794921875,23739200
2026-04-10 00:00:00-04:00,319.62350892085055,321.4312640320202,315.9281112234418,316.8469543457031,19152600
2026-04-13 00:00:00-04:00,316.74710955552524,321.2315371363443,315.0791651091577,320.91192626953125,18866400
2026-04-14 00:00:00-04:00,324.38762340838895,332.8770926852431,323.3489033390031,332.49755859375,27721400
2026-04-15 00:00:00-04:00,332.4775916674409,337.0619013824557,330.49003638532656,336.70233154296875,24918800
2026-04-16 00:00:00-04:00,338.33029678032364,339.458901613874,334.105526677332,335.6036682128906,20541500
2026-04-17 00:00:00-04:00,337.2316773591919,341.89590508018404,335.8234205588037,341.2566833496094,25581900
2026-04-20 00:00:00-04:00,340.3378420577138,340.97703331198585,336.1929591105031,337.0019836425781,18784200
2026-04-21 00:00:00-04:00,337.2716301294484,338.9195798085849,330.9394885663705,331.8783264160156,23123800
2026-04-22 00:00:00-04:00,336.60245884112476,339.3990082413208,334.7547751685775,338.8996276855469,20293000
2026-04-23 00:00:00-04:00,340.7572947145818,341.53632713037314,335.7634893621326,338.47015380859375,18650300
2026-04-24 00:00:00-04:00,338.31036908905986,344.84224494447176,334.9745105669949,343.97332763671875,26426100
2026-04-27 00:00:00-04:00,345.55139138660655,352.7424533316474,342.30541767036533,349.9059753417969,28576900
2026-04-28 00:00:00-04:00,348.1181924796765,351.9834237980171,345.6912101596132,349.3466796875,27824100
2026-04-29 00:00:00-04:00,347.13938043155986,355.34919736274225,343.7835275027263,349.5064392089844,35376300
2026-04-30 00:00:00-04:00,373.6065555628184,385.3619622201579,365.3667768501622,384.3232421875,72040000
2026-05-01 00:00:00-04:00,381.1572209075714,386.2808704617397,378.5804000830116,385.2121887207031,30105200
2026-05-04 00:00:00-04:00,385.15223320621686,386.90006506467324,379.31947226185457,382.7751770019531,26298600
2026-05-05 00:00:00-04:00,385.7515048868787,392.33333678038815,383.5442209432822,387.9487609863281,23878600
2026-05-06 00:00:00-04:00,393.7615619135972,399.3546301445318,392.2734176347804,397.546875,31308500
2026-05-07 00:00:00-04:00,399.42454979908837,399.6043194807176,392.1934987581594,397.4969177246094,24433500
2026-05-08 00:00:00-04:00,396.5081562950806,401.5019617899809,395.86893456144384,400.3034362792969,21461800
2026-05-11 00:00:00-04:00,393.16231133568834,396.94762453931395,387.9887360157618,388.1585388183594,30753700
2026-05-12 00:00:00-04:00,386.8601198229993,388.0386506028281,382.2957742925754,386.8701171875,26017500
2026-05-13 00:00:00-04:00,385.1222825184223,403.1998643489371,384.5230197682841,402.1211853027344,28144600
2026-05-14 00:00:00-04:00,396.7878070287349,402.43080112559403,395.349588612008,400.5731201171875,21136700
2026-05-15 00:00:00-04:00,395.82900006662373,399.0450119758119,392.69287563304505,396.2884216308594,20309700
2026-05-18 00:00:00-04:00,395.1997907850553,408.10376741205215,394.04122422601415,396.4482421875,26837200
2026-05-19 00:00:00-04:00,396.4681837278221,396.65795076850566,385.63162007935824,387.1797180175781,39545700
2026-05-20 00:00:00-04:00,387.2196997137571,393.37204141137994,382.42562803382646,388.4281921386719,31744400
2026-05-21 00:00:00-04:00,385.22215486500835,392.01371791338363,382.5454520468608,387.1797180175781,24852800
2026-05-22 00:00:00-04:00,386.87012298265273,388.258385079403,381.29701890681014,382.49554443359375,20442100
2026-05-26 00:00:00-04:00,384.03364271938483,388.777757974093,382.1260053488666,388.3982238769531,27747400
2026-05-27 00:00:00-04:00,386.1909694394293,393.3920284639016,385.42190388240675,388.3482666015625,23087300
2026-05-28 00:00:00-04:00,387.5193014898567,391.38450201712897,384.68282366229704,389.64666748046875,24357500
2026-05-29 00:00:00-04:00,384.7626974671623,384.7626974671623,377.9910987617443,379.8687744140625,44415800
2026-06-01 00:00:00-04:00,376.05352511273605,378.09100632744554,373.05724175924524,375.9037170410156,28672100
2026-06-02 00:00:00-04:00,366.13582064636165,373.07722234401785,357.99592394061045,361.4017028808594,50412300
2026-06-03 00:00:00-04:00,361.5814692403301,365.9960065843375,357.6363508187865,358.54522705078125,55441600
2026-06-04 00:00:00-04:00,358.4553387971999,372.7875661225121,357.7661912265356,371.7288818359375,44055500
2026-06-05 00:00:00-04:00,365.88613605551615,371.6190149899659,363.6688852043904,368.07342529296875,37471200
2026-06-08 00:00:00-04:00,364.9454235864071,365.9647879200631,360.2984165590168,363.0766296386719,27942500
2026-06-09 00:00:00-04:00,366.85420025674074,371.84098522768176,357.0704802123837,364.0260314941406,29535100
2026-06-10 00:00:00-04:00,362.95671584537644,368.3232616719084,354.97185779418805,356.1510925292969,32357100
2026-06-11 00:00:00-04:00,355.70134679025995,358.5694982511428,346.13748714351743,357.5401611328125,35538200
2026-06-12 00:00:00-04:00,362.3870579560934,366.33453278338226,354.7119986974298,359.4489440917969,24704600
2026-06-15 00:00:00-04:00,367.69366113705985,372.7504085202595,366.3145426692825,369.1127624511719,27727500
2026-06-16 00:00:00-04:00,369.3626044753487,375.7584875251172,366.8242274297617,373.01025390625,24876100
2026-06-17 00:00:00-04:00,368.8929017493238,372.0908279957741,361.78745285393074,363.55633544921875,24543600
2026-06-18 00:00:00-04:00,365.51504497617543,369.2426598317581,358.4396065335441,367.7935791015625,44470100
2026-06-22 00:00:00-04:00,357.72009076397745,358.68946892539066,341.50050477393233,349.45538330078125,52814800
2026-06-23 00:00:00-04:00,340.47114598010614,349.0656275102868,339.98147051143604,345.90765380859375,34007700
2026-06-24 00:00:00-04:00,348.8157979233392,353.25294826847323,341.7103492701006,345.0682067871094,44997300
2026-06-25 00:00:00-04:00,336.51370015420923,345.34801779729577,335.6242572392167,343.48919677734375,44491400
2026-06-26 00:00:00-04:00,342.32993723999033,346.1374872957393,329.98789515004995,337.17327880859375,114706300
2026-06-29 00:00:00-04:00,341.6104064955248,354.122383587675,340.4511784786947,353.4228210449219,34213900
2026-06-30 00:00:00-04:00,353.64269008629407,358.3896389689017,350.1749177879227,357.14044189453125,35237200
2026-07-01 00:00:00-04:00,358.1397942573561,362.7368455226467,356.20103798676814,360.97796630859375,26736400
2026-07-02 00:00:00-04:00,359.2490860357571,363.97602803095486,353.19298133516355,359.6788024902344,25974800
2026-07-06 00:00:00-04:00,361.31772936423556,367.693635754559,357.15042523629825,366.2245788574219,26915800
2026-07-07 00:00:00-04:00,368.8329180211536,372.9202869594668,365.26520405735874,366.7942199707031,24045600
2026-07-08 00:00:00-04:00,364.525702555654,367.6037106679975,357.79001132287857,361.6875305175781,22094800
2026-07-09 00:00:00-04:00,354.08240970637695,359.41897594546776,350.8544734886641,358.65948486328125,24729100
2026-07-10 00:00:00-04:00,357.30034280387986,357.5901650645865,352.52341441108456,356.9505615234375,18146100
2026-07-13 00:00:00-04:00,355.96119810970276,357.8999543595846,351.52404777471276,352.2835693359375,15901700
2026-07-14 00:00:00-04:00,350.97442351070157,359.92865963343,350.86447830880365,359.2790832519531,18259400
2026-07-15 00:00:00-04:00,357.74006858863044,373.40998963278184,357.5302120160503,370.6817626953125,28284600
2026-07-16 00:00:00-04:00,372.8203579699616,375.02892981037553,352.07368364698067,354.2322998046875,41158500
2026-07-17 00:00:00-04:00,345.77774679993126,348.2961170979314,341.1407126662452,346.5472412109375,29959300
2026-07-20 00:00:00-04:00,350.6546131580819,359.4489481797366,350.2948285491913,351.7638854980469,24736600
2026-07-21 00:00:00-04:00,351.09433677099497,351.09433677099497,346.77710440528256,346.927001953125,23369800
2026-07-22 00:00:00-04:00,347.93634723653764,349.7152025525983,341.51048515922605,341.8702392578125,39334100
2026-07-23 00:00:00-04:00,320.92372412122546,324.2815511558238,314.69771503877246,317.4859313964844,69419700
2026-07-24 00:00:00-04:00,318.2154780071113,323.97175736278774,317.11617848672984,319.53460693359375,31806600
2026-07-27 00:00:00-04:00,324.83120713377,330.2077559724587,324.2415898017393,326.3502197265625,28471600
2026-07-28 00:00:00-04:00,327.68937042492354,335.66425552638333,324.2316014627561,333.4956359863281,29511900
2026-07-29 00:00:00-04:00,334.455045685483,342.2800028423013,331.40698648547414,336.49371337890625,27501600
2026-07-30 00:00:00-04:00,333.98534038388266,336.29385412629074,330.12780397797883,333.4456787109375,30168000
2026-07-31 00:00:00-04:00,340.611054758666,358.3496530632621,339.78160132747564,355.9012451171875,46498000
2026-08-03 00:00:00-04:00,365.2152604560987,376.4480305309448,363.1166033198653,373.27008056640625,38669700
2026-08-04 00:00:00-04:00,367.9834743668337,380.2755612380555,367.263935640354,377.40740966796875,35705700
2026-08-05 00:00:00-04:00,383.0937455186354,384.2330278418686,356.54080629618977,362.1971740722656,46926300
2026-08-06 00:00:00-04:00,360.5382517887205,363.8961093831237,356.65076635274994,357.52020263671875,25235900
2026-08-07 00:00:00-04:00,356.49084652154687,358.6694387836589,353.5527327193329,354.0723876953125,19859900
2026-08-10 00:00:00-04:00,354.951850943437,357.38028276908574,352.4834362714388,357.29034423828125,18991400
2026-08-11 00:00:00-04:00,355.6613923515014,356.5807842683805,343.1694223006263,343.5791320800781,29081800
2026-08-12 00:00:00-04:00,346.0875456512855,346.25744987105145,340.66104092628797,343.3193359375,25012000
2026-08-13 00:00:00-04:00,345.5478948342235,347.7065110877775,343.5392066313974,346.13751220703125,17866100
2026-08-14 00:00:00-04:00,346.5772111705174,350.22489088982945,344.27870083870846,345.67779541015625,17808600
2026-08-17 00:00:00-04:00,346.04755304110785,347.0269344906474,341.7103446182459,343.7790222167969,18291300
2026-08-18 00:00:00-04:00,342.19005363605754,344.6484648943574,339.97147845233087,343.9789123535156,19248800
2026-08-19 00:00:00-04:00,342.2400076559886,346.5072842825429,340.44117610948047,344.4985656738281,19733800
2026-08-20 00:00:00-04:00,342.83962071417653,343.6790774504127,338.3525147854226,340.451171875,18570400
2026-08-21 00:00:00-04:00,342.359928876986,345.97762917305914,340.1813365286692,344.5985107421875,20849800
2026-08-24 00:00:00-04:00,343.39927531721605,351.3741604480826,342.2699962782288,347.83642578125,26338200
2026-08-25 00:00:00-04:00,349.41542326154587,349.9350782600912,345.37800981753963,346.73712158203125,20649700
2026-08-26 00:00:00-04:00,346.3973312516375,346.65717399060424,339.96146577825954,341.7803039550781,20420300
2026-08-27 00:00:00-04:00,339.45183186724313,341.4705233735174,338.3025461528343,340.4311828613281,23391400
2026-08-28 00:00:00-04:00,340.49114263603377,348.91575095848634,340.0514228221321,346.36737060546875,25347200
2026-08-31 00:00:00-04:00,343.60912172254496,344.3686432833908,336.94342338566804,339.13201904296875,33493600
2026-09-01 00:00:00-04:00,335.7841605001305,336.9834018439635,332.8360433203593,334.8047790527344,23342700
2026-09-02 00:00:00-04:00,333.84541044728496,339.78159726283246,332.6062167342666,336.9034423828125,22582300
2026-09-03 00:00:00-04:00,340.34122971001256,344.4585782378343,339.841550898423,342.260009765625,20726900
2026-09-04 00:00:00-04:00,342.4700012207031,343.5299987792969,337.0899963378906,338.4599914550781,23189300
2026-09-08 00:00:00-04:00,335.4200134277344,339.67999267578125,333.2200012207031,338.3599853515625,22915800
2026-09-09 00:00:00-04:00,331.6499938964844,331.8500061035156,327.8999938964844,330.6499938964844,33151600
2026-09-10 00:00:00-04:00,328.2300109863281,333.2300109863281,327.739990234375,332.6000061035156,23557600
2026-09-11 00:00:00-04:00,335.0299987792969,342.9800109863281,335.0299987792969,338.5,24708300
2026-09-14 00:00:00-04:00,343.1199951171875,349.9100036621094,342.1400146484375,349.3900146484375,35905400
2026-09-15 00:00:00-04:00,346.79998779296875,348.07000732421875,342.70001220703125,344.9800109863281,21928600
2026-09-16 00:00:00-04:00,347.0799865722656,348.3999938964844,340.6400146484375,342.8699951171875,18928900
2026-09-17 00:00:00-04:00,348.67999267578125,349.5,343.8900146484375,347.3299865722656,19238400
2026-09-18 00:00:00-04:00,357.30999755859375,359.44000244140625,348.45001220703125,349.5400085449219,47526100
