Date,Open,High,Low,Close,Volume
2021-09-20 00:00:00-04:00,142.17485789239998,143.6446148242829,141.03558261958395,142.46185302734375,7270800
2021-09-21 00:00:00-04:00,143.15757320922023,144.34902679987596,142.83579687194165,143.08799743652344,6663600
2021-09-22 00:00:00-04:00,143.8011460638854,144.32294447885192,142.30530005458107,142.56619262695312,5657100
2021-09-23 00:00:00-04:00,142.97494260368475,144.1664095267008,142.7575232790014,143.375,4697900
2021-09-24 00:00:00-04:00,143.27931333499885,144.0620174776026,142.53139044019548,142.9401397705078,4399300
2021-09-27 00:00:00-04:00,142.62706133225305,142.94014565623024,141.62693785660917,141.9052276611328,5775500
2021-09-28 00:00:00-04:00,141.84434636944218,142.5487827272597,140.68767418466996,141.59213256835938,7610400
2021-09-29 00:00:00-04:00,141.7573956795915,143.20106313946394,141.56606561766998,142.64447021484375,5124100
2021-09-30 00:00:00-04:00,143.18369810139882,143.8446482011858,140.37464358952278,140.45291137695312,6972300
2021-10-01 00:00:00-04:00,140.47893871832196,140.8007149938513,137.9481752117977,139.5570831298828,8568300
2021-10-04 00:00:00-04:00,139.1396870279988,140.0180563933099,137.1220291624376,138.47003173828125,8620700
2021-10-05 00:00:00-04:00,139.0266507370819,140.11374765161864,138.4091738507256,138.78314208984375,5129000
2021-10-06 00:00:00-04:00,139.03528909899512,139.10486486711213,137.26984545246683,139.07008361816406,7312600
2021-10-07 00:00:00-04:00,139.16576879726486,141.4182298766368,139.16576879726486,140.31373596191406,5309200
2021-10-08 00:00:00-04:00,140.29632489108698,140.54852542691856,139.36576396634854,139.95713806152344,4343200
2021-10-11 00:00:00-04:00,139.89630267825618,140.75728805435534,139.0962010879424,139.3657989501953,4101600
2021-10-12 00:00:00-04:00,139.14837205395742,139.30490760281114,136.8350271837069,137.13941955566406,6686400
2021-10-13 00:00:00-04:00,137.2524607009258,139.21792637598796,137.1915769278287,138.45260620117188,6901100
2021-10-14 00:00:00-04:00,138.89616819961776,140.13980037587442,138.8005031652732,139.24403381347656,4579200
2021-10-15 00:00:00-04:00,140.04411411168218,140.72246124502928,139.50491851087307,140.2789306640625,6918400
2021-10-18 00:00:00-04:00,139.36579362382338,139.92238659017045,138.45262976350722,139.2527313232422,7465500
2021-10-19 00:00:00-04:00,139.93108004094003,143.6272087714147,139.78323648414784,142.51402282714844,10081300
2021-10-20 00:00:00-04:00,142.60969332032363,143.279348619824,141.9835245439484,142.43576049804688,6003200
2021-10-21 00:00:00-04:00,142.88794191621682,142.9662096658354,141.13119056020508,142.105224609375,4524100
2021-10-22 00:00:00-04:00,141.80958520909888,142.6792625507666,141.722625437066,142.38357543945312,4304300
2021-10-25 00:00:00-04:00,142.3835556842784,142.89666205981723,140.63550924734142,142.69664001464844,6715400
2021-10-26 00:00:00-04:00,143.1140991888637,144.39252592457478,142.67056852819323,144.14901733398438,6939100
2021-10-27 00:00:00-04:00,144.08810244910813,144.15767821286184,142.02697187000763,142.40093994140625,7018800
2021-10-28 00:00:00-04:00,142.42703930082448,143.6706713318437,141.1660100100773,141.62693786621094,6278800
2021-10-29 00:00:00-04:00,141.1921177378563,141.97482201514936,139.67887442883733,141.65304565429688,8526800
2021-11-01 00:00:00-04:00,141.89651927823212,142.60964760201665,138.6265248787514,141.77476501464844,5846400
2021-11-02 00:00:00-04:00,142.36618273891037,145.21872344936878,141.74001397122694,144.00987243652344,8450600
2021-11-03 00:00:00-04:00,143.53149190380887,144.16636569341324,142.13131134775924,143.54888916015625,6717800
2021-11-04 00:00:00-04:00,143.44458237398783,143.48806889496913,141.47041109939966,143.14889526367188,8224400
2021-11-05 00:00:00-04:00,141.30517208673342,143.14889709215115,141.0616634903954,142.13136291503906,6215900
2021-11-08 00:00:00-05:00,142.34875401736352,142.77490061153972,140.8963947236316,141.64431762695312,5578800
2021-11-09 00:00:00-05:00,141.41822608972743,142.27050612689547,140.905119668285,141.3312530517578,6112800
2021-11-10 00:00:00-05:00,141.34861923809822,143.35757123344024,141.19208372843397,142.8618621826172,6225100
2021-11-11 00:00:00-05:00,142.18355372967733,142.46184357920575,141.31387638578843,141.80958557128906,4118800
2021-11-12 00:00:00-05:00,145.61004939177923,145.775290185472,143.15756655182125,143.50543212890625,18995200
2021-11-15 00:00:00-05:00,143.49671304304496,143.8967703243642,141.94868895789506,142.2095947265625,7496200
2021-11-16 00:00:00-05:00,141.91395918672018,142.931493475751,141.426941940477,141.47042846679688,7594700
2021-11-17 00:00:00-05:00,141.6443294113266,142.5053146658043,140.70507638922956,142.0009002685547,5414500
2021-11-18 00:00:00-05:00,142.14875957060423,143.03583417931745,141.00079237423108,141.235595703125,6358700
2021-11-19 00:00:00-05:00,141.79218945861442,141.92264902338962,140.69640077370843,141.6617431640625,7620700
2021-11-22 00:00:00-05:00,140.9614288242664,142.37078104536494,139.7534088184268,139.79718017578125,7634500
2021-11-23 00:00:00-05:00,139.6395871709809,140.9351362361338,138.99180595983452,140.6637725830078,7734000
2021-11-24 00:00:00-05:00,140.1823699905036,140.60254570505458,139.51709066270243,140.26991271972656,5230900
2021-11-26 00:00:00-05:00,140.58504371650864,141.07525092861357,138.886816333756,139.35951232910156,8523100
2021-11-29 00:00:00-05:00,139.62211420241283,140.42745645577014,138.67670894226026,139.84095764160156,9188500
2021-11-30 00:00:00-05:00,138.7554904489029,139.18442840160532,136.4270063893366,136.4970245361328,14981700
2021-12-01 00:00:00-05:00,137.3286283433069,140.1298214713485,136.77713864600062,138.3790740966797,9835800
2021-12-02 00:00:00-05:00,137.6612783731514,139.4382861107537,137.21484254568944,137.51246643066406,11334700
2021-12-03 00:00:00-05:00,138.23025896706045,139.7709118124692,137.95013298218132,139.51705932617188,8750500
2021-12-06 00:00:00-05:00,140.22611466710507,143.14111068112877,139.91097960188245,142.63339233398438,9692000
2021-12-07 00:00:00-05:00,143.5612608713968,143.7976154677087,142.16942014549142,143.0010223388672,8311300
2021-12-08 00:00:00-05:00,143.0973311787477,144.06024753354055,142.37076944870256,143.85890197753906,6216400
2021-12-09 00:00:00-05:00,143.71884351547854,145.29451880152772,143.1148468998734,145.2244873046875,8574200
2021-12-10 00:00:00-05:00,144.935662618172,145.9160771090696,144.13030687819676,144.86563110351562,6572200
2021-12-13 00:00:00-05:00,144.2178304954582,148.11324115152433,143.38622807450042,147.4567108154297,11142300
2021-12-14 00:00:00-05:00,147.35165782534568,149.66264387947183,146.32747219015664,149.0673828125,10482400
2021-12-15 00:00:00-05:00,148.68223614679866,149.95152540746133,148.30581849018807,149.81146240234375,8552200
2021-12-16 00:00:00-05:00,149.9164908434102,151.88608161309932,149.54883550259197,151.44839477539062,8998600
2021-12-17 00:00:00-05:00,148.49837912068594,149.49630450485506,146.76514310757983,147.26409912109375,16726200
2021-12-20 00:00:00-05:00,146.8964686527593,147.50922761384908,145.79350252279764,146.8439483642578,7954500
2021-12-21 00:00:00-05:00,147.11532132571944,147.15034375834742,145.29454218625165,146.3712615966797,7954200
2021-12-22 00:00:00-05:00,146.2399397153557,147.21160513325373,145.41708623533378,147.0015106201172,4178200
2021-12-23 00:00:00-05:00,146.95774746083976,147.89439041511105,146.5025493769213,147.28163146972656,3501500
2021-12-27 00:00:00-05:00,148.0606807755547,148.68220186926249,147.67551427885016,148.52462768554688,3704800
2021-12-28 00:00:00-05:00,148.62969831912696,149.3737713253732,148.4546262462287,149.1199188232422,3187000
2021-12-29 00:00:00-05:00,148.81353244207062,150.55553095393455,148.73475201296267,150.1703643798828,3662000
2021-12-30 00:00:00-05:00,150.669309192661,151.33460171889206,150.34542521466443,150.83563232421875,4231800
2021-12-31 00:00:00-05:00,151.0282365980068,151.15953732163038,149.71517593319564,149.7501983642578,4409500
2022-01-03 00:00:00-05:00,148.99735537182957,150.2141242153573,148.0256900825994,150.16159057617188,6012200
2022-01-04 00:00:00-05:00,149.74141517851453,150.8181210333836,149.33875077750616,149.75892639160156,6748400
2022-01-05 00:00:00-05:00,150.5642679245584,151.85106825969427,150.2316216629978,150.75685119628906,7016100
2022-01-06 00:00:00-05:00,150.6955869582778,151.0019731161535,149.51384040035055,150.2404022216797,7301600
2022-01-07 00:00:00-05:00,150.09155340434504,152.57761105817445,149.80267853259764,152.27122497558594,6986000
2022-01-10 00:00:00-05:00,152.04367749897182,152.04367749897182,150.70435665319252,151.51844787597656,7698400
2022-01-11 00:00:00-05:00,151.43091581396786,151.7810599849675,148.9098350399099,149.9077606201172,8341100
2022-01-12 00:00:00-05:00,148.47216933232116,148.88359613837926,147.36044072719736,148.62973022460938,8116200
2022-01-13 00:00:00-05:00,147.9381523537153,149.18118138010246,147.4654564422721,147.72805786132812,6159400
2022-01-14 00:00:00-05:00,147.6142822464452,147.63178010459947,146.3187194572755,146.9227294921875,5847700
2022-01-18 00:00:00-05:00,146.2749481201172,146.81767553058268,145.3207806519492,146.2749481201172,7815600
2022-01-19 00:00:00-05:00,146.36247532730874,147.69304704911528,145.59215557859315,145.8197479248047,5926500
2022-01-20 00:00:00-05:00,146.44122787605713,146.94019718568083,144.37534586853613,144.6554718017578,6011300
2022-01-21 00:00:00-05:00,145.47832967589326,147.05400470769047,143.97268612963597,144.3228302001953,10550300
2022-01-24 00:00:00-05:00,143.56130190605185,143.71011384785328,138.53665153076818,142.65966796875,14054600
2022-01-25 00:00:00-05:00,142.12566865130947,147.42168199105518,141.4428782618168,146.7388916015625,14081200
2022-01-26 00:00:00-05:00,146.66010744097574,148.13074223899065,145.5133700028128,147.3954315185547,9963200
2022-01-27 00:00:00-05:00,148.27957117486858,150.48551694631757,147.93817591857305,149.33001708984375,9066700
2022-01-28 00:00:00-05:00,149.5663562292055,150.4242187456787,148.20077534583996,150.3804473876953,9783100
2022-01-31 00:00:00-05:00,150.12659113998276,151.10700542008064,149.53134342910698,150.81813049316406,8054800
2022-02-01 00:00:00-05:00,150.3366688862678,150.54675000451144,148.31454462318376,149.58384704589844,8154700
2022-02-02 00:00:00-05:00,148.50712186803196,151.43087976413543,148.50712186803196,151.23829650878906,7382800
2022-02-03 00:00:00-05:00,150.79186637954666,151.98237512709045,149.72390941378785,151.22955322265625,6240400
2022-02-04 00:00:00-05:00,149.68891248036084,151.42214877960694,148.91857929974324,150.2404022216797,6392200
2022-02-07 00:00:00-05:00,150.04779541161784,150.3366703090781,148.8222643293191,149.7414093017578,6065700
2022-02-08 00:00:00-05:00,149.70640565941684,150.60803945213073,149.23369640748143,150.1353302001953,6296100
2022-02-09 00:00:00-05:00,150.6255466765584,150.77435859055544,149.90773388971692,150.11782836914062,5387500
2022-02-10 00:00:00-05:00,149.8727431167756,149.8814920455582,148.2007760764272,148.30581665039062,10355300
2022-02-11 00:00:00-05:00,148.04316543763431,148.94479909472108,146.6600736730886,146.80889892578125,13125300
2022-02-14 00:00:00-05:00,146.80895340957832,147.03654580068678,143.39498740008247,144.9619140625,8967600
2022-02-15 00:00:00-05:00,145.42586650577798,147.15035411257892,145.32081255764626,146.45880126953125,6631400
2022-02-16 00:00:00-05:00,145.7409913808199,146.9227380176987,145.05820087316252,146.3712615966797,8482400
2022-02-17 00:00:00-05:00,146.3712172811927,146.5812983847787,144.36660437020748,145.47833251953125,6227600
2022-02-18 00:00:00-05:00,145.34616436980212,145.68094588022117,143.54894526955906,143.91896057128906,6423200
2022-02-22 00:00:00-05:00,144.10400005571026,144.25376721992276,141.346488264975,141.9631805419922,6868900
2022-02-23 00:00:00-05:00,142.2891428868775,143.28466905678627,141.7076978530239,142.03366088867188,8016900
2022-02-24 00:00:00-05:00,140.76504880992564,141.0734017115501,137.18821967693106,139.32022094726562,12883400
2022-02-25 00:00:00-05:00,140.95885495105424,147.11699976616663,140.6945544094442,146.24481201171875,11340400
2022-02-28 00:00:00-05:00,143.48728690127126,145.52237803142503,143.05560905116755,144.9849853515625,9373500
2022-03-01 00:00:00-05:00,143.6370747736073,145.1435785293579,143.08205839444418,144.4828338623047,8737800
2022-03-02 00:00:00-05:00,144.84403537433067,147.68083338131473,144.5180588838918,146.28004455566406,6793300
2022-03-03 00:00:00-05:00,146.86149093933017,149.18731129650192,146.5267228304688,148.42965698242188,7333700
2022-03-04 00:00:00-05:00,147.68967546510112,149.64548112610981,146.9936968652839,149.31069946289062,6302500
2022-03-07 00:00:00-05:00,148.27110440748328,152.51748309921024,147.4429689493385,151.71578979492188,11663400
2022-03-08 00:00:00-05:00,151.56600252449303,152.51747640638192,148.45609886968109,148.64111328125,11100300
2022-03-09 00:00:00-05:00,149.77759605475396,149.9714155655516,147.9098954338508,149.2049560546875,7248200
2022-03-10 00:00:00-05:00,148.50020148552503,149.9009773514355,148.07732854245344,149.46929931640625,6171400
2022-03-11 00:00:00-05:00,149.0023322216029,151.05504727443048,148.90542246570513,149.19615173339844,5188000
2022-03-14 00:00:00-04:00,150.36786372657465,153.3984814938899,150.07714789543274,151.25767517089844,7729500
2022-03-15 00:00:00-04:00,152.70251250086497,155.51288221494033,152.01533906240658,155.1781005859375,10554400
2022-03-16 00:00:00-04:00,154.57903582942265,155.89170678013417,152.024148094523,153.7509002685547,9603300
2022-03-17 00:00:00-04:00,154.35876135437252,155.79477054188214,153.4689499828548,155.75953674316406,7472100
2022-03-18 00:00:00-04:00,155.93576986980807,155.93576986980807,152.99325630872718,154.03282165527344,13809500
2022-03-21 00:00:00-04:00,153.87419312414556,156.07667494450877,153.57465882286792,154.9049530029297,7574900
2022-03-22 00:00:00-04:00,154.9049928554733,155.38072313619512,153.21348799540527,154.17376708984375,8442100
2022-03-23 00:00:00-04:00,154.3763835657531,154.64948921647925,153.37205218795214,153.59230041503906,5254200
2022-03-24 00:00:00-04:00,154.1737345083982,154.64946468858426,153.3544176861659,154.3851776123047,5012300
2022-03-25 00:00:00-04:00,154.7816322185419,156.55242296471496,154.3675645136399,155.86524963378906,4809500
2022-03-28 00:00:00-04:00,155.62739826393278,156.97531639354506,155.3631111348994,156.66697692871094,5604200
2022-03-29 00:00:00-04:00,157.36294158366235,158.05011494441231,155.75954155620715,156.58767700195312,5933400
2022-03-30 00:00:00-04:00,157.20434724300952,158.45535532517215,156.53478415475178,158.2174835205078,6277600
2022-03-31 00:00:00-04:00,158.21752592688028,158.76375071521113,155.91813371318187,156.1383819580078,11490400
2022-04-01 00:00:00-04:00,155.97978430524284,157.19554527778416,154.70234738159616,156.98411560058594,6525600
2022-04-04 00:00:00-04:00,156.98413523686548,156.98413523686548,154.6318856836184,155.4688262939453,6860600
2022-04-05 00:00:00-04:00,155.4688131949007,158.27036407523346,155.31022748764323,156.47314453125,7446100
2022-04-06 00:00:00-04:00,158.0413032903794,160.8692961905216,157.36293504703846,160.54331970214844,10330900
2022-04-07 00:00:00-04:00,160.05000157360342,161.1776715725328,158.78136946408617,160.12928771972656,7385200
2022-04-08 00:00:00-04:00,159.75044789922455,161.38909526919113,158.95754620498485,160.44642639160156,7144500
2022-04-11 00:00:00-04:00,161.22165360002728,162.27884208259883,158.2262839922611,158.43771362304688,5932000
2022-04-12 00:00:00-04:00,157.87393870851045,159.29233793846535,156.9929457319642,158.49063110351562,5957500
2022-04-13 00:00:00-04:00,158.49059314473934,159.3187284952147,157.9091481360693,159.16015625,5643100
2022-04-14 00:00:00-04:00,158.57873577832464,159.81212056833502,158.3408639106491,158.49063110351562,6188200
2022-04-18 00:00:00-04:00,158.34084490756047,158.92230342859057,155.7066848272698,156.51719665527344,6318700
2022-04-19 00:00:00-04:00,159.21304665652042,163.81183092104646,158.5346783224735,161.2921905517578,14380800
2022-04-20 00:00:00-04:00,160.55216530192408,162.38463231104257,160.25261747252756,162.00579833984375,8044900
2022-04-21 00:00:00-04:00,162.04099250295153,162.86912785132378,160.83403671893984,161.53883361816406,6969200
2022-04-22 00:00:00-04:00,160.75478576167126,161.35385451918447,159.79450666589443,159.93545532226562,8003600
2022-04-25 00:00:00-04:00,160.64021703807953,164.4725409309177,160.42878737859013,163.8734588623047,11176500
2022-04-26 00:00:00-04:00,163.07179582608373,164.36685650151415,162.26127050518852,162.70176696777344,10190000
2022-04-27 00:00:00-04:00,162.31412664127242,162.82510410464138,160.11164452824275,160.42880249023438,11090100
2022-04-28 00:00:00-04:00,160.560945868562,162.54317976817387,160.27021661680618,161.626953125,9403900
2022-04-29 00:00:00-04:00,160.78121323180312,160.825265567841,158.75492676003068,158.98399353027344,8463100
2022-05-02 00:00:00-04:00,158.992788061146,159.8209235292712,155.96217036625575,157.3805694580078,7145400
2022-05-03 00:00:00-04:00,157.52151953328257,159.13373801346336,156.5347984297835,157.07220458984375,5898700
2022-05-04 00:00:00-04:00,156.94889033359325,159.01922916525362,156.06789737422898,158.7549285888672,5923000
2022-05-05 00:00:00-04:00,158.06773311181374,158.3232285624139,154.4116182174893,155.7242889404297,7089200
2022-05-06 00:00:00-04:00,154.29710448310718,155.82121852020705,153.90066034480654,155.38072204589844,6434000
2022-05-09 00:00:00-04:00,154.57018491372833,157.31007307437423,153.81253056388428,156.22645568847656,7855200
2022-05-10 00:00:00-04:00,157.01936127855296,157.85630184751082,155.49524732094466,156.01502990722656,8186700
2022-05-11 00:00:00-04:00,155.01951382868188,157.09865757324312,154.94903278479518,155.16928100585938,6138900
2022-05-12 00:00:00-04:00,155.46882473745796,156.77269052079407,153.91828200708218,156.70220947265625,6898600
2022-05-13 00:00:00-04:00,157.4334329711039,157.60082377767534,154.87855886637175,155.80360412597656,7732200
2022-05-16 00:00:00-04:00,155.8036047522018,157.81226755336195,155.20452257063752,156.88722229003906,5516700
2022-05-17 00:00:00-04:00,157.45103413687846,158.3144033160237,155.5745151729978,157.5391387939453,5751100
2022-05-18 00:00:00-04:00,157.55677094571612,158.02369611894983,154.32352853509096,154.6142578125,8608800
2022-05-19 00:00:00-04:00,153.9270413756867,153.99752240288936,152.13862731942353,153.2398681640625,6874500
2022-05-20 00:00:00-04:00,154.0416005069286,156.07669177757012,153.33680355982273,155.91810607910156,7522100
2022-05-23 00:00:00-04:00,157.4697712746739,159.5356633917827,157.3456402436553,159.10121154785156,7040800
2022-05-24 00:00:00-04:00,158.93271921051326,161.14049239811536,158.7997265308299,160.83901977539062,6419800
2022-05-25 00:00:00-04:00,160.06764635501116,160.97203722782382,158.7642638860144,159.2607879638672,6558900
2022-05-26 00:00:00-04:00,160.48441432856868,160.48441432856868,158.35644960553313,159.1189727783203,6897600
2022-05-27 00:00:00-04:00,159.38494210498072,160.62626600895544,158.02836236359866,160.56419372558594,5853600
2022-05-31 00:00:00-04:00,157.824450405663,159.74848843035448,155.17334942999707,159.1810302734375,16391400
2022-06-01 00:00:00-04:00,158.8441078265165,159.44703976825124,155.96248143508905,157.5673370361328,5175400
2022-06-02 00:00:00-04:00,157.59389116150197,157.65594990798897,154.80092286718633,157.0707550048828,8666500
2022-06-03 00:00:00-04:00,156.9998562621788,158.41849477944575,156.1841225413963,156.42352294921875,4234200
2022-06-06 00:00:00-04:00,157.1239781592175,158.26775598911817,156.05112075117532,156.40577697753906,5386500
2022-06-07 00:00:00-04:00,156.92001978019235,158.97706353652208,156.40575884110993,158.12586975097656,5447800
2022-06-08 00:00:00-04:00,157.91312865896575,159.1101037889263,156.76047541846017,157.18606567382812,4333100
2022-06-09 00:00:00-04:00,157.12399585946795,158.40076653576816,153.95863388905434,154.0207061767578,5509600
2022-06-10 00:00:00-04:00,152.65523934375796,154.2512194773928,151.28092274175938,152.99217224121094,6647300
2022-06-13 00:00:00-04:00,150.802117690005,152.72615529429336,150.802117690005,151.44937133789062,7997000
2022-06-14 00:00:00-04:00,151.67105101744457,151.71538642912716,148.301762668588,149.12635803222656,7116800
2022-06-15 00:00:00-04:00,150.4120319224651,152.0080123366106,149.52537764008105,150.7223663330078,7796100
2022-06-16 00:00:00-04:00,149.31255327671855,150.91740865096008,148.43477432795913,150.80213928222656,7056700
2022-06-17 00:00:00-04:00,151.28979457009822,152.6818344825314,150.05734590283774,150.25241088867188,12486600
2022-06-21 00:00:00-04:00,151.39616085468273,154.15365516017582,150.3410404972209,153.39999389648438,8219700
2022-06-22 00:00:00-04:00,152.50451108450184,157.75350193552597,152.229650467579,155.8206024169922,10593100
2022-06-23 00:00:00-04:00,156.93779177146504,159.43816308356813,156.5122015480768,159.29629516601562,10223500
2022-06-24 00:00:00-04:00,160.28933097542213,161.84097568778571,159.580004972488,161.628173828125,9374400
2022-06-27 00:00:00-04:00,161.05185731112365,162.56804184210915,160.92772627280021,161.47744750976562,5908600
2022-06-28 00:00:00-04:00,161.52176407982896,162.2310900143296,156.32597088881704,156.8845672607422,9245700
2022-06-29 00:00:00-04:00,157.1328206718015,158.09040860135462,156.4323564456231,156.92889404296875,7097900
2022-06-30 00:00:00-04:00,156.81366430539234,158.0815733331276,155.19108547568004,157.38998413085938,10777200
2022-07-01 00:00:00-04:00,157.33678423880403,159.34949305018554,156.6629319209615,159.1721649169922,5498400
2022-07-05 00:00:00-04:00,158.56035612268357,158.8263550615504,154.8186746959564,157.9485626220703,5676400
2022-07-06 00:00:00-04:00,157.88651217493117,159.10122404022349,157.30131718449462,158.09043884277344,5335600
2022-07-07 00:00:00-04:00,157.7003031319336,158.81748245831798,157.38996877663712,158.26776123046875,5725800
2022-07-08 00:00:00-04:00,158.11701301916057,159.58886193946879,157.62048893261482,158.0726776123047,3828300
2022-07-11 00:00:00-04:00,157.55843233705153,158.7288222540413,157.3988410916082,158.134765625,3645200
2022-07-12 00:00:00-04:00,157.806685279432,158.2234137685707,155.3417880832702,155.91812133789062,4708800
2022-07-13 00:00:00-04:00,155.74964565177567,156.3437022111806,154.72112375970156,155.55458068847656,5291700
2022-07-14 00:00:00-04:00,152.97443985082106,156.05999251337298,152.77051318393816,155.76739501953125,5359600
2022-07-15 00:00:00-04:00,157.56730045556122,158.27661288690027,156.53877848914527,158.02835083007812,5691100
2022-07-18 00:00:00-04:00,157.59393081439404,157.99292251989783,154.198043423103,154.4817657470703,7605700
2022-07-19 00:00:00-04:00,156.34371926313065,156.716112362063,150.6248030171579,152.22964477539062,13256400
2022-07-20 00:00:00-04:00,152.6818236399988,152.99215796704271,150.5183856083946,151.3607177734375,7455800
2022-07-21 00:00:00-04:00,150.775520984513,151.963634141449,150.52725893766868,151.8927001953125,5729200
2022-07-22 00:00:00-04:00,152.1498048453254,152.93892622429425,151.67100419379685,152.61085510253906,4257000
2022-07-25 00:00:00-04:00,152.61088087590073,153.37340385070215,152.25622469056967,152.912353515625,4437300
2022-07-26 00:00:00-04:00,153.00103131433875,155.14673264063669,152.9389725617537,153.99407958984375,4525500
2022-07-27 00:00:00-04:00,153.06309566317492,154.36647822185705,151.73311456486806,153.5684814453125,4648500
2022-07-28 00:00:00-04:00,153.74581318511324,156.1309148424457,152.0079787519889,154.45513916015625,5513000
2022-07-29 00:00:00-04:00,154.0916091127891,155.03147381743736,153.31136270961974,154.73887634277344,6451400
2022-08-01 00:00:00-04:00,154.42853849444148,155.3063308985184,153.86994209827728,154.19801330566406,5461400
2022-08-02 00:00:00-04:00,155.17337104568892,155.59897486961563,153.12520168665097,153.3202667236328,5794200
2022-08-03 00:00:00-04:00,152.99218053337066,155.39500577015053,152.30059135952288,154.8009490966797,5010000
2022-08-04 00:00:00-04:00,154.99596639363068,155.24422840376891,152.1498149455228,152.31826782226562,5651600
2022-08-05 00:00:00-04:00,151.88382896914422,152.08775559566402,150.54497280511583,151.71536254882812,5235500
2022-08-08 00:00:00-04:00,151.88386382863715,152.04345508708124,150.23468651170234,150.90853881835938,4629800
2022-08-09 00:00:00-04:00,151.21000416465472,151.72426523385823,150.4918164138037,150.89080810546875,5532500
2022-08-10 00:00:00-04:00,151.6356059900315,151.83067099755377,150.3144863534979,151.3252716064453,5603400
2022-08-11 00:00:00-04:00,149.41894520216803,150.6868540073245,148.05349038048098,148.1953582763672,9328700
2022-08-12 00:00:00-04:00,148.55003097191366,148.90470075098804,146.4309280855432,146.56393432617188,14606900
2022-08-15 00:00:00-04:00,147.18457815864474,147.84956872261452,146.41319343380545,147.26437377929688,10072000
2022-08-16 00:00:00-04:00,147.06043011653978,149.17953259409055,146.82990495156614,148.5766143798828,7453600
2022-08-17 00:00:00-04:00,147.54812647881752,149.45442756881258,147.54812647881752,148.58551025390625,7406600
2022-08-18 00:00:00-04:00,148.67416986944014,149.2239046737408,147.12252501831833,147.86732482910156,8312100
2022-08-19 00:00:00-04:00,148.15990208525312,150.8375876640734,148.07123126560262,150.11940002441406,8128500
2022-08-22 00:00:00-04:00,150.76207706575426,150.77993310942142,149.21786298272403,149.59275817871094,5462600
2022-08-23 00:00:00-04:00,149.06611841694362,149.7534330759868,147.99498735594577,148.28955078125,5566300
2022-08-24 00:00:00-04:00,148.67336996243375,148.70014721794647,147.3433875380661,147.79861450195312,5684300
2022-08-25 00:00:00-04:00,148.12888595720025,149.2803624992224,147.01312150494633,149.1821746826172,5678700
2022-08-26 00:00:00-04:00,149.47672044415611,149.51241890952838,146.56679838011266,146.62928771972656,5667100
2022-08-29 00:00:00-04:00,145.91522558103745,146.24548752870456,144.62094142972748,145.49569702148438,5259200
2022-08-30 00:00:00-04:00,145.76347403811087,145.9776921008419,144.62985351552902,144.9868927001953,6973300
2022-08-31 00:00:00-04:00,145.7009664075963,145.9866086156253,143.95145555401405,144.01393127441406,8741700
2022-09-01 00:00:00-04:00,144.14783502477982,147.72720221135242,144.13890019293345,147.58438110351562,7509600
2022-09-02 00:00:00-04:00,148.0485234586334,148.35200805781835,144.61196421086598,145.26358032226562,5803700
2022-09-06 00:00:00-04:00,146.3347196961831,148.36987266255747,145.33499925520468,145.6563262939453,7394600
2022-09-07 00:00:00-04:00,145.41535768993734,146.7631962903023,144.74589899608293,146.45079040527344,4590600
2022-09-08 00:00:00-04:00,146.2811746215019,147.65579031647835,145.56708270897354,147.62901306152344,5838400
2022-09-09 00:00:00-04:00,147.2719610309522,148.35201320676376,146.73638873836902,147.91464233398438,5500600
2022-09-12 00:00:00-04:00,148.27173196321937,148.6823393434444,147.47730808467801,147.85220336914062,6365300
2022-09-13 00:00:00-04:00,146.00447487723213,146.78104255188495,143.54085833115371,144.00502014160156,6726400
2022-09-14 00:00:00-04:00,144.94226380456792,147.60224233572492,144.94226380456792,146.9774169921875,9555700
2022-09-15 00:00:00-04:00,146.78996056909497,148.23600048167683,146.4775547116894,147.35231018066406,7174500
2022-09-16 00:00:00-04:00,147.56653155253517,149.62846182421723,147.05773648800593,149.6016845703125,20201500
2022-09-19 00:00:00-04:00,148.44127217857695,148.55730239388637,146.4596738659383,148.4234161376953,7380900
2022-09-20 00:00:00-04:00,147.47725746557114,148.08422668346222,146.6739126489108,147.2541046142578,7143400
2022-09-21 00:00:00-04:00,147.29872354815453,148.88757060499256,145.70987649131646,145.74557495117188,8071200
2022-09-22 00:00:00-04:00,145.62952585604998,149.20890582965035,145.3438973270303,148.33413696289062,7401100
2022-09-23 00:00:00-04:00,147.94142198823556,149.49455714563544,146.97740001803768,148.81617736816406,9598600
2022-09-26 00:00:00-04:00,147.99499780429485,148.92330782398562,146.72749103694238,147.90573120117188,8735500
2022-09-27 00:00:00-04:00,148.49486276425293,149.66418175301942,146.7453380772795,147.22735595703125,8686700
2022-09-28 00:00:00-04:00,148.39668522162071,149.40534073376278,147.37018728319438,148.494873046875,8660900
2022-09-29 00:00:00-04:00,148.60197909999494,149.21788329874687,146.29011826656375,146.86138916015625,7008100
2022-09-30 00:00:00-04:00,147.28089893097874,147.9414363506579,145.78131813409072,145.8170166015625,8985200
2022-10-03 00:00:00-04:00,146.64716832523482,146.72751372853958,144.33530732063372,145.67422485351562,8657000
2022-10-04 00:00:00-04:00,146.2544225322749,148.17353210850268,145.4242866253218,147.83433532714844,6236100
2022-10-05 00:00:00-04:00,147.29875758710452,148.20921153557433,146.5757444314846,147.37908935546875,4539400
2022-10-06 00:00:00-04:00,147.0934630617804,147.28091749510457,144.32637520821825,144.5227508544922,5890700
2022-10-07 00:00:00-04:00,144.39775967911385,144.79943211202772,142.07696443534692,142.99635314941406,6363500
2022-10-10 00:00:00-04:00,143.38018298359387,143.96037498373818,142.0858854722151,143.18380737304688,5315600
2022-10-11 00:00:00-04:00,143.1481355273149,146.48650822488304,143.1481355273149,145.25469970703125,6212200
2022-10-12 00:00:00-04:00,145.4421164926821,147.1737849402787,145.04936526289686,145.21896362304688,4341700
2022-10-13 00:00:00-04:00,143.61227454765594,148.1645989898918,143.48730947301507,147.414794921875,6465100
2022-10-14 00:00:00-04:00,146.7810178600769,147.88784725703567,146.0312275679109,146.7988739013672,5684600
2022-10-17 00:00:00-04:00,147.63793965033292,149.25357793908847,147.28982170306978,148.7001495361328,6710800
2022-10-18 00:00:00-04:00,147.2808861807905,149.2178513525054,145.5402966135969,148.1824188232422,10883600
2022-10-19 00:00:00-04:00,148.17351510091055,148.39666798509867,146.290104213556,147.0041961669922,10044600
2022-10-20 00:00:00-04:00,147.2809015429666,147.94143897436024,146.68285345597022,147.37908935546875,5659900
2022-10-21 00:00:00-04:00,147.02203772529396,151.18159672538906,146.77209398907274,150.5924835205078,8487600
2022-10-24 00:00:00-04:00,151.574359538328,153.60059149577683,151.07449926798327,152.61871337890625,6855500
2022-10-25 00:00:00-04:00,151.89568301376903,152.73473992396688,150.42287962555824,152.37770080566406,5661900
2022-10-26 00:00:00-04:00,152.92222053552305,154.03798499674943,152.20812855630385,153.71664428710938,6123800
2022-10-27 00:00:00-04:00,153.8416050333865,154.80561351501115,153.27925540229606,153.80589294433594,5390900
2022-10-28 00:00:00-04:00,154.42176351712175,156.5551040983608,154.05578959485928,156.0909423828125,6073900
2022-10-31 00:00:00-04:00,155.77856723686514,156.34983806835245,154.79668911079114,155.28762817382812,7810000
2022-11-01 00:00:00-04:00,155.36792452604357,155.87671951725744,152.11881985881314,154.50209045410156,6985000
2022-11-02 00:00:00-04:00,154.32359198561142,155.26083672570724,152.00279678348554,152.1277618408203,6877300
2022-11-03 00:00:00-04:00,151.57434751231685,153.05608578197004,150.79777991251405,152.38662719726562,4819900
2022-11-04 00:00:00-04:00,153.136397723497,153.97545455362481,151.06554651865446,153.0649871826172,5300900
2022-11-07 00:00:00-05:00,153.2346420859011,155.18054258780217,153.0293452176851,154.40396118164062,6621000
2022-11-08 00:00:00-05:00,154.5378537205686,155.9303256648603,153.68986178767213,155.17160034179688,5148400
2022-11-09 00:00:00-05:00,155.55542202083012,156.20702465287692,153.832674609312,153.9308624267578,6150000
2022-11-10 00:00:00-05:00,155.6268539680972,156.00174924436413,153.56490951836872,155.7339630126953,7877500
2022-11-11 00:00:00-05:00,154.18080869861265,154.52000548892505,148.9054841229051,151.07452392578125,11074700
2022-11-14 00:00:00-05:00,151.96712923078343,154.65388532008907,151.96712923078343,153.44886779785156,6581500
2022-11-15 00:00:00-05:00,153.69876925065583,154.42178235296564,152.20810974906783,153.87728881835938,9351000
2022-11-16 00:00:00-05:00,154.99307626858172,156.19810736568343,154.53784925998676,154.83241271972656,5500900
2022-11-17 00:00:00-05:00,154.42178858383235,156.19809036155516,154.40393254029053,156.08204650878906,4464100
2022-11-18 00:00:00-05:00,156.2069910195703,157.67087313346124,155.86779433775953,157.2781219482422,6555700
2022-11-21 00:00:00-05:00,158.01482895333154,158.60775843277142,157.06255575136802,158.08670043945312,5706600
2022-11-22 00:00:00-05:00,158.4729673553989,159.18268959282346,158.41008838326877,158.8502960205078,4707900
2022-11-23 00:00:00-05:00,158.50894583352652,159.37137629967978,158.12263828724642,159.02101135253906,5389200
2022-11-25 00:00:00-05:00,159.35338701224646,160.01817417516006,158.88622927294978,159.2276153564453,3058600
2022-11-28 00:00:00-05:00,158.7874137406887,159.70375795810608,158.61672069245495,159.3084716796875,6183100
2022-11-29 00:00:00-05:00,159.02098998945638,159.2455832256074,156.9098217944868,158.19448852539062,6700500
2022-11-30 00:00:00-05:00,158.44601771739843,159.9193486667819,157.01760815285417,159.91036987304688,13288000
2022-12-01 00:00:00-05:00,160.808736796141,161.6711807457097,159.7037420519499,160.57516479492188,6282600
2022-12-02 00:00:00-05:00,159.46118404890183,160.7728144675644,158.97606873180212,160.70094299316406,5823900
2022-12-05 00:00:00-05:00,160.23379950886846,161.13217245661764,159.9103846993554,160.61111450195312,5120600
2022-12-06 00:00:00-05:00,161.63525336222622,161.70712484045856,158.0507404933529,158.20347595214844,7943500
2022-12-07 00:00:00-05:00,158.6257487558654,159.802615352573,158.320291476193,159.16476440429688,5702600
2022-12-08 00:00:00-05:00,158.85030851532642,159.43424543825788,158.41907963787727,159.19168090820312,4798500
2022-12-09 00:00:00-05:00,159.11982663626492,159.81157770740796,157.80820968941057,157.8800811767578,4561000
2022-12-12 00:00:00-05:00,158.06870785979294,159.79358217023486,157.75428557193715,159.76663208007812,4882400
2022-12-13 00:00:00-05:00,160.89858444309957,161.88678636261585,160.18886220834756,160.99740600585938,9177500
2022-12-14 00:00:00-05:00,160.43142745644823,162.6414170220336,160.43142745644823,161.4915008544922,9533600
2022-12-15 00:00:00-05:00,160.98845025243344,161.56340846480308,158.4730029327844,159.45223999023438,7602400
2022-12-16 00:00:00-05:00,159.0120221921704,159.0120221921704,157.08950450607998,157.8171844482422,18841800
2022-12-19 00:00:00-05:00,157.52970521081343,158.26636391538221,156.37978890996197,157.646484375,5736000
2022-12-20 00:00:00-05:00,158.11364918543498,158.50893550169206,157.36799794487447,157.8171844482422,6174700
2022-12-21 00:00:00-05:00,158.3561988845497,160.07208074835145,157.79919835111312,159.62289428710938,5472000
2022-12-22 00:00:00-05:00,158.80538366601115,159.47017084844452,157.5207032722445,159.03895568847656,5709100
2022-12-23 00:00:00-05:00,158.71552698464768,159.47914937700568,157.94292579885644,159.44320678710938,3683400
2022-12-27 00:00:00-05:00,160.00921620026574,160.2248306560141,159.00304282294175,159.3983154296875,3067300
2022-12-28 00:00:00-05:00,159.69477553667332,160.3146550844075,158.69758098338002,158.70657348632812,2645400
2022-12-29 00:00:00-05:00,159.50609689030543,160.17987650512669,159.0748817750826,159.51507568359375,2828800
2022-12-30 00:00:00-05:00,159.45221447156263,159.70375779246214,157.57460465102173,158.69757080078125,4216600
2023-01-03 00:00:00-05:00,158.25738913289425,160.2517782663902,158.12262495960812,160.08108520507812,6344900
2023-01-04 00:00:00-05:00,160.70994140593334,161.87782901836752,160.34160519519696,161.8239288330078,9788800
2023-01-05 00:00:00-05:00,160.8267019498681,161.69812465956483,160.27869399539983,160.62905883789062,6255300
2023-01-06 00:00:00-05:00,161.82391655640404,162.54260391745606,161.15911566853993,161.9317169189453,5706000
2023-01-09 00:00:00-05:00,161.07826109660292,161.4915049473679,157.37695548719535,157.73631286621094,7925300
2023-01-10 00:00:00-05:00,157.84412414920214,158.23941043943321,156.60437880303044,157.3590087890625,5047500
2023-01-11 00:00:00-05:00,157.7273471871394,157.86209764792312,154.61897071358734,157.1074676513672,6494800
2023-01-12 00:00:00-05:00,156.55043600200162,156.95471472022572,155.2388194172627,156.31686401367188,4269400
2023-01-13 00:00:00-05:00,155.5892088418074,156.3258675110047,154.86152896693682,155.8048095703125,6088000
2023-01-17 00:00:00-05:00,156.31688262480208,156.83794054518796,154.60098711754407,154.8435516357422,6053300
2023-01-18 00:00:00-05:00,154.20570625310043,154.52014225837095,152.46287430288285,152.50778198242188,7047800
2023-01-19 00:00:00-05:00,151.85196103801061,153.87329994118153,151.56448885553993,152.3011474609375,6939500
2023-01-20 00:00:00-05:00,152.81323359778148,152.82221239174393,150.45948731179328,151.59144592285156,8620600
2023-01-23 00:00:00-05:00,151.91487675130773,152.39101333515825,150.8817395970767,151.2051544189453,8425400
2023-01-24 00:00:00-05:00,151.84300526777204,153.6128011390971,149.13889381856703,151.2051544189453,10541800
2023-01-25 00:00:00-05:00,150.18101358348372,152.283203125,150.10016330298328,152.283203125,7099800
2023-01-26 00:00:00-05:00,152.31914100265325,152.6425558227193,151.51059709844628,151.72621154785156,6946100
2023-01-27 00:00:00-05:00,151.41174838456357,151.70821305882797,150.72001118602793,151.1332550048828,6058100
2023-01-30 00:00:00-05:00,150.86373628522443,151.4117442363209,144.70989088876675,145.53639221191406,23259100
2023-01-31 00:00:00-05:00,145.26690072791385,146.82108206591704,144.68296380387935,146.81210327148438,11612500
2023-02-01 00:00:00-05:00,146.42582980375784,149.11195647667122,145.8957792808668,148.15968322753906,9865300
2023-02-02 00:00:00-05:00,146.43478314572016,149.32754498917177,146.2730826031076,148.71664428710938,10099000
2023-02-03 00:00:00-05:00,149.1568832126999,149.43537667763607,147.2343653461465,147.88119506835938,6868500
2023-02-06 00:00:00-05:00,147.8272752583016,148.0967898914711,146.5246371907467,146.75820922851562,7021000
2023-02-07 00:00:00-05:00,145.17708323264998,147.2253725893985,145.01536896338868,146.7941436767578,7310800
2023-02-08 00:00:00-05:00,146.7043099150942,147.83625493143072,146.34495249937197,146.98280334472656,6054700
2023-02-09 00:00:00-05:00,147.0007877940243,148.0518826263914,144.7009549599816,144.99740600585938,7949500
2023-02-10 00:00:00-05:00,145.32980068510022,146.24613125407433,144.952485678802,145.67117309570312,7028000
2023-02-13 00:00:00-05:00,144.93451706895723,146.27309776771637,144.7728028014966,146.210205078125,6414700
2023-02-14 00:00:00-05:00,146.20119860467744,146.40782051634733,145.32078336558035,145.57232666015625,6316000
2023-02-15 00:00:00-05:00,145.49149462177328,145.5184447132767,143.10181931586163,143.17369079589844,12621800
2023-02-16 00:00:00-05:00,142.90419000278374,143.42523424434953,141.8710528979669,142.15853881835938,11177000
2023-02-17 00:00:00-05:00,142.07708610835468,145.77785509364287,141.71514410318633,145.12637329101562,12401900
2023-02-21 00:00:00-05:00,144.45682334073797,145.0902185401956,142.86431958079723,142.96385192871094,9423900
2023-02-22 00:00:00-05:00,143.41626770867686,143.732965305153,142.39380030939896,142.76478576660156,9820200
2023-02-23 00:00:00-05:00,142.7014567076324,143.49770168822883,141.76042108509262,142.71954345703125,9385100
2023-02-24 00:00:00-05:00,141.74229488871114,141.92327280339336,140.43934502706375,141.12701416015625,8689700
2023-02-27 00:00:00-05:00,141.5613387404125,141.96851145798908,140.32172003386148,140.8193817138672,7267100
2023-02-28 00:00:00-05:00,140.23122773031872,140.49363743110473,138.47584683176402,138.67491149902344,9062300
2023-03-01 00:00:00-05:00,138.44871370342452,138.65683556694998,137.45340409617444,138.05059814453125,6767000
2023-03-02 00:00:00-05:00,137.30862002491654,138.22249779734742,136.83810227164685,137.94200134277344,8762500
2023-03-03 00:00:00-05:00,138.77447436425032,139.45310029557191,138.29491314398413,139.3626251220703,5747200
2023-03-06 00:00:00-05:00,139.94171218225935,140.9098779530607,139.86028038789536,140.7560577392578,8148200
2023-03-07 00:00:00-05:00,141.2356026957204,141.3803795179494,138.75636519676735,139.42593383789062,7457700
2023-03-08 00:00:00-05:00,139.32639402758767,139.52545869580908,137.9691424569929,138.40347290039062,6230500
2023-03-09 00:00:00-05:00,138.85588608097098,138.9825623383015,136.3675916067328,136.84715270996094,7439400
2023-03-10 00:00:00-05:00,137.40815440385578,138.88303891403845,136.7204852209131,137.18194580078125,8504300
2023-03-13 00:00:00-04:00,137.61626700602835,141.0727412025742,137.14576303687386,138.49395751953125,10799600
2023-03-14 00:00:00-04:00,138.6930317136596,139.37165759188014,137.44435567959655,139.27212524414062,8421200
2023-03-15 00:00:00-04:00,138.29488508024764,140.14979834411767,138.01438862795706,139.66119384765625,7757700
2023-03-16 00:00:00-04:00,138.84685265314198,139.67929874467103,138.07775160445266,139.3716583251953,7605500
2023-03-17 00:00:00-04:00,139.77879048355268,140.20406368378985,137.8062584540908,137.87864685058594,20540700
2023-03-20 00:00:00-04:00,137.96008629654798,139.40782669366715,137.87865452346242,139.2449493408203,7129000
2023-03-21 00:00:00-04:00,139.3444816657057,139.46211454239088,137.6886332462537,139.2449493408203,8376800
2023-03-22 00:00:00-04:00,139.20878642777956,139.3987939315944,136.6571466374125,136.6752471923828,7943500
2023-03-23 00:00:00-04:00,136.79288082870255,137.254355286108,135.82471503835305,136.74765014648438,9051500
2023-03-24 00:00:00-04:00,137.06431595196437,138.22250292088427,136.47617909358456,138.1229705810547,5696200
2023-03-27 00:00:00-04:00,139.525466068184,139.83310646017173,138.539199855041,138.71112060546875,6772300
2023-03-28 00:00:00-04:00,137.88772723907,138.84684958842922,137.29053316267243,137.37197875976562,6115300
2023-03-29 00:00:00-04:00,137.75200337316292,138.78351410688597,137.59818317152718,138.7201690673828,6012000
2023-03-30 00:00:00-04:00,138.96446879555592,139.1635334680711,138.2677424417527,138.8287353515625,4555700
2023-03-31 00:00:00-04:00,139.15444266143888,140.42121879921086,138.65679490708357,140.24929809570312,9890000
2023-04-03 00:00:00-04:00,140.20408519310362,142.06804181711786,139.2902074346659,141.92327880859375,6841900
2023-04-04 00:00:00-04:00,142.03184401555163,143.8415126517371,141.68800255654006,143.40719604492188,8314500
2023-04-05 00:00:00-04:00,148.72760986960373,149.89485385145582,147.27082609045064,149.849609375,16704200
2023-04-06 00:00:00-04:00,150.19346677353724,151.31545259137482,149.11671163028169,149.4333953857422,9615400
2023-04-10 00:00:00-04:00,148.9629000350983,149.15290753800335,148.0671089585119,148.68240356445312,5354000
2023-04-11 00:00:00-04:00,148.77286562907855,149.55102374043733,148.429024149948,148.63714599609375,5903800
2023-04-12 00:00:00-04:00,148.3385656432121,149.15291114585935,147.57850799985087,148.32046508789062,5764100
2023-04-13 00:00:00-04:00,148.55571010000446,150.50111240863956,148.2209257790192,150.3020477294922,5640600
2023-04-14 00:00:00-04:00,150.1753721523983,150.31109179486052,148.44713506943114,150.0577392578125,7225100
2023-04-17 00:00:00-04:00,149.9672604413296,150.41967764740818,149.2433901502684,149.90391540527344,8046400
2023-04-18 00:00:00-04:00,148.61906184458212,149.01719122084467,144.45681775579158,145.68739318847656,14571500
2023-04-19 00:00:00-04:00,146.57413960563056,147.1984637873795,145.83216871889735,147.062744140625,6752000
2023-04-20 00:00:00-04:00,146.9722495066497,148.22998261592733,145.64215559968912,148.0128173828125,9498800
2023-04-21 00:00:00-04:00,148.79096440283735,149.2705255092172,146.55602242857194,147.20750427246094,7014200
2023-04-24 00:00:00-04:00,147.20750953082631,148.2209196323305,146.4655387017414,148.10328674316406,5278900
2023-04-25 00:00:00-04:00,148.67332407684376,149.614359496108,148.53760445227485,149.4605255126953,6263100
2023-04-26 00:00:00-04:00,148.4742573088123,148.74571036076068,146.8003221340362,147.14414978027344,5518200
2023-04-27 00:00:00-04:00,147.39751762949913,147.85899200786955,146.7008050851798,147.48800659179688,5739700
2023-04-28 00:00:00-04:00,147.31611198129775,148.17570204890873,147.0899033421012,148.1214141845703,6024900
2023-05-01 00:00:00-04:00,148.03091430664062,148.66429562934414,146.80033896252635,148.03091430664062,4893400
2023-05-02 00:00:00-04:00,148.7004759231456,149.7319865448465,147.99470622443852,149.32481384277344,7541700
2023-05-03 00:00:00-04:00,149.79533999585485,150.3653762881221,147.04463564561388,147.37037658691406,5937200
2023-05-04 00:00:00-04:00,147.19845353863226,147.39751821113106,145.9045469740673,146.7008056640625,5128000
2023-05-05 00:00:00-04:00,147.34323263035822,147.60564234210096,146.30267857715378,147.19845581054688,5194500
2023-05-08 00:00:00-04:00,146.57413813278936,147.09894377276368,145.98598745384734,146.86367797851562,4994900
2023-05-09 00:00:00-04:00,146.35699902307746,146.70084059502526,145.48835171746012,145.72361755371094,5520500
2023-05-10 00:00:00-04:00,145.85932197799045,146.55604842481148,144.82781117664203,146.26649475097656,6756600
2023-05-11 00:00:00-04:00,146.42935385350668,146.75509479254268,144.2215556896712,145.66929626464844,5867600
2023-05-12 00:00:00-04:00,146.00409950453746,146.1850636481995,144.7825673731303,145.4792938232422,3904200
2023-05-15 00:00:00-04:00,145.49739139967323,145.70549947028832,143.81439866539546,144.36634826660156,5104500
2023-05-16 00:00:00-04:00,143.92296277079367,144.9997179556325,143.44340162561502,144.1763153076172,5599200
2023-05-17 00:00:00-04:00,144.58347557962978,144.82778472146603,142.75572012246317,143.859619140625,6840700
2023-05-18 00:00:00-04:00,143.56102494963775,143.80532028956742,142.5657016165571,143.3981475830078,5173000
2023-05-19 00:00:00-04:00,143.49766259487828,144.7101371948733,143.090489937468,143.78721618652344,6527100
2023-05-22 00:00:00-04:00,144.04246489904511,145.081758076693,142.930237158476,143.0122833251953,5675900
2023-05-23 00:00:00-04:00,143.22200066004112,144.2886427479766,142.55647787262103,142.95761108398438,5793000
2023-05-24 00:00:00-04:00,143.20377319071005,143.25847064851945,142.14624263689856,142.8208770751953,5015100
2023-05-25 00:00:00-04:00,142.26473133759737,142.48352112003448,140.14055909774703,140.7696075439453,6886100
2023-05-26 00:00:00-04:00,141.02489682393679,141.56277368323182,140.57817775336983,140.71493530273438,6845400
2023-05-30 00:00:00-04:00,140.36852576969605,141.6539718553687,139.77595134425306,140.73318481445312,5593100
2023-05-31 00:00:00-04:00,141.0340144774044,141.93656426285997,140.25911064116883,141.36221313476562,11324600
2023-06-01 00:00:00-04:00,140.8881378173828,141.3439684888535,139.62092910712826,140.8881378173828,7901300
2023-06-02 00:00:00-04:00,141.0522470429016,143.4134466319013,140.47789593336444,143.10348510742188,7659700
2023-06-05 00:00:00-04:00,142.9028984421232,144.62593761810155,142.9028984421232,144.33421325683594,6430500
2023-06-06 00:00:00-04:00,145.4828922211993,145.5102409436278,143.49546362270726,144.20655822753906,5073600
2023-06-07 00:00:00-04:00,144.13367492086678,144.77183512762525,143.53197504984482,144.51657104492188,6504300
2023-06-08 00:00:00-04:00,144.49831016474752,146.2486981201545,143.87838718320305,146.1028289794922,5818400
2023-06-09 00:00:00-04:00,146.24872348605385,146.53133630082513,145.38264791828237,145.87493896484375,6264400
2023-06-12 00:00:00-04:00,145.86581464282693,146.09372997820637,144.70800084406204,145.77464294433594,6510600
2023-06-13 00:00:00-04:00,145.61967934223262,146.6316241069767,145.0909140325524,146.54046630859375,6066800
2023-06-14 00:00:00-04:00,147.32449915122842,147.76209276189402,146.75925958031652,147.28802490234375,6699100
2023-06-15 00:00:00-04:00,147.73471212473675,149.430402649558,147.16947267589828,149.26629638671875,7138300
2023-06-16 00:00:00-04:00,149.9500680673941,150.41502429950143,149.3939540388232,149.72215270996094,13426600
2023-06-20 00:00:00-04:00,149.74950323200733,150.70675052685172,149.33925836588818,149.63099670410156,7995800
2023-06-21 00:00:00-04:00,149.1295749669805,150.35119791654694,148.31819686933125,149.403076171875,7177500
2023-06-22 00:00:00-04:00,149.42130581999587,151.08053633319818,149.32102250424353,150.98936462402344,5485900
2023-06-23 00:00:00-04:00,151.43606067115883,151.58192981927616,150.4514647876382,150.86170959472656,9450700
2023-06-26 00:00:00-04:00,150.405890152664,150.405890152664,147.07833168939945,149.17515563964844,6978800
2023-06-27 00:00:00-04:00,149.22073599945628,149.4030794139089,148.090284730607,148.8651885986328,4927500
2023-06-28 00:00:00-04:00,148.78309030046685,148.78309030046685,147.60705358988673,148.56430053710938,6780400
2023-06-29 00:00:00-04:00,148.27257571658708,149.80417375285035,147.8987912892486,149.60360717773438,4547500
2023-06-30 00:00:00-04:00,150.29647832061204,151.28107416670196,149.83153607836698,150.89817810058594,7580000
2023-07-03 00:00:00-04:00,149.8224272168611,149.86801306783798,148.56434397715975,148.91989135742188,4033700
2023-07-05 00:00:00-04:00,148.59167278766992,149.43951107662815,148.35463195870346,148.4275665283203,7224600
2023-07-06 00:00:00-04:00,147.91705245624004,148.02644736559915,146.77747578092232,147.32447814941406,6332500
2023-07-07 00:00:00-04:00,146.29429581474798,146.81393554303182,145.13648202208864,145.18206787109375,7022200
2023-07-10 00:00:00-04:00,145.34613282033033,146.13928749304557,144.95412519668972,145.4190673828125,5739200
2023-07-11 00:00:00-04:00,145.07268250498007,146.13932466979247,143.6778416809293,144.61685180664062,6606700
2023-07-12 00:00:00-04:00,144.8994620831422,144.8994620831422,143.9331032452763,144.1154327392578,6940400
2023-07-13 00:00:00-04:00,144.04250131536318,145.07268314965992,143.50462442753616,144.78094482421875,6401700
2023-07-14 00:00:00-04:00,145.11826581440238,146.07551313807377,144.93593630295305,145.747314453125,5362200
2023-07-17 00:00:00-04:00,145.637897882475,145.74729279091537,144.17923418597957,145.01797485351562,5486800
2023-07-18 00:00:00-04:00,145.0179756139728,146.67719201436032,144.21570918560852,145.00885009765625,6332500
2023-07-19 00:00:00-04:00,143.96045195313857,146.23960540470173,143.43168668307408,144.71713256835938,7522600
2023-07-20 00:00:00-04:00,147.63445243449075,154.19841186982762,147.05098968270192,153.50555419921875,21892900
2023-07-21 00:00:00-04:00,153.32320660191064,155.7300060370538,153.32320660191064,155.15565490722656,12080000
2023-07-24 00:00:00-04:00,156.34993715159226,158.46499837219187,155.88499482452838,155.967041015625,15155400
2023-07-25 00:00:00-04:00,155.39267540218756,157.42567633173857,154.75451523493481,157.1613006591797,13790100
2023-07-26 00:00:00-04:00,156.8057760770954,158.49235539575312,156.25877361946306,157.46217346191406,14288200
2023-07-27 00:00:00-04:00,156.96984848860737,158.8934545416139,156.84221645285166,158.34646606445312,12446400
2023-07-28 00:00:00-04:00,158.62908732097617,159.86894741049363,157.927104131472,159.06668090820312,14138800
2023-07-31 00:00:00-04:00,154.69982860270204,155.1830080424877,151.98308146583838,152.7306365966797,22632700
2023-08-01 00:00:00-04:00,151.67309893543032,154.1528189952981,151.3904861341183,153.97048950195312,15810300
2023-08-02 00:00:00-04:00,153.93404693774065,156.11291732523574,153.93404693774065,154.90040588378906,14595600
2023-08-03 00:00:00-04:00,154.9368541102576,156.18583970345452,154.68159002789233,155.56590270996094,17424800
2023-08-04 00:00:00-04:00,155.29237063353403,157.42565457387187,153.05880340142755,154.10720825195312,23415100
2023-08-07 00:00:00-04:00,154.51751048335183,158.0273988627869,154.3989900385361,157.80860900878906,17736400
2023-08-08 00:00:00-04:00,157.70831152102463,158.21883968229002,156.24964770811,157.8815155029297,27378700
2023-08-09 00:00:00-04:00,157.717411770224,158.85698844486436,156.85133627966695,157.78123474121094,42974400
2023-08-10 00:00:00-04:00,158.62909656215942,160.4250707797829,156.47757492591683,156.96075439453125,48213800
2023-08-11 00:00:00-04:00,157.24336964800432,158.58351314902328,156.4593402114276,158.4923553466797,45905600
2023-08-14 00:00:00-04:00,158.19149537478495,160.08775282023876,156.5778507471563,158.11856079101562,64036900
2023-08-15 00:00:00-04:00,157.5350724446197,159.1395912943878,156.93337265938894,157.66270446777344,88958100
2023-08-16 00:00:00-04:00,157.28893269263023,159.29458489435956,156.92427371444248,157.1613006591797,85832700
2023-08-17 00:00:00-04:00,157.58977862483303,159.89628068512874,157.49860692716723,158.63818359375,70904200
2023-08-18 00:00:00-04:00,157.87237964825835,158.6199485630372,156.17668913830678,157.25245666503906,49631700
2023-08-21 00:00:00-04:00,154.6998279545972,154.8456971198061,151.2993347669038,152.56654357910156,151319500
2023-08-22 00:00:00-04:00,152.11978067804273,153.0132047137215,150.79787478721445,151.35398864746094,56834800
2023-08-23 00:00:00-04:00,151.2446383159421,151.7916407840085,149.02930753305947,149.99566650390625,119011400
2023-08-24 00:00:00-04:00,149.5398209344699,151.94660651596786,149.38484016307166,150.5061798095703,70755100
2023-08-25 00:00:00-04:00,150.8735096346363,154.06912228938444,150.65311724015868,152.66415405273438,18185500
2023-08-28 00:00:00-04:00,151.51627361204595,152.62739911708059,149.83581871419972,150.86428833007812,18458000
2023-08-29 00:00:00-04:00,151.39692534862206,152.14073042864175,149.46854440261745,150.8826904296875,12208600
2023-08-30 00:00:00-04:00,151.617298752895,152.2784618549376,150.30415030983718,150.35006713867188,9939100
2023-08-31 00:00:00-04:00,150.0194866797382,150.20315399641402,148.10028372237767,148.46759033203125,15333000
2023-09-01 00:00:00-04:00,148.22881690052836,149.20219185908434,146.93403820500924,147.36563110351562,8610100
2023-09-05 00:00:00-04:00,147.43911197339338,148.73389081607974,147.181994559337,147.54930114746094,9019800
2023-09-06 00:00:00-04:00,146.77797417396948,146.92490243925286,144.49146434734297,145.09751892089844,9753800
2023-09-07 00:00:00-04:00,146.13513886059798,147.89823550573448,145.98821063720828,146.95240783691406,9931800
2023-09-08 00:00:00-04:00,146.54836904341906,147.54929133959462,146.18106247971068,147.43910217285156,6957000
2023-09-11 00:00:00-04:00,147.8982535451589,149.39505522833505,147.33810188552874,149.3675079345703,6309300
2023-09-12 00:00:00-04:00,148.96344887591985,150.53370052664096,148.32983315263527,150.21231079101562,6045800
2023-09-13 00:00:00-04:00,150.37759157418142,151.47034747982843,149.67970352226882,150.58880615234375,7397500
2023-09-14 00:00:00-04:00,151.22244016932012,151.76423636403916,150.0837812103202,150.35926818847656,7758400
2023-09-15 00:00:00-04:00,150.57964212569536,151.35100844417988,148.0360150660639,148.2563934326172,13392100
2023-09-18 00:00:00-04:00,148.87160469811766,149.81743233029954,147.6135651122118,149.19300842285156,5789000
2023-09-19 00:00:00-04:00,148.9910004422415,149.54197430747567,148.19210094831465,148.94508361816406,5550800
2023-09-20 00:00:00-04:00,148.93594373192047,150.17561422616959,148.44925609900142,149.59710693359375,3837400
2023-09-21 00:00:00-04:00,149.2848419655028,150.13883595811055,148.38491714156723,148.44920349121094,4526700
2023-09-22 00:00:00-04:00,148.11866047005878,148.21048012101946,147.1544630579488,147.384033203125,4976700
2023-09-25 00:00:00-04:00,146.9891432387243,147.25543837662173,145.75863691328288,147.16360473632812,6722500
2023-09-26 00:00:00-04:00,146.75041411519544,146.99835378982053,145.8780503851879,146.0249786376953,4904800
2023-09-27 00:00:00-04:00,145.6209614554628,145.786245263002,142.57226267245375,144.27108764648438,10211600
2023-09-28 00:00:00-04:00,144.62917437970808,145.05158956215718,143.45377649617322,144.05984497070312,7861900
2023-09-29 00:00:00-04:00,144.50981160640765,144.7210262301161,142.65489490773606,143.02220153808594,7680700
2023-10-02 00:00:00-04:00,142.71917688133072,142.71917688133072,140.7907959242552,142.4712371826172,7259700
2023-10-03 00:00:00-04:00,142.03962241913092,142.79261916226554,141.31418698216945,142.64569091796875,5740800
2023-10-04 00:00:00-04:00,142.8568909442315,143.18745844239012,141.93861052886513,142.81097412109375,4955200
2023-10-05 00:00:00-04:00,143.49966933207688,145.1250154077094,143.31601607069896,144.29856872558594,5993300
2023-10-06 00:00:00-04:00,144.24351657698725,145.36382001632452,143.7935540441879,144.75775146484375,5802200
2023-10-09 00:00:00-04:00,144.33532071221342,145.89640875490514,144.25267883094574,145.5841827392578,4414100
2023-10-10 00:00:00-04:00,145.43723854789036,146.25450745526,144.99645391490677,145.4188690185547,5273500
2023-10-11 00:00:00-04:00,145.51074582083297,146.05252799627516,143.28849450285895,143.41705322265625,6922900
2023-10-12 00:00:00-04:00,143.17828071949356,143.765979625006,142.3977507733388,143.55477905273438,5792400
2023-10-13 00:00:00-04:00,143.92211491486995,144.50063617827058,143.2976908308217,144.03231811523438,5359800
2023-10-16 00:00:00-04:00,144.92301692165333,145.31787076106806,144.02309205684665,144.65670776367188,6408100
2023-10-17 00:00:00-04:00,143.23336970127548,145.9606635499129,141.9753300648863,143.33438110351562,12244400
2023-10-18 00:00:00-04:00,142.7099611751327,143.20582642886754,139.6245384523186,140.24896240234375,9097300
2023-10-19 00:00:00-04:00,139.27557641748894,140.59790233883592,137.87978638808423,139.87246704101562,7733800
2023-10-20 00:00:00-04:00,140.25816983679383,141.29581728278131,139.88167146566855,140.49691772460938,7207000
2023-10-23 00:00:00-04:00,140.36835179181557,140.95605072622624,138.85319463630537,139.0184783935547,5874000
2023-10-24 00:00:00-04:00,138.43078081151978,139.54190634510397,137.86145140407967,138.87155151367188,6155300
2023-10-25 00:00:00-04:00,138.88075784605599,139.73475204674793,137.95328550681265,139.1837921142578,5880800
2023-10-26 00:00:00-04:00,139.55107008719241,139.55107008719241,136.71358708361,136.8237762451172,7612500
2023-10-27 00:00:00-04:00,136.3554749520692,136.51158095388752,133.10475417208087,133.70164489746094,11385800
2023-10-30 00:00:00-04:00,134.15161498415048,135.20764612450088,134.0689730896106,135.01480102539062,8205300
2023-10-31 00:00:00-04:00,135.48310044984316,136.40138096099307,134.65665359454772,136.2177276611328,7576900
2023-11-01 00:00:00-04:00,136.99824845403373,137.5216609704135,136.32790771795754,136.5391082763672,5733000
2023-11-02 00:00:00-04:00,135.63922990380186,138.1093928806954,135.48310987561806,137.9624786376953,5349100
2023-11-03 00:00:00-04:00,138.85319776273604,139.8265728311596,137.87980868246433,138.97256469726562,4926800
2023-11-06 00:00:00-05:00,139.37661048231033,139.97348719106506,139.0001121217244,139.3031463623047,4851400
2023-11-07 00:00:00-05:00,139.51435505242966,139.80821154951846,138.3665043828934,138.5685272216797,4840400
2023-11-08 00:00:00-05:00,138.9817570477528,139.42252775735665,138.0542847900646,138.0634765625,5460000
2023-11-09 00:00:00-05:00,138.20121516559286,138.20121516559286,135.22598130314455,135.37290954589844,6973600
2023-11-10 00:00:00-05:00,136.13506196674547,136.36463205437911,133.7383496913765,135.21678161621094,6930700
2023-11-13 00:00:00-05:00,135.21678384054707,135.81366047347476,134.66581001642427,135.56573486328125,5889300
2023-11-14 00:00:00-05:00,135.57493796105422,136.4013848398514,134.9596916825098,135.5933074951172,6713600
2023-11-15 00:00:00-05:00,135.308647949909,137.20948144864374,135.23518382269395,136.64015197753906,6729100
2023-11-16 00:00:00-05:00,137.2829493764025,137.89819569553026,136.49322750179,137.83392333984375,6875600
2023-11-17 00:00:00-05:00,138.24712697534247,138.46750531962635,136.88807580881598,137.54922485351562,7023300
2023-11-20 00:00:00-05:00,136.9105571715328,139.21537727767472,136.5680629150258,138.76182556152344,8851700
2023-11-21 00:00:00-05:00,138.93771437758645,140.0392073327395,138.48414848495264,139.88185119628906,5916300
2023-11-22 00:00:00-05:00,140.35391793452237,140.73341722134361,139.20612644457017,139.60415649414062,4633500
2023-11-24 00:00:00-05:00,139.6411707389825,141.32581757528126,139.6411707389825,141.15921020507812,3351400
2023-11-27 00:00:00-05:00,140.96480782144414,140.9925898379735,139.74297818041498,140.02992248535156,6449700
2023-11-28 00:00:00-05:00,140.14103679844823,140.52055027675428,139.6226838154251,140.35394287109375,5909000
2023-11-29 00:00:00-05:00,140.07619387116335,140.88149092546573,139.83553411761596,140.79818725585938,5190000
2023-11-30 00:00:00-05:00,140.93703908295282,143.6028697369124,140.62232688743123,143.1585693359375,12481900
2023-12-01 00:00:00-05:00,144.80619635302705,146.67598113151737,143.9083301740718,146.6019287109375,10342900
2023-12-04 00:00:00-05:00,146.25019572892217,148.11998066702768,146.25019572892217,147.06475830078125,8920300
2023-12-05 00:00:00-05:00,146.99070113262064,147.7589791473781,146.4538316479447,146.75929260253906,7268200
2023-12-06 00:00:00-05:00,146.73153755369032,146.86112577691787,144.55629153088088,144.9728240966797,6642900
2023-12-07 00:00:00-05:00,144.9358073560353,144.9358073560353,143.20487589038206,143.8435516357422,6532400
2023-12-08 00:00:00-05:00,143.86208144505994,144.26011153921766,142.39957755379461,142.9364471435547,6254700
2023-12-11 00:00:00-05:00,143.01045580343737,143.9175731864845,142.87161635033726,143.52880859375,6090400
2023-12-12 00:00:00-05:00,143.47330002318287,143.76950974471353,142.22368821206788,143.53810119628906,5324400
2023-12-13 00:00:00-05:00,142.23293779930884,144.34338239666374,140.4834899324474,144.20452880859375,10764600
2023-12-14 00:00:00-05:00,144.83399084475926,145.47268073101122,143.5195919171942,145.20423889160156,9240700
2023-12-15 00:00:00-05:00,143.9268446006741,145.03760264420976,142.32548751282155,143.6213836669922,21727800
2023-12-18 00:00:00-05:00,143.66770803817997,144.8062342892487,143.25116129778473,143.88059997558594,7231400
2023-12-19 00:00:00-05:00,143.75099845441596,144.86175670336831,143.4177695673245,144.82473754882812,6651500
2023-12-20 00:00:00-05:00,144.8987617031925,145.0098474040763,141.72384339037978,141.8719482421875,7008300
2023-12-21 00:00:00-05:00,142.26073678371776,143.5936524257935,141.89973997432713,143.32521057128906,4598600
2023-12-22 00:00:00-05:00,143.70470423852942,144.88951484081306,143.49181233513409,143.8990936279297,3798900
2023-12-26 00:00:00-05:00,143.47329628837332,144.72290806695918,143.33445681255557,144.5285186767578,4170000
2023-12-27 00:00:00-05:00,143.93612091440693,144.88027177160404,143.86206848207215,144.72291564941406,5288100
2023-12-28 00:00:00-05:00,144.39892153554206,145.54671291958718,144.38967027907805,144.935791015625,4377500
2023-12-29 00:00:00-05:00,144.8709715751573,145.23196826850025,144.380386687385,145.08387756347656,4313700
2024-01-02 00:00:00-05:00,145.25976415261727,149.6195073269326,145.13017593321388,148.07369995117188,9622100
2024-01-03 00:00:00-05:00,148.69386765226102,149.434377788911,147.9163383646038,148.99932861328125,8232000
2024-01-04 00:00:00-05:00,149.57321695176958,149.9342137005842,148.49022670532577,148.6846160888672,6766600
2024-01-05 00:00:00-05:00,148.56429160318703,149.34182095451408,147.61088949104754,149.14744567871094,5602500
2024-01-08 00:00:00-05:00,149.11963859039335,149.63799135504405,147.7404388869771,149.5176544189453,6569800
2024-01-09 00:00:00-05:00,149.61024475097656,151.13753537297228,148.65684275376978,149.61024475097656,6357000
2024-01-10 00:00:00-05:00,149.7861423061047,150.52663841274915,149.21223946217998,149.83241271972656,4945100
2024-01-11 00:00:00-05:00,150.01753518797625,150.1378580244959,148.82345921133077,149.1659393310547,4946000
2024-01-12 00:00:00-05:00,149.80461912409598,150.3877731258979,149.66577965893146,150.313720703125,4496900
2024-01-16 00:00:00-05:00,149.55471284871766,150.1841372762454,148.26806785163336,148.58279418945312,6923200
2024-01-17 00:00:00-05:00,148.33285859059495,149.30477718152216,147.9811131269696,148.4994659423828,5072100
2024-01-18 00:00:00-05:00,148.10147297804963,149.36958732072588,147.81452863400378,149.22149658203125,5368500
2024-01-19 00:00:00-05:00,149.1659244730863,149.87866666048993,148.36062735327565,149.65650939941406,7071300
2024-01-22 00:00:00-05:00,149.95272245458474,151.4152260104482,149.34180056592243,150.3877716064453,6824200
2024-01-23 00:00:00-05:00,147.7867281762492,148.5735086036614,145.24123467028147,147.92556762695312,9149800
2024-01-24 00:00:00-05:00,147.8700846298328,148.65687946215036,146.398329430803,147.1388397216797,7247900
2024-01-25 00:00:00-05:00,147.17583048322814,147.74971913899932,146.6852455115419,147.69418334960938,5478900
2024-01-26 00:00:00-05:00,148.49947430491213,148.78643274479793,147.50905314627101,147.63864135742188,5591900
2024-01-29 00:00:00-05:00,147.18508610757323,148.166270204117,147.13881569774614,147.50906372070312,6483200
2024-01-30 00:00:00-05:00,147.49980589759576,147.8793051608134,146.3705311165729,146.9629364013672,7200500
2024-01-31 00:00:00-05:00,148.47171849757993,148.67535914940214,146.8703753028479,147.08326721191406,8256800
2024-02-01 00:00:00-05:00,146.3982958006264,146.7037567550957,145.37084136252275,146.5834197998047,8012000
2024-02-02 00:00:00-05:00,146.2224249964983,146.5371372116792,144.343388838019,144.96356201171875,8295900
2024-02-05 00:00:00-05:00,144.96356756833103,145.2227440053623,143.78800822061726,144.21380615234375,9121600
2024-02-06 00:00:00-05:00,144.24156498806667,146.92589825617668,144.0286730976028,146.30572509765625,9229900
2024-02-07 00:00:00-05:00,146.06506683242915,147.51830505504284,145.9632465143564,146.23167419433594,8690300
2024-02-08 00:00:00-05:00,145.63926333757735,145.63926333757735,143.76022727761665,144.7691650390625,9755000
2024-02-09 00:00:00-05:00,144.64885004722112,145.50968301212941,144.09346391730506,145.10240173339844,6529200
2024-02-12 00:00:00-05:00,144.93578416188615,146.62969620237632,144.7228922808353,146.11134338378906,6701500
2024-02-13 00:00:00-05:00,145.91695932101084,146.66672068402187,144.16751143263323,144.83396911621094,8621000
2024-02-14 00:00:00-05:00,144.7229168616777,144.8247371914838,143.32520014124353,144.1582794189453,9098800
2024-02-15 00:00:00-05:00,144.38041489864227,146.69450033993888,144.2971112125292,146.1761474609375,7462500
2024-02-16 00:00:00-05:00,146.0549062199334,146.67045245617985,145.18752297361556,146.00827026367188,8541000
2024-02-20 00:00:00-05:00,146.01759304571857,147.92955341887853,145.90567813474394,147.2300567626953,9501700
2024-02-21 00:00:00-05:00,147.3792962453988,148.00417826004934,146.5492273923499,147.99484252929688,7472500
2024-02-22 00:00:00-05:00,148.27463058744098,149.91612514550837,147.14611731006522,149.64564514160156,8065000
2024-02-23 00:00:00-05:00,150.04669937615225,151.32444203687112,149.3751814532631,150.94204711914062,6726000
2024-02-26 00:00:00-05:00,150.90475125369008,151.10060235193652,149.75758069864375,149.96275329589844,5465400
2024-02-27 00:00:00-05:00,149.54306558600865,150.19592633149844,148.89020484051883,150.1399688720703,5078600
2024-02-28 00:00:00-05:00,150.15861801372034,150.7275425394217,149.49642157313178,150.6715850830078,6071100
2024-02-29 00:00:00-05:00,151.09126170079992,151.2684697785672,150.10264214198696,150.5130157470703,9849100
2024-03-01 00:00:00-05:00,150.93272026836178,151.622895395551,150.24254514117254,151.20318603515625,5670100
2024-03-04 00:00:00-05:00,150.45707148059574,150.7275372542111,147.61244895183478,149.07672119140625,8532900
2024-03-05 00:00:00-05:00,149.80419224344263,150.38245246246427,148.47981367817857,149.19796752929688,8298200
2024-03-06 00:00:00-05:00,148.72232648452152,150.09332687929597,148.4984824245092,148.6103973388672,5773700
2024-03-07 00:00:00-05:00,149.2259557129169,149.56171468252282,147.58447532334145,148.1720428466797,5188700
2024-03-08 00:00:00-05:00,148.17205077860737,149.58970141853248,147.76167710142138,148.77828979492188,5284000
2024-03-11 00:00:00-04:00,148.75030004198456,150.4570735830917,148.18137552828216,150.3731231689453,4620800
2024-03-12 00:00:00-04:00,150.69954166943862,152.12651352351693,150.27984657670274,151.78143310546875,8018700
2024-03-13 00:00:00-04:00,151.58559225787909,151.725485900926,149.04874983445467,150.25189208984375,6260000
2024-03-14 00:00:00-04:00,150.102637152822,150.6622258610041,148.0041474767279,148.4891357421875,6988300
2024-03-15 00:00:00-04:00,147.41655801093643,148.4704706576073,146.52121043271654,147.52847290039062,13165500
2024-03-18 00:00:00-04:00,147.89224730530185,148.00416221182158,145.96162978006453,146.20411682128906,6602300
2024-03-19 00:00:00-04:00,146.1201787329609,146.29738682016622,145.17819507570042,145.691162109375,7840600
2024-03-20 00:00:00-04:00,145.21552691029035,145.90570218140516,144.75853146096279,145.271484375,5982300
2024-03-21 00:00:00-04:00,145.11291662000872,146.3813378541382,144.65592122378118,145.26214599609375,5915800
2024-03-22 00:00:00-04:00,145.2061915518567,145.8310735669744,144.66524572579283,144.77716064453125,7248600
2024-03-25 00:00:00-04:00,144.93569462415928,145.4766403871507,144.4693635420593,144.767822265625,7498100
2024-03-26 00:00:00-04:00,145.13157811464694,145.70982417484785,144.33880948328368,145.2808074951172,6864100
2024-03-27 00:00:00-04:00,145.48595785135367,147.5657902316382,144.9729908791866,147.32330322265625,8461600
2024-03-28 00:00:00-04:00,147.54716329599404,148.4238680772601,147.46322711003359,147.537841796875,6181500
2024-04-01 00:00:00-04:00,147.09948382899432,147.5005217453532,146.21345758220272,147.1554412841797,4364700
2024-04-02 00:00:00-04:00,146.0269481939512,147.2020976093395,145.44868787066363,147.10882568359375,6102300
2024-04-03 00:00:00-04:00,147.16476349579548,147.4072647778344,143.86314554220485,143.87246704101562,8098200
2024-04-04 00:00:00-04:00,144.85176609157293,145.02897418913292,142.14705136513,142.23098754882812,6947400
2024-04-05 00:00:00-04:00,141.79264372361794,142.70664876315846,141.4009272781006,142.12840270996094,6783000
2024-04-08 00:00:00-04:00,141.75532131308424,142.73460515799334,141.35426919959556,141.3822479248047,5935400
2024-04-09 00:00:00-04:00,141.34496478545316,142.2589697924448,140.7760402519459,142.03512573242188,6135300
2024-04-10 00:00:00-04:00,141.32631904799072,141.59679908809133,139.6755027704135,140.08587646484375,6809500
2024-04-11 00:00:00-04:00,140.64542686555635,140.71070580269392,138.39770811923384,138.77076721191406,8374400
2024-04-12 00:00:00-04:00,138.08995024925227,139.0319480919256,137.2412243104477,137.58631896972656,7100200
2024-04-15 00:00:00-04:00,138.37908670903346,139.4236780552141,137.44642450465895,137.651611328125,8502300
2024-04-16 00:00:00-04:00,135.24532621957619,136.40183234873913,133.73441816911202,134.72303771972656,12774900
2024-04-17 00:00:00-04:00,135.2360232205098,135.61841814995475,133.87433010424328,135.02151489257812,9378100
2024-04-18 00:00:00-04:00,135.21736086204155,135.9821506919211,133.49194434242062,135.9261932373047,9887700
2024-04-19 00:00:00-04:00,136.30859369386943,138.15527535186496,134.80700677489403,137.95008850097656,9750800
2024-04-22 00:00:00-04:00,138.50965825220044,140.15115283286337,137.38114495929045,139.07858276367188,10118700
2024-04-23 00:00:00-04:00,139.7687388461227,140.35632050619856,138.22051638924285,139.4889373779297,10110400
2024-04-24 00:00:00-04:00,138.16456739220152,138.95733589535283,136.97076100410416,138.52830505371094,9756300
2024-04-25 00:00:00-04:00,139.31173339204193,139.5075986949085,136.47644686840596,136.93345642089844,7642700
2024-04-26 00:00:00-04:00,136.8215439338742,137.26921781178663,136.12204727344408,136.29925537109375,6183000
2024-04-29 00:00:00-04:00,136.29923879231103,137.30651556856566,136.1593451697594,136.93345642089844,6149600
2024-04-30 00:00:00-04:00,136.9894423184373,136.9894423184373,134.7976802346712,134.8536376953125,8817700
2024-05-01 00:00:00-04:00,138.7241788877566,141.62475886004435,137.67958756050768,140.99986267089844,14470900
2024-05-02 00:00:00-04:00,141.80194622407853,142.0724262155775,139.09723169685856,139.82470703125,8459800
2024-05-03 00:00:00-04:00,139.79672128849526,139.79672128849526,137.8661181460667,139.21847534179688,6532700
2024-05-06 00:00:00-04:00,139.77807914626527,139.9459657422824,137.95006920658594,138.574951171875,5042800
2024-05-07 00:00:00-04:00,139.32108108455665,139.6475043089718,138.4536978563716,138.7055206298828,7333500
2024-05-08 00:00:00-04:00,139.07859482536867,139.64751938618053,138.68687837500104,138.9200439453125,7735100
2024-05-09 00:00:00-04:00,138.9480193478948,139.9926107551576,138.86408316010397,139.7594451904297,6546200
2024-05-10 00:00:00-04:00,139.89933535562412,139.9832715413264,139.14388122171115,139.81539916992188,5710600
2024-05-13 00:00:00-04:00,139.93663682080765,141.76466108072427,139.6288708038443,141.0371856689453,5628500
2024-05-14 00:00:00-04:00,141.62475371788685,141.9605126624375,140.55218370246064,141.1864013671875,8254200
2024-05-15 00:00:00-04:00,141.59680243930615,142.6507011998932,141.11181404065587,142.38955688476562,5548000
2024-05-16 00:00:00-04:00,142.6973220172222,143.98440045609826,142.07244002725528,143.89112854003906,7591000
2024-05-17 00:00:00-04:00,144.4321003193429,144.4321003193429,143.35954424825272,144.22691345214844,6521800
2024-05-20 00:00:00-04:00,143.94482856883653,144.21748064064818,142.21484722794978,142.22425842285156,7742300
2024-05-21 00:00:00-04:00,142.70374729415454,143.46530802574028,141.77294287425374,142.196044921875,5492400
2024-05-22 00:00:00-04:00,141.8199685522801,144.86622609872316,141.3310741783948,144.32090759277344,6609800
2024-05-23 00:00:00-04:00,143.61573982856947,143.70035449729633,140.4472662313613,140.7481231689453,8000400
2024-05-24 00:00:00-04:00,140.58829417137412,140.85154937817387,137.9839326473197,138.18138122558594,9520600
2024-05-28 00:00:00-04:00,138.01216674180492,138.01216674180492,135.5300354479353,135.7462921142578,10499800
2024-05-29 00:00:00-04:00,135.21975314496305,136.72406656479484,135.11633043171008,135.80267333984375,8263800
2024-05-30 00:00:00-04:00,135.97191665962072,136.90272117458417,135.4078044490679,136.5924530029297,8490300
2024-05-31 00:00:00-04:00,136.86509454651136,138.66086792186712,136.5078135023576,137.89930725097656,14621200
2024-06-03 00:00:00-04:00,138.44463070664386,139.99595699300716,137.99333813455615,138.90533447265625,7329200
2024-06-04 00:00:00-04:00,138.66089015837102,139.4412589952385,137.4480367373284,138.96176147460938,8876400
2024-06-05 00:00:00-04:00,139.1215674905625,139.14037553082954,137.12834561219302,137.2411651611328,5891300
2024-06-06 00:00:00-04:00,136.79927746371035,138.20957929323313,136.0095118822973,137.6642608642578,5016300
2024-06-07 00:00:00-04:00,137.90871617991775,139.43185200146706,137.58905118942369,138.28480529785156,5111600
2024-06-10 00:00:00-04:00,137.76767592911904,138.736081983959,136.8932957295637,138.33180236816406,5749900
2024-06-11 00:00:00-04:00,138.0309454276366,138.36002160893975,136.74287428533472,137.9839324951172,5661200
2024-06-12 00:00:00-04:00,138.2660023259817,138.40704113025402,136.12234448731016,136.7146759033203,6180500
2024-06-13 00:00:00-04:00,136.39502204694153,137.26940245028146,135.27618010141953,136.75228881835938,6840400
2024-06-14 00:00:00-04:00,136.4608240004936,137.241192846187,135.84028766348428,136.83689880371094,4075300
2024-06-17 00:00:00-04:00,136.3479860773623,137.6736589053948,136.08473088127553,137.2223663330078,6666600
2024-06-18 00:00:00-04:00,137.23178205835944,137.6360617134377,136.57362970007802,136.9403076171875,6156600
2024-06-20 00:00:00-04:00,136.58304728221793,139.22501064781744,136.33858576182317,138.9429473876953,8749700
2024-06-21 00:00:00-04:00,139.04636105072817,140.16520282368043,138.55745238810778,139.8549346923828,15172300
2024-06-24 00:00:00-04:00,140.09000025376744,140.76694636914337,139.3096314166998,140.20281982421875,6914700
2024-06-25 00:00:00-04:00,140.25923620982869,140.27804425456696,138.1531942818489,138.38824462890625,5912500
2024-06-26 00:00:00-04:00,137.45742494508707,138.38822938156048,137.06254212709828,138.0403594970703,5267800
2024-06-27 00:00:00-04:00,138.0215458509615,138.54805625357113,136.17874509549534,137.0813446044922,5739200
2024-06-28 00:00:00-04:00,137.3069964067593,138.27541697871374,136.94031846061495,137.41983032226562,10495700
2024-07-01 00:00:00-04:00,137.3352202956774,139.80794013055018,136.91211820428637,137.68309020996094,5144400
2024-07-02 00:00:00-04:00,137.67368223821228,138.3506283846871,137.02495533198066,137.297607421875,5492000
2024-07-03 00:00:00-04:00,137.45746393509037,137.88055176392118,136.08477770409826,136.97796630859375,3246200
2024-07-05 00:00:00-04:00,137.053122581038,137.78647831389662,135.85906313032484,137.7206573486328,4888500
2024-07-08 00:00:00-04:00,137.6454552173524,138.41642711714266,136.56422953444226,136.7804718017578,5260200
2024-07-09 00:00:00-04:00,136.9591246424828,138.33182488286783,136.4984208307348,138.25660705566406,5890400
2024-07-10 00:00:00-04:00,138.45405782533547,140.5319093041493,137.9087392727674,140.49429321289062,6093200
2024-07-11 00:00:00-04:00,140.63530361064286,141.57550485338308,139.75151214705386,140.7481231689453,6350400
2024-07-12 00:00:00-04:00,141.03019322097674,141.8575749453664,140.3156454066704,140.91737365722656,5336400
2024-07-15 00:00:00-04:00,141.1054396270125,141.26527215681094,139.9677895255415,140.315673828125,6711400
2024-07-16 00:00:00-04:00,140.7387390705312,142.04561834247528,140.24043351444467,141.97979736328125,6469600
2024-07-17 00:00:00-04:00,142.48750921207176,148.0723072031384,142.3652784528217,147.2167205810547,13801400
2024-07-18 00:00:00-04:00,146.29531179055414,147.67740869595008,145.37390428940236,146.12606811523438,10166200
2024-07-19 00:00:00-04:00,147.1509174056219,147.1509174056219,144.9038366112367,145.43975830078125,7398000
2024-07-22 00:00:00-04:00,145.5149375471613,145.83460249843523,144.40549271829207,145.01663208007812,6840600
2024-07-23 00:00:00-04:00,144.14227034363077,144.32091090009325,142.50632913462576,143.23968505859375,6261900
2024-07-24 00:00:00-04:00,143.62514918556863,147.05689262826286,143.22086950221856,146.93466186523438,7168200
2024-07-25 00:00:00-04:00,147.12268023763707,150.97751090871006,146.67138767714184,150.09371948242188,10019600
2024-07-26 00:00:00-04:00,150.19715696766903,151.91772706012625,149.93390175261544,151.033935546875,8356900
2024-07-29 00:00:00-04:00,150.4039953128749,150.43220020270633,148.59881063200234,149.07830810546875,5625000
2024-07-30 00:00:00-04:00,149.05950854835712,151.8895236574158,148.8902791997357,151.68267822265625,6545700
2024-07-31 00:00:00-04:00,150.29118447196788,150.76128512487196,148.30735914285933,148.41078186035156,8293200
2024-08-01 00:00:00-04:00,149.0031162137646,151.1937872320034,148.27917145366553,151.1467742919922,7213400
2024-08-02 00:00:00-04:00,152.21858984861427,154.9921952539215,151.37241438870163,154.32464599609375,11280400
2024-08-05 00:00:00-04:00,153.99557276741103,155.86657861814538,150.9775344685774,151.6074676513672,12032200
2024-08-06 00:00:00-04:00,151.4194420931757,151.82372181895764,149.43561651614036,149.4638214111328,7607100
2024-08-07 00:00:00-04:00,149.3697901011499,151.01514253213725,148.7304600427783,149.3979949951172,5993000
2024-08-08 00:00:00-04:00,149.08771183752677,151.09033064698448,148.57999515330854,150.6390380859375,5094800
2024-08-09 00:00:00-04:00,150.54502083098947,151.30658155451,149.81166499750063,151.01512145996094,4579200
2024-08-12 00:00:00-04:00,151.3442130047437,152.0305559757532,149.21936311073662,150.31939697265625,7605400
2024-08-13 00:00:00-04:00,150.68607063369268,150.78008215855402,147.085097831194,148.91848754882812,9711400
2024-08-14 00:00:00-04:00,148.39195723344608,150.00910444641553,147.9876632570378,149.00308227539062,5141200
2024-08-15 00:00:00-04:00,148.89966832782923,149.96210033797803,148.40136280983597,149.5766143798828,7237800
2024-08-16 00:00:00-04:00,149.62362278879937,150.37578664015783,148.72102329790278,149.85867309570312,5012800
2024-08-19 00:00:00-04:00,149.92451807321106,150.70487259230651,149.6142498968593,150.0843505859375,4408400
2024-08-20 00:00:00-04:00,150.4322364395804,151.30661692764417,150.12196823036345,150.58267211914062,7275100
2024-08-21 00:00:00-04:00,150.80826627796415,151.8236852924031,150.72365161334383,151.77667236328125,5019400
2024-08-22 00:00:00-04:00,152.31260168217923,152.77330545688525,151.17495186340136,152.6416778564453,6552100
2024-08-23 00:00:00-04:00,152.78272895341425,154.3998765245049,152.030564956992,154.3152618408203,7093400
2024-08-26 00:00:00-04:00,154.35286486734637,155.80078308309896,153.76053338396258,154.7665557861328,6870600
2024-08-27 00:00:00-04:00,154.8897062025223,155.40126217463512,153.62027721727256,154.36866760253906,4388700
2024-08-28 00:00:00-04:00,154.4160031671855,156.31067805267242,154.14128166908765,155.2875518798828,5187000
2024-08-29 00:00:00-04:00,155.96018147636997,156.04543838442643,154.75705877130923,155.58123779296875,7390100
2024-08-30 00:00:00-04:00,155.47703939012942,157.23908787151527,155.18336705243584,157.1254119873047,7971000
2024-09-03 00:00:00-04:00,156.53806248513249,158.97271247999205,156.09281267873766,158.35694885253906,6956500
2024-09-04 00:00:00-04:00,158.9727162543186,159.9579554279036,157.2959246979835,158.54641723632812,6939100
2024-09-05 00:00:00-04:00,158.39483159424285,158.55587723917643,156.14964628133703,156.3012237548828,4600400
2024-09-06 00:00:00-04:00,156.48123199752385,157.20121789005614,155.4770563634403,155.72337341308594,6016900
2024-09-09 00:00:00-04:00,156.15914569458948,158.59381056412872,155.80863536521082,157.8359375,7538200
2024-09-10 00:00:00-04:00,158.67904453619045,159.58849497263685,157.96854135170003,158.56536865234375,6559600
2024-09-11 00:00:00-04:00,158.0064241765716,158.0064241765716,155.44861567335087,156.1401824951172,5920200
2024-09-12 00:00:00-04:00,155.55281944276598,156.40543189239477,154.1412957752456,155.9696502685547,4540900
2024-09-13 00:00:00-04:00,156.06437689477085,157.02118251648142,155.19282817440407,156.8032989501953,3693400
2024-09-16 00:00:00-04:00,157.59908029206122,158.4422101595443,157.04962276136533,158.19590759277344,5187800
2024-09-17 00:00:00-04:00,157.4853908812419,158.88744633090707,157.1917041144562,158.2716827392578,5066500
2024-09-18 00:00:00-04:00,157.85486366623135,159.48428544048377,157.01173380846782,157.40013122558594,4722800
2024-09-19 00:00:00-04:00,157.47591745948571,157.60854413875717,155.7612388006102,156.1401824951172,4956100
2024-09-20 00:00:00-04:00,155.64758030736854,156.18755525642916,154.93707706292398,155.51495361328125,11839000
2024-09-23 00:00:00-04:00,155.74225605244771,155.83699557044517,154.15073622768114,154.62440490722656,4671600
2024-09-24 00:00:00-04:00,154.21706399623713,154.88021180496108,153.04237475724193,154.2075958251953,6041600
2024-09-25 00:00:00-04:00,154.4160145260626,154.7191694685473,151.91504407145678,152.1424102783203,5420000
2024-09-26 00:00:00-04:00,151.8013605443854,153.03288768429283,151.59294514573776,152.8907928466797,6122000
2024-09-27 00:00:00-04:00,153.46869215911872,154.82337799707716,152.8434458699573,152.90028381347656,7553800
2024-09-30 00:00:00-04:00,153.0613569976944,153.63921910963649,152.21821257940948,153.52554321289062,6010000
2024-10-01 00:00:00-04:00,153.87602963190776,154.1791845831131,152.69185770730627,153.45921325683594,4408000
2024-10-02 00:00:00-04:00,153.00447959730695,153.58235607006563,152.18976874153614,152.68238830566406,4684400
2024-10-03 00:00:00-04:00,152.31292180010232,152.93816801815112,151.78241511396018,152.04766845703125,4791200
2024-10-04 00:00:00-04:00,151.22349258946696,152.0476716042672,150.41824991726156,151.84872436523438,5331100
2024-10-07 00:00:00-04:00,151.8108531617248,152.38872968644645,150.83509657239193,151.12876892089844,4266000
2024-10-08 00:00:00-04:00,151.09088509488237,151.8108564959117,150.57931467541465,151.2803497314453,4766300
2024-10-09 00:00:00-04:00,151.49822118674416,152.72976290844042,151.10980931705416,152.1897735595703,6047200
2024-10-10 00:00:00-04:00,152.86238686048964,152.89080583042565,151.57400722090298,152.05714416503906,4793900
2024-10-11 00:00:00-04:00,153.63920784722592,154.0939403113274,152.71082102966224,152.95713806152344,5253500
2024-10-14 00:00:00-04:00,152.90025788524383,153.6012927986271,152.4265891626065,153.08973693847656,5964000
2024-10-15 00:00:00-04:00,151.5739947099147,157.96852261173925,150.62665724297776,155.4580841064453,10548000
2024-10-16 00:00:00-04:00,155.36337820006847,156.30124769918183,154.0749983880052,155.62863159179688,5982100
2024-10-17 00:00:00-04:00,155.60966176170876,156.3106967571061,155.01284893091574,155.80860900878906,4798000
2024-10-18 00:00:00-04:00,156.2064786067396,156.5854078217635,155.29702825337003,156.4243621826172,5908000
2024-10-21 00:00:00-04:00,156.40545011384313,156.54754497772373,153.76237000386195,154.25498962402344,6082700
2024-10-22 00:00:00-04:00,153.77184925271317,155.10758430951594,153.3739547321401,154.8423309326172,5680300
2024-10-23 00:00:00-04:00,154.2455120972498,157.25803867062515,153.8665683911739,157.1254119873047,7441600
2024-10-24 00:00:00-04:00,156.3106807702244,156.79381767054318,154.73809711867662,155.05072021484375,5386300
2024-10-25 00:00:00-04:00,155.06020263272137,155.28756884770345,152.15188388243095,152.4076690673828,6400400
2024-10-28 00:00:00-04:00,152.64448718277967,153.44024716755706,152.52132868922286,153.08973693847656,4842500
2024-10-29 00:00:00-04:00,152.95714895682704,153.62975061814686,151.63086752489588,151.65928649902344,5216900
2024-10-30 00:00:00-04:00,151.0529860968044,152.78661573891193,150.65510601659986,152.1519012451172,5820500
2024-10-31 00:00:00-04:00,151.5645647774448,152.39821212911937,151.06247694971395,151.44140625,8613900
2024-11-01 00:00:00-04:00,152.123457798311,152.57817575178618,151.4603244379882,151.69715881347656,5256400
2024-11-04 00:00:00-05:00,151.2897971719615,151.83925466135688,149.74564686311192,149.9066925048828,4644000
2024-11-05 00:00:00-05:00,149.36672816294293,150.23827708161556,148.1162499597085,150.01092529296875,6547100
2024-11-06 00:00:00-05:00,151.47927003240187,152.37925227840577,149.06357081905168,149.56565856933594,8926600
2024-11-07 00:00:00-05:00,150.12459953228623,150.3898529196004,148.26781136586158,148.47622680664062,7522800
2024-11-08 00:00:00-05:00,148.73200288314263,148.80779162560813,147.22573957160546,147.28257751464844,8926100
2024-11-11 00:00:00-05:00,147.42467115998508,149.2814591970599,146.75206956587456,146.87521362304688,7146800
2024-11-12 00:00:00-05:00,146.39207573232454,146.87521269639342,144.34582308116632,144.6016082763672,7181400
2024-11-13 00:00:00-05:00,144.46897842689697,145.42578416210594,143.44585212373863,145.17001342773438,7161900
2024-11-14 00:00:00-05:00,145.1131564626625,145.50156832070374,142.82060136590906,143.8721466064453,7716400
2024-11-15 00:00:00-05:00,142.95323191496675,146.2973323428471,142.95323191496675,145.88998413085938,11328500
2024-11-18 00:00:00-05:00,144.55424229632624,147.14995254901564,144.30793972185305,146.61944580078125,7510600
2024-11-19 00:00:00-05:00,145.84260997512632,145.8805115712834,144.04267444870177,144.94264221191406,8233700
2024-11-20 00:00:00-05:00,144.9710709989879,145.17948642629514,143.81531797672926,145.04685974121094,9061300
2024-11-21 00:00:00-05:00,145.52999015592064,147.84149609632505,144.76264905140786,147.3109893798828,10141100
2024-11-22 00:00:00-05:00,147.68993501081812,148.8456881092974,145.99420696432256,146.99838256835938,8266000
2024-11-25 00:00:00-05:00,146.99837166257822,148.76988832486654,146.96995269138182,147.5762481689453,12256200
2024-11-26 00:00:00-05:00,148.16830440056026,148.25424539355322,146.25842684315538,147.55714416503906,5683500
2024-11-27 00:00:00-05:00,147.6622142150651,149.57209211136308,147.6335672123176,148.3975067138672,4140400
2024-11-29 00:00:00-05:00,147.9104669409132,148.6553180230603,147.22290985412982,148.02505493164062,5687800
2024-12-02 00:00:00-05:00,147.77677407322818,148.0155087647843,146.99371729074375,147.82452392578125,6946500
2024-12-03 00:00:00-05:00,147.82454482758982,147.82454482758982,145.44674171784374,145.49449157714844,8674400
2024-12-04 00:00:00-05:00,144.47269377775177,144.73053134999725,143.0020943440769,143.6896514892578,10333100
2024-12-05 00:00:00-05:00,143.24083730255396,143.60371875317477,142.23814852719377,142.782470703125,7898100
2024-12-06 00:00:00-05:00,142.65833656577828,143.2885998025982,141.6938534218298,142.58193969726562,8389600
2024-12-09 00:00:00-05:00,142.5627976939758,144.0907055022871,141.75110850991754,142.8588409423828,8410300
2024-12-10 00:00:00-05:00,143.1739933076605,144.03344712656786,141.64609969273468,142.5055389404297,9398700
2024-12-11 00:00:00-05:00,141.8084133325439,141.8084133325439,139.7743890037748,140.0322265625,13446700
2024-12-12 00:00:00-05:00,140.56698637048675,141.11130847263126,139.4306068838702,139.65025329589844,6176300
2024-12-13 00:00:00-05:00,139.09638946807885,140.30915125597272,138.50431750211118,140.01312255859375,8324900
2024-12-16 00:00:00-05:00,140.11814867533118,140.61472086971594,137.0528036671819,137.36793518066406,8732400
2024-12-17 00:00:00-05:00,137.35839187155833,140.05132624991293,137.23425973744799,139.81259155273438,10343000
2024-12-18 00:00:00-05:00,139.11545717660243,140.12770439734095,138.15097437437547,138.2273712158203,9336100
2024-12-19 00:00:00-05:00,137.64485547197793,138.67619095535846,136.9095486366478,137.11009216308594,9516700
2024-12-20 00:00:00-05:00,136.60399539479687,138.91494549387807,136.31751084655173,137.9600067138672,17702800
2024-12-23 00:00:00-05:00,138.1127930433353,138.78124723941912,136.98595776604373,138.7239532470703,8720800
2024-12-24 00:00:00-05:00,138.46612820981196,139.27783203125,137.8263209521463,139.27783203125,3164100
2024-12-26 00:00:00-05:00,138.95315155650007,139.774399578355,138.5520789743678,139.02000427246094,4656300
2024-12-27 00:00:00-05:00,138.34200416490262,139.9940590771868,138.1605634288889,138.51390075683594,5588300
2024-12-30 00:00:00-05:00,138.31332857159666,138.35153428244564,136.5084948710301,136.88092041015625,6268700
2024-12-31 00:00:00-05:00,137.2820082055642,138.15100608384984,136.8522886236111,138.10325622558594,5811400
2025-01-02 00:00:00-05:00,138.68575647298846,139.20143157976784,137.30109814091938,137.53028869628906,6051300
2025-01-03 00:00:00-05:00,137.57803896070294,138.05550835740775,137.1483048467009,137.692626953125,5878800
2025-01-06 00:00:00-05:00,137.04327386231438,138.29425603894032,136.48940756159422,137.1865234375,7910500
2025-01-07 00:00:00-05:00,137.28198621265668,140.54787491199255,137.11964837753513,139.64068603515625,8422000
2025-01-08 00:00:00-05:00,138.93405019637285,139.02953533291765,135.06654517167328,135.85914611816406,11175600
2025-01-10 00:00:00-05:00,134.64638222977248,137.1960672936633,134.34079479365133,135.6586151123047,8821500
2025-01-13 00:00:00-05:00,136.53714268601559,138.53297581035747,135.89733545195344,137.9600067138672,10376400
2025-01-14 00:00:00-05:00,137.98863655050803,138.28466520410205,136.42253772890766,138.2273712158203,8681700
2025-01-15 00:00:00-05:00,138.76216044958142,139.4688204365145,137.75947175376876,138.43748474121094,7434600
2025-01-16 00:00:00-05:00,137.8167768665148,141.3977974251432,137.56848344887553,141.11131286621094,8964000
2025-01-17 00:00:00-05:00,140.79620682718976,141.6938518079737,140.00360571801275,140.40467834472656,10773100
2025-01-21 00:00:00-05:00,140.9107565171082,142.1521797790258,140.42374301096277,141.4741668701172,11111700
2025-01-22 00:00:00-05:00,137.51117698125555,138.91493807863588,135.7063433662249,138.7239532470703,16834700
2025-01-23 00:00:00-05:00,138.8863029043578,141.24500293154537,138.28468679106894,140.0322265625,10506400
2025-01-24 00:00:00-05:00,140.19455810804132,140.97761489147547,139.78394143224725,140.20411682128906,9887300
2025-01-27 00:00:00-05:00,141.76066441551183,146.53535849869652,141.3309448622672,146.00059509277344,15152300
2025-01-28 00:00:00-05:00,145.78095798819476,146.07698667928418,143.5273018793474,143.60369873046875,10320600
2025-01-29 00:00:00-05:00,143.71830007896412,145.03612038367163,143.24083064348582,144.33900451660156,7156400
2025-01-30 00:00:00-05:00,145.06475799198023,147.19426745640064,144.53953873271692,145.9814910888672,8911000
2025-01-31 00:00:00-05:00,145.74276775349273,146.27753119691954,145.20800431006592,145.2939453125,8457800
2025-02-03 00:00:00-05:00,145.15069699924203,145.5995193990812,143.98567050236713,145.02655029296875,6687500
2025-02-04 00:00:00-05:00,144.53953830189957,147.2324581585896,144.14800989423304,146.5735626220703,9645000
2025-02-05 00:00:00-05:00,146.88870551783992,147.75768882453178,146.4016773634581,147.71949768066406,8947000
2025-02-06 00:00:00-05:00,147.81498726339126,147.86273712306757,146.46853447627177,146.59266662597656,7418100
2025-02-07 00:00:00-05:00,146.61172792362314,147.5284754274167,145.9146267978346,146.22019958496094,6204900
2025-02-10 00:00:00-05:00,146.68814830303756,147.4138965387337,145.42762210443897,147.28976440429688,6936200
2025-02-11 00:00:00-05:00,147.16562397174783,149.3428833428539,147.0032861188648,149.0946044921875,7554500
2025-02-12 00:00:00-05:00,148.27336791873063,148.64579350898148,147.3184290133478,148.26380920410156,7746000
2025-02-13 00:00:00-05:00,148.26379011250998,151.0044743264707,147.81496771907698,150.16412353515625,10704700
2025-02-14 00:00:00-05:00,150.2023229262142,150.37421949352108,149.02775223925636,149.1136932373047,6411800
2025-02-18 00:00:00-05:00,148.37251831565297,149.63349948553457,147.5061996351102,149.1907196044922,9670700
2025-02-19 00:00:00-05:00,149.2003443544075,152.37687075242596,148.95969863770682,151.98220825195312,7974700
2025-02-20 00:00:00-05:00,151.07735350768309,153.96510163980005,151.07735350768309,153.7052001953125,7224000
2025-02-21 00:00:00-05:00,153.89772451433902,157.39188967625117,153.32016902768856,156.2271728515625,12546900
2025-02-24 00:00:00-05:00,156.59294650949553,158.70100497152328,155.9865293965267,157.61329650878906,10201900
2025-02-25 00:00:00-05:00,157.95985100517953,160.20265611249306,157.80583422463695,159.87538146972656,12303700
2025-02-26 00:00:00-05:00,158.90316232854656,158.95129440367535,156.47744968295726,156.97799682617188,11396400
2025-02-27 00:00:00-05:00,156.236787355532,157.81542231183656,155.67848765676206,157.60365295410156,8364600
2025-02-28 00:00:00-05:00,158.1619729769769,159.73098759604045,156.6122141259579,158.8454132080078,12037200
2025-03-03 00:00:00-05:00,158.78767417935006,161.0689908449548,158.672154249045,161.02085876464844,9191500
2025-03-04 00:00:00-05:00,161.79091189646425,163.62944849125128,159.13418876922952,159.23043823242188,11999700
2025-03-05 00:00:00-05:00,158.35448955976102,160.23153775130362,157.41116253777426,158.94166564941406,8744800
2025-03-06 00:00:00-05:00,158.8261461459435,159.66358839823855,157.39189262948574,159.62509155273438,8037900
2025-03-07 00:00:00-05:00,158.95129984256383,162.15670227623963,158.5373816077096,160.4529266357422,9637600
2025-03-10 00:00:00-04:00,161.213355740882,163.54280424610616,160.79945220628036,161.4251251220703,17559000
2025-03-11 00:00:00-04:00,160.94383380792385,161.04009795862825,158.8742867584048,159.6539764404297,9890300
2025-03-12 00:00:00-04:00,157.6036698897816,158.06572018604263,156.15979576162204,156.75660705566406,8010700
2025-03-13 00:00:00-04:00,157.31488146631054,158.38334883625902,156.57370337266372,156.891357421875,5286700
2025-03-14 00:00:00-04:00,156.05392462416808,157.045383769915,155.07210070700123,156.71810913085938,6235800
2025-03-17 00:00:00-04:00,156.3330752082224,157.3822869293345,155.67851127016266,156.74697875976562,6669800
2025-03-18 00:00:00-04:00,157.32451266416064,158.6913782819791,156.8720976378871,158.1042022705078,7348800
2025-03-19 00:00:00-04:00,157.83468434241854,158.21009100278712,156.14054410113783,156.891357421875,5936400
2025-03-20 00:00:00-04:00,156.90100179909936,157.09351542815435,155.8710311174902,156.92025756835938,7485900
2025-03-21 00:00:00-04:00,156.9009991555119,157.98872243872594,156.4004519781238,157.50743103027344,17047100
2025-03-24 00:00:00-04:00,156.74697070710167,158.2389768997674,156.419696098809,157.1801300048828,8046400
2025-03-25 00:00:00-04:00,157.4015281757977,158.0464568261863,154.55227690378203,154.9950714111328,7456200
2025-03-26 00:00:00-04:00,155.17797236003315,156.4100771111182,154.6292931396444,155.66888427734375,7223500
2025-03-27 00:00:00-04:00,156.27534007562903,157.930983842741,155.28388086121132,157.02615356445312,6752500
2025-03-28 00:00:00-04:00,157.4689222109122,158.3641318837696,156.81437293428394,157.58444213867188,5760300
2025-03-31 00:00:00-04:00,158.21972203009707,160.39516844686892,158.08496103251497,159.6347198486328,12481400
2025-04-01 00:00:00-04:00,154.71593904784055,155.75553029967048,147.4003181211152,147.5158233642578,23303100
2025-04-02 00:00:00-04:00,148.2473671265155,149.96076328216213,147.70832312534768,149.54685974121094,10356900
2025-04-03 00:00:00-04:00,152.81001049363928,154.6389118307078,151.587526297093,153.83998107910156,13249300
2025-04-04 00:00:00-04:00,153.20468354010333,153.83999171968495,147.2077820595149,147.50619506835938,16601700
2025-04-07 00:00:00-04:00,145.619515284852,146.99601623650406,141.8846895650138,144.9842071533203,18083000
2025-04-08 00:00:00-04:00,147.8430737728905,147.8430737728905,142.46223999023437,144.3874053955078,12018400
2025-04-09 00:00:00-04:00,136.87925188127502,147.45804064610837,136.20544695405383,145.32110595703125,18773700
2025-04-10 00:00:00-04:00,144.74355089733726,145.5424962732716,139.69962712384958,143.1264190673828,13830500
2025-04-11 00:00:00-04:00,143.74249568311143,146.6494999406237,142.64515184506152,146.0526885986328,9943900
2025-04-14 00:00:00-04:00,145.91791595445713,148.88267259526904,145.51363296087104,148.5842742919922,10685300
2025-04-15 00:00:00-04:00,149.87413746673573,150.45169301587987,146.4088482354142,147.87196350097656,10847700
2025-04-16 00:00:00-04:00,149.5564703134863,149.80675121723854,146.5435964317969,148.15110778808594,7986900
2025-04-17 00:00:00-04:00,148.39176472867018,153.4742006265208,148.39176472867018,151.57791137695312,10981100
2025-04-21 00:00:00-04:00,152.0495867769091,152.30947355975457,149.67200606670647,151.04849243164062,6285400
2025-04-22 00:00:00-04:00,151.65492899700845,152.78114915442566,150.41318891134569,151.84744262695312,7136300
2025-04-23 00:00:00-04:00,150.63458380115318,151.2217598816267,148.5554014813275,149.5661163330078,9099400
2025-04-24 00:00:00-04:00,149.97040687347663,150.06665634313987,147.6987108219785,149.13294982910156,8310400
2025-04-25 00:00:00-04:00,148.54578478495054,149.10406988379015,146.745744960744,148.79605102539062,8643600
2025-04-28 00:00:00-04:00,149.68161297819137,149.98001127137218,148.06448105856123,149.5372314453125,5815200
2025-04-29 00:00:00-04:00,149.63349937674354,151.14476148405763,148.51689975848137,150.0762939453125,5246700
2025-04-30 00:00:00-04:00,152.28058447749746,152.28058447749746,149.2195784557302,150.4613037109375,9598200
2025-05-01 00:00:00-04:00,149.2003149162609,149.28694383209697,147.62167991369301,148.68052673339844,7325800
2025-05-02 00:00:00-04:00,150.23029447876922,150.8559673812853,149.23882074905086,150.27841186523438,5974500
2025-05-05 00:00:00-04:00,150.80782871723414,150.92333394025843,148.9404159431616,149.2003173828125,5464100
2025-05-06 00:00:00-04:00,149.02708015228183,150.06665667892136,147.93935685893055,148.69017028808594,8644200
2025-05-07 00:00:00-04:00,148.95006652551942,152.03032852242876,148.7190413678083,151.41427612304688,7853100
2025-05-08 00:00:00-04:00,149.9896643616522,151.1543813665103,148.98856998831212,149.8356475830078,7606100
2025-05-09 00:00:00-04:00,149.60462037415962,150.22067279248463,148.0548614438321,148.44952392578125,6520400
2025-05-12 00:00:00-04:00,146.33182692414027,149.54684963370093,145.5232462891911,148.37249755859375,9023800
2025-05-13 00:00:00-04:00,146.02381808353965,146.02381808353965,142.5392728027916,142.88580322265625,10549600
2025-05-14 00:00:00-04:00,143.1072006652694,143.25159691568805,140.65261128664935,140.88363647460938,10216000
2025-05-15 00:00:00-04:00,142.46224982128726,144.05050551510183,141.8173211285569,144.0120086669922,7945800
2025-05-16 00:00:00-04:00,144.06977252777526,145.83130089518968,143.6366131854583,145.66766357421875,8051200
2025-05-19 00:00:00-04:00,146.20670042818765,146.9478932943705,145.39813440390523,146.7842559814453,12639900
2025-05-20 00:00:00-04:00,146.63022467034673,148.27623286458655,146.42807584039545,147.91046142578125,7351500
2025-05-21 00:00:00-04:00,147.45806052112863,148.65165378512776,147.2751674402648,147.44842529296875,7032200
2025-05-22 00:00:00-04:00,146.93824660207738,147.58318995096408,145.7061418932477,146.89974975585938,7535300
2025-05-23 00:00:00-04:00,147.27517510592557,147.73721075836616,146.51474112195356,147.21742248535156,6727300
2025-05-27 00:00:00-04:00,148.07175117515354,149.54740963775973,147.49894729443804,148.78045654296875,6990700
2025-05-28 00:00:00-04:00,148.80959069257366,149.1590918923527,147.49895748996062,147.984375,8459300
2025-05-29 00:00:00-04:00,147.32418530456823,149.54739054497975,147.13972431685121,149.10081481933594,6810600
2025-05-30 00:00:00-04:00,149.41146730505875,151.16869070734185,148.75130676266454,150.6832733154297,15529700
2025-06-02 00:00:00-04:00,149.97458565876332,151.0036683817444,147.85817248338967,150.8677520751953,6669300
2025-06-03 00:00:00-04:00,150.285242796592,151.1201613882195,149.5862404959846,149.91632080078125,8209800
2025-06-04 00:00:00-04:00,150.41143150179767,150.41143150179767,148.66394067739182,148.75131225585938,6983900
2025-06-05 00:00:00-04:00,149.19788808616187,149.595933917823,148.1882263910175,149.17848205566406,5295400
2025-06-06 00:00:00-04:00,149.50858608317324,151.47937989644106,149.50858608317324,150.508544921875,5391500
2025-06-09 00:00:00-04:00,150.33379056434904,151.44054176055067,149.94544771512437,150.70269775390625,5319000
2025-06-10 00:00:00-04:00,150.89687490281506,152.84826270728874,150.49884381664958,151.8871307373047,6791600
2025-06-11 00:00:00-04:00,151.74150341105252,152.03275685451254,150.21728545141227,150.73182678222656,6016000
2025-06-12 00:00:00-04:00,151.6832545257475,152.11040945062305,150.64445404189198,152.09100341796875,7075500
2025-06-13 00:00:00-04:00,151.42112500798427,153.07154142395083,151.42112500798427,152.51817321777344,6587500
2025-06-16 00:00:00-04:00,151.8579920720398,151.9356606410736,149.94544614915642,150.6929931640625,7024000
2025-06-17 00:00:00-04:00,150.45029579748117,150.7512522666013,147.6640041867375,147.9358367919922,6407100
2025-06-18 00:00:00-04:00,148.12030149702744,148.1979552600932,146.3145478235386,146.33395385742188,8325200
2025-06-20 00:00:00-04:00,146.8484847191876,146.98440101548601,144.69323001090936,145.42135620117188,22605500
2025-06-23 00:00:00-04:00,145.37284762210527,147.01354643450873,145.37284762210527,146.90676879882812,7397900
2025-06-24 00:00:00-04:00,147.08149480585575,148.26591462899756,146.57665648441028,147.75137329101562,9544200
2025-06-25 00:00:00-04:00,146.9649995870065,148.60571302399958,146.3339479807507,147.8387451171875,7153700
2025-06-26 00:00:00-04:00,148.24646220477646,148.75130041868837,147.11058733379662,147.5765838623047,7156900
2025-06-27 00:00:00-04:00,147.57660771353423,148.85811689125123,146.6057728142086,147.96495056152344,10010800
2025-06-30 00:00:00-04:00,147.72223965966626,148.5086135463286,147.10090592580522,148.29502868652344,9039300
2025-07-01 00:00:00-04:00,148.53773775923037,153.1492034739777,148.35327676043812,151.37257385253906,10896700
2025-07-02 00:00:00-04:00,151.45024100569117,151.74149443191655,150.54737167953348,151.0230712890625,5544000
2025-07-03 00:00:00-04:00,150.8968900696403,151.7221058169528,150.36294262419221,151.45997619628906,3482500
2025-07-07 00:00:00-04:00,151.46964217738937,151.79001942324848,150.3725941670624,150.74151611328125,6270900
2025-07-08 00:00:00-04:00,149.97456187968828,152.18806412896572,149.71244713889567,151.24635314941406,6438200
2025-07-09 00:00:00-04:00,151.24636198385022,152.1201222788215,150.54737448714403,151.72207641601562,6147400
2025-07-10 00:00:00-04:00,151.54734881194418,154.59577010705152,151.27551619814605,153.09097290039062,6732900
2025-07-11 00:00:00-04:00,152.50846614661378,152.59583774105315,150.65416774675793,152.32400512695312,7872000
2025-07-14 00:00:00-04:00,152.2948677851747,152.8773746574223,150.98424954326526,152.246337890625,10185600
2025-07-15 00:00:00-04:00,151.79975089790832,152.60554567091353,150.2852507708202,150.6444549560547,6873200
2025-07-16 00:00:00-04:00,155.62483084994489,161.2750820257859,155.13941342047767,159.9741668701172,22134800
2025-07-17 00:00:00-04:00,158.42083333055885,159.896506540005,157.5665086840501,158.22666931152344,11295700
2025-07-18 00:00:00-04:00,159.14897760385077,160.2848676125509,158.59560934600637,158.92568969726562,9792600
2025-07-21 00:00:00-04:00,158.993632484751,160.1100866715211,158.03250062035818,159.56642150878906,8254000
2025-07-22 00:00:00-04:00,160.18776361914905,163.1585161378835,159.90622800720854,163.0323028564453,9288000
2025-07-23 00:00:00-04:00,163.68276493825223,164.1875884045282,161.7313773695686,164.16818237304688,10617600
2025-07-24 00:00:00-04:00,164.55649837603144,165.0322127603388,163.95458554125497,164.61474609375,6636900
2025-07-25 00:00:00-04:00,164.79923298520387,164.92544626927946,162.5566066178758,163.3915252685547,6254900
2025-07-28 00:00:00-04:00,162.9643457562342,163.04201432533776,160.23630207669302,161.37217712402344,8014600
2025-07-29 00:00:00-04:00,161.80902683264594,163.85748875817615,161.5177734434034,163.20703125,7663400
2025-07-30 00:00:00-04:00,162.809020951837,163.6924843268324,161.9158545601304,162.38185119628906,6189200
2025-07-31 00:00:00-04:00,161.09062961083353,162.1973956301704,159.44021322550935,159.9353485107422,11036200
2025-08-01 00:00:00-04:00,160.65376326107594,162.73134946001136,159.98388477586158,162.44981384277344,8927800
2025-08-04 00:00:00-04:00,162.15854746259484,166.19722408485885,161.77992245511788,166.0515899658203,12679100
2025-08-05 00:00:00-04:00,165.56618188142107,166.55643765450975,164.70213938920838,165.76036071777344,7934400
2025-08-06 00:00:00-04:00,164.95457017849316,167.15835485267152,164.73126747371813,165.61473083496094,8957200
2025-08-07 00:00:00-04:00,166.17779684066866,166.61466955343286,164.9642532975659,166.5272979736328,9315900
2025-08-08 00:00:00-04:00,166.03218459824058,168.88644150314138,165.4205538861148,168.27481079101562,7686800
2025-08-11 00:00:00-04:00,168.3427855742368,169.50779944254944,168.00300220745123,168.75054931640625,7256800
2025-08-12 00:00:00-04:00,168.92527979892805,169.66310902141603,166.79914890711837,167.74085998535156,7916700
2025-08-13 00:00:00-04:00,167.9544392779886,169.4495185199788,167.6631858424992,169.33302307128906,5878700
2025-08-14 00:00:00-04:00,169.22622173103392,170.5951024361437,167.68259786208765,169.624267578125,8241700
2025-08-15 00:00:00-04:00,170.449495579225,172.09991199561782,169.85728568003967,171.48828125,9477600
2025-08-18 00:00:00-04:00,171.3523736615553,172.39117419889314,170.96404559576078,171.1096649169922,9284000
2025-08-19 00:00:00-04:00,170.90576208507196,172.98334809108246,170.84751436372582,172.61444091796875,9274200
2025-08-20 00:00:00-04:00,173.29401944019594,175.34248155105917,172.80860201879483,173.6240997314453,9030000
2025-08-21 00:00:00-04:00,173.34257961657462,174.82795587353638,172.96395458663858,173.71148681640625,8859600
2025-08-22 00:00:00-04:00,174.78910026019443,175.87644536794448,172.2940623933668,174.06097412109375,9524000
2025-08-25 00:00:00-04:00,174.28429241400747,175.00270078812704,173.09015477301065,173.2066650390625,6229100
2025-08-26 00:00:00-04:00,172.85460628408944,173.2555738744088,171.89620868497286,172.600341796875,9145000
2025-08-27 00:00:00-04:00,173.06973272921007,173.77386573464747,172.27758682871757,172.89369201660156,5951100
2025-08-28 00:00:00-04:00,172.48297426925092,172.60033973483283,170.78133170456726,171.583251953125,6424700
2025-08-29 00:00:00-04:00,172.0917849589202,173.50005107682512,171.5832411002324,173.2653350830078,6942300
2025-09-02 00:00:00-04:00,173.55871833290118,175.2505864747156,172.99149923256772,174.13571166992188,9049000
2025-09-03 00:00:00-04:00,173.754312735633,174.36064372340013,172.63943789740028,174.07704162597656,7111700
2025-09-04 00:00:00-04:00,174.0770522777431,174.9572111798103,173.6369728267095,174.82029724121094,7854800
2025-09-05 00:00:00-04:00,174.07704256383926,175.5537581707923,172.66877646111618,174.49755859375,9733800
2025-09-08 00:00:00-04:00,173.45114379394553,175.49507846966029,172.8056860260886,174.2041778564453,8382500
2025-09-09 00:00:00-04:00,174.07703980883056,174.16505270823302,172.561197432737,173.05996704101562,6005700
2025-09-10 00:00:00-04:00,172.4145258819289,172.7176914018626,170.48794153380138,171.91575622558594,6891600
2025-09-11 00:00:00-04:00,171.87663224164177,174.9083170723718,171.75928170606494,174.56602478027344,5792500
2025-09-12 00:00:00-04:00,173.79343431588362,174.85940809224365,172.8252476738922,174.13571166992188,7220200
2025-09-15 00:00:00-04:00,173.8423161383384,175.0452187336727,173.0306068383358,173.49024963378906,4768100
2025-09-16 00:00:00-04:00,173.65653641793406,173.7054225283811,171.7788382257642,172.5709991455078,7959300
2025-09-17 00:00:00-04:00,172.8154712016315,174.57578882248228,172.69810575040918,173.29466247558594,6714900
2025-09-18 00:00:00-04:00,172.7079129408542,173.118654756769,170.0380687536577,170.32168579101562,8200900
2025-09-19 00:00:00-04:00,170.8400043448543,173.25556913608068,169.50997682791382,172.30694580078125,25621000
2025-09-22 00:00:00-04:00,172.20913129583226,172.74701277532031,170.2825471290745,170.37057495117188,7193900
2025-09-23 00:00:00-04:00,171.0355829083302,173.06974339129886,170.97690764134543,172.68833923339844,8350400
2025-09-24 00:00:00-04:00,172.25803221713883,173.05017815802412,171.86685382639274,172.79591369628906,6676800
2025-09-25 00:00:00-04:00,173.2946854062595,174.46823561627923,172.03312228805095,173.81300354003906,8475000
2025-09-26 00:00:00-04:00,174.66382193974036,175.94494832549813,173.41203318705345,175.74935913085938,8634400
2025-09-29 00:00:00-04:00,175.86672025116357,177.861754032588,175.83738261632647,177.6172637939453,8597100
2025-09-30 00:00:00-04:00,177.69549554924257,181.8909562377616,177.07939031912738,181.33351135253906,11569000
2025-10-01 00:00:00-04:00,181.9007449618727,182.44840073114707,179.8568100649378,181.94964599609375,13063800
2025-10-02 00:00:00-04:00,180.13063621234386,182.47773660731235,180.032834144845,181.8811798095703,7728100
2025-10-03 00:00:00-04:00,182.9373639295453,185.59741877662566,182.79067576325374,184.4825439453125,8675100
2025-10-06 00:00:00-04:00,183.85664523656718,185.7343283333897,183.2405251076493,184.01312255859375,5806100
2025-10-07 00:00:00-04:00,179.71988044308327,185.05953865015417,178.90817109783274,184.72703552246094,8776800
2025-10-08 00:00:00-04:00,184.70746433960892,186.0277174802343,184.12069677238543,185.5093994140625,5751200
2025-10-09 00:00:00-04:00,185.81257482959435,187.86629873092122,185.54852120285247,186.8687744140625,7484800
2025-10-10 00:00:00-04:00,187.77827139842617,187.83696158868858,185.6658871464611,186.51670837402344,9598000
2025-10-13 00:00:00-04:00,185.64632333935597,187.08392708636944,185.1084418485517,186.69273376464844,7979500
2025-10-14 00:00:00-04:00,188.6682313415227,190.11560942030164,181.78339257645226,186.64385986328125,13613300
2025-10-15 00:00:00-04:00,187.25995260668918,189.303902268661,185.1280049658996,186.956787109375,9473000
2025-10-16 00:00:00-04:00,187.1230558646578,188.7953757558051,186.23310776514373,187.8858642578125,10611800
2025-10-17 00:00:00-04:00,188.2574758352493,189.33323880902185,187.45554072343714,188.96160888671875,7764400
2025-10-20 00:00:00-04:00,189.23542420173737,190.19382165505388,188.09121179958947,189.45057678222656,8034700
2025-10-21 00:00:00-04:00,188.75622395203504,189.28433118348556,187.54356201203515,187.65113830566406,6716000
2025-10-22 00:00:00-04:00,187.7685042274453,189.18654463424633,187.55335162255136,188.6877899169922,6343100
2025-10-23 00:00:00-04:00,188.31616232011413,189.72442850694094,187.31863795069512,188.2281494140625,8882500
2025-10-24 00:00:00-04:00,187.96408322637888,188.0716595229833,185.24535310037527,186.20375061035156,6903400
2025-10-27 00:00:00-04:00,185.80277631442593,186.5949221686458,185.35290778403697,186.10594177246094,7126000
2025-10-28 00:00:00-04:00,185.08889260909982,185.33338285793897,182.50707617825827,182.81024169921875,8329500
2025-10-29 00:00:00-04:00,182.58529018458387,182.97648348338365,180.59025658944984,182.4875030517578,10551100
2025-10-30 00:00:00-04:00,182.95693020337183,185.2062432977132,182.79067863812693,184.88351440429688,7072500
2025-10-31 00:00:00-04:00,183.32856020199483,185.32359390824723,182.64397562159022,184.7074737548828,8791700
2025-11-03 00:00:00-05:00,184.8346326024117,184.86397023918343,181.43133243438183,182.15501403808594,7542600
2025-11-04 00:00:00-05:00,182.71243787931192,183.68062454846097,181.52909861701866,182.7417755126953,7209400
2025-11-05 00:00:00-05:00,182.52662069373764,183.69039654541731,181.31394381284895,181.90072631835938,5049400
2025-11-06 00:00:00-05:00,182.64397162146273,183.38723145305244,181.28460657250142,182.84934997558594,6767400
2025-11-07 00:00:00-05:00,183.60240349717566,184.1989603040272,181.6073547007375,182.45819091796875,6959200
2025-11-10 00:00:00-05:00,181.9007248187872,184.26738837250383,181.04011446379977,184.2576141357422,5323800
2025-11-11 00:00:00-05:00,185.2160176409071,189.64617940511584,184.88351451022683,189.55816650390625,7465600
2025-11-12 00:00:00-05:00,189.09852116392503,191.2402579332056,188.8149190674103,190.10581970214844,8803000
2025-11-13 00:00:00-05:00,189.92979610949115,191.68033958366678,189.18653626274676,190.94686889648438,8631600
2025-11-14 00:00:00-05:00,190.7023809412554,192.8343286012861,189.2843405802947,191.61187744140625,8824800
2025-11-17 00:00:00-05:00,192.61918942480105,195.8660119204403,191.5825383144018,195.1814422607422,13257000
2025-11-18 00:00:00-05:00,194.62399168982054,195.88556959674344,194.1545746400929,195.59217834472656,12468600
2025-11-19 00:00:00-05:00,195.59218321397532,198.99548302359867,194.9858522212118,198.04685974121094,14690800
2025-11-20 00:00:00-05:00,197.54808768840363,200.00276399995727,197.1275716942422,198.59451293945312,10612600
2025-11-21 00:00:00-05:00,199.46492493399532,202.37924443061647,198.51630160439882,199.40623474121094,13189100
2025-11-24 00:00:00-05:00,199.2204251313988,201.57729960220274,198.52606631385947,201.50885009765625,14803900
2025-11-25 00:00:00-05:00,201.93203375943375,204.4318344688182,201.93203375943375,203.39845275878906,10275300
2025-11-26 00:00:00-05:00,203.22131396059922,204.52041084092286,202.68001733661194,204.2743682861328,6729000
2025-11-28 00:00:00-05:00,203.723236152328,204.17596106247692,201.39075752943597,203.64450073242188,5638300
2025-12-01 00:00:00-05:00,203.23114910855648,204.41215036142825,202.08950805664062,202.08950805664062,8473700
2025-12-02 00:00:00-05:00,201.99109997809214,202.35523815148406,199.88497632238054,202.16824340820312,8393600
2025-12-03 00:00:00-05:00,202.6406353348706,203.74291615515872,201.7450518785209,202.0796661376953,8363300
2025-12-04 00:00:00-05:00,201.3513800209524,201.61711018295784,198.516980022795,199.2747802734375,9049900
2025-12-05 00:00:00-05:00,199.7668717489871,200.2294329646455,197.63122412342938,198.73348999023438,7785300
2025-12-08 00:00:00-05:00,199.45193591844364,200.04242902685974,197.80837348995507,198.4283905029297,7785700
2025-12-09 00:00:00-05:00,199.70781308614636,202.28633417756814,196.74546622144234,196.794677734375,7509400
2025-12-10 00:00:00-05:00,197.41469808815052,203.5264016771889,197.01118469940698,203.2705078125,11599800
2025-12-11 00:00:00-05:00,204.60897767896304,207.89611754570484,204.54009357423172,206.68557739257812,9009000
2025-12-12 00:00:00-05:00,206.95131907907103,208.90982328382495,205.65222215734576,208.23074340820312,6922700
2025-12-15 00:00:00-05:00,207.02021685633432,211.7835972337083,205.70141731611412,210.7797393798828,8467000
2025-12-16 00:00:00-05:00,210.61241313043203,211.33085313861852,205.50456762418247,205.98681640625,9949800
2025-12-17 00:00:00-05:00,206.0753964132944,208.1716837329721,205.16012534074213,207.00051879882812,8457600
2025-12-18 00:00:00-05:00,206.47891598813604,207.7189650641044,204.47120032162059,205.0124969482422,7499900
2025-12-19 00:00:00-05:00,204.27437545387346,205.9277892890467,202.76859616710203,203.10321044921875,24803900
2025-12-22 00:00:00-05:00,202.86701252411635,204.7861414522214,202.2469804791725,204.03817749023438,8187800
2025-12-23 00:00:00-05:00,201.77457330531342,203.2606648620441,200.062111796116,202.5225372314453,7047300
2025-12-24 00:00:00-05:00,202.739053555574,204.648346074342,202.31586759380838,204.49087524414062,2376500
2025-12-26 00:00:00-05:00,204.24483869267678,204.74676008426138,203.43782694440864,204.34326171875,2316700
2025-12-29 00:00:00-05:00,204.70740558532265,206.1541370088678,204.09722485496195,204.2743682861328,4348900
2025-12-30 00:00:00-05:00,204.22515192059876,204.4023103648072,203.25083303781125,203.63465881347656,3937400
2025-12-31 00:00:00-05:00,203.63465103172956,204.21530782091293,203.103190736659,203.67401123046875,4083800
2026-01-02 00:00:00-05:00,203.546094226423,204.10706344869166,200.4557852869147,204.0677032470703,6325500
2026-01-05 00:00:00-05:00,202.6111087313451,202.68000785174,197.72963308240787,201.0758056640625,9477000
2026-01-06 00:00:00-05:00,201.3612227968269,203.43782245629845,200.88881030279188,201.54820251464844,8107900
2026-01-07 00:00:00-05:00,202.01076455260576,204.96327507524262,201.78440961736555,204.20547485351562,7545900
2026-01-08 00:00:00-05:00,203.6543250611801,205.67187690313673,201.72535994719092,202.49301147460938,6557800
2026-01-09 00:00:00-05:00,202.65048388309268,203.42797171200806,200.7805515444468,201.154541015625,6154300
2026-01-12 00:00:00-05:00,202.2961890410606,206.5773204309254,200.62310269270267,206.40017700195312,11794300
2026-01-13 00:00:00-05:00,206.58717261624787,210.99625095714939,205.5537908911432,210.26795959472656,11379600
2026-01-14 00:00:00-05:00,211.33085581905067,215.3954834155094,210.76003531994849,215.09039306640625,11858800
2026-01-15 00:00:00-05:00,214.7754540862871,216.27139696408693,212.49218707861442,216.09425354003906,8492100
2026-01-16 00:00:00-05:00,215.57262862976077,216.62569792580305,214.68688147872595,215.1986541748047,10021500
2026-01-20 00:00:00-05:00,213.6535022600511,215.2675407658023,211.10450508023746,214.7557830810547,14057100
2026-01-21 00:00:00-05:00,207.6599020836601,215.21832164316703,207.16781700763246,214.55892944335938,14762900
2026-01-22 00:00:00-05:00,215.30690799344836,218.65308049768686,214.6475157947938,215.03134155273438,13160000
2026-01-23 00:00:00-05:00,216.3206133966017,217.70829698551927,214.39163319315116,216.6552276611328,6950600
2026-01-26 00:00:00-05:00,216.72413475647446,218.51531678098806,216.5174523988691,217.98387145996094,6856700
2026-01-27 00:00:00-05:00,218.48578357321077,221.9303792601758,217.20635931460325,220.8871612548828,8154100
2026-01-28 00:00:00-05:00,222.81613770071385,224.95180034983713,222.5012110309432,224.11524963378906,9026500
2026-01-29 00:00:00-05:00,225.18797472711546,226.3591396349424,223.4853645338204,223.69203186035156,9645300
2026-01-30 00:00:00-05:00,224.6466859457881,224.88289220157367,221.7630744488117,223.65267944335938,11045500
2026-02-02 00:00:00-05:00,224.70574839064855,227.53031207318796,223.65267906312954,227.09727478027344,8187500
2026-02-03 00:00:00-05:00,227.83540162689715,231.47682836867276,226.83154381662808,229.4100799560547,9346600
2026-02-04 00:00:00-05:00,231.28000134841176,232.0968644318395,229.2526131010531,230.75839233398438,8641400
2026-02-05 00:00:00-05:00,231.2799897072634,235.78749088320203,231.27015341178193,234.02581787109375,10267500
2026-02-06 00:00:00-05:00,235.17731542623193,237.125968199395,234.21281782672844,236.19100952148438,8274000
2026-02-09 00:00:00-05:00,236.4468956382332,236.92914445281934,233.28770262066075,234.8623809814453,9378500
2026-02-10 00:00:00-05:00,236.1811678557945,236.69294058079808,234.1144193808212,234.5769805908203,6723300
2026-02-11 00:00:00-05:00,235.55129826274083,237.4409032943991,233.6420056217357,237.0472412109375,6803900
2026-02-12 00:00:00-05:00,236.67325295914287,242.45034242715968,235.88591377085012,240.6788330078125,10254300
2026-02-13 00:00:00-05:00,240.7181753030812,241.0724771605951,238.7695225953774,239.59622192382812,13268500
2026-02-17 00:00:00-05:00,240.26547331078993,240.61977517991008,238.04123907016248,239.47813415527344,12703000
2026-02-18 00:00:00-05:00,239.38956433634297,241.1905976005163,238.97621465530662,241.1118621826172,8129700
2026-02-19 00:00:00-05:00,240.74770670245476,243.05067635662348,240.4032561468311,243.00146484375,7553900
2026-02-20 00:00:00-05:00,242.56842126641303,242.97193463736588,236.47640555492436,238.65142822265625,13565800
2026-02-23 00:00:00-05:00,239.77338707530683,242.90304105661139,238.75969298572113,241.94839477539062,9622700
2026-02-24 00:00:00-05:00,242.74981566951382,244.62967365472286,241.9483872724562,243.66995239257812,7246300
2026-02-25 00:00:00-05:00,242.26500406647128,244.62967453289602,241.1370862518812,242.57171630859375,7698200
2026-02-26 00:00:00-05:00,242.51235889431217,242.8685442682355,239.45510990809925,240.88973999023438,7172600
2026-02-27 00:00:00-05:00,241.44381655451372,246.3017849576054,239.93003240320007,245.79718017578125,16428600
2026-03-02 00:00:00-05:00,246.54912469567304,249.04242234613034,244.2537044562187,245.92579650878906,9042400
2026-03-03 00:00:00-05:00,243.84805926874753,245.25300850282142,241.7703087256774,244.13497924804688,6178700
2026-03-04 00:00:00-05:00,243.14557584386296,243.95689284505667,240.6028050981046,242.70034790039062,5768000
2026-03-05 00:00:00-05:00,240.0586452528019,240.42471921230697,233.42963885940884,237.09043884277344,9375400
2026-03-06 00:00:00-05:00,235.596428770922,238.23813062850368,232.93493464369223,237.85226440429688,7179800
2026-03-09 00:00:00-04:00,238.31730051291373,241.5031767703235,237.4960948841201,240.01907348632812,7844000
2026-03-10 00:00:00-04:00,239.732151823879,242.40353469704283,238.26784082105456,241.12721252441406,7214100
2026-03-11 00:00:00-04:00,240.29608691960013,241.10740390076984,238.80209516039704,240.41482543945312,6933200
2026-03-12 00:00:00-04:00,238.90105930754044,241.8098890629796,237.7533491444783,239.4748992919922,7710200
2026-03-13 00:00:00-04:00,241.62191298046335,242.9872777226232,238.94062643039297,238.96041870117188,6415300
2026-03-16 00:00:00-04:00,241.3349760333344,242.46289390576842,239.10882114586636,240.6127166748047,7571500
2026-03-17 00:00:00-04:00,240.99857884994995,241.55264164150105,234.70598053704475,235.5865478515625,7281800
2026-03-18 00:00:00-04:00,235.349094010365,236.57595816042422,232.9250616652477,234.76535034179688,6811500
2026-03-19 00:00:00-04:00,235.81410287893596,236.72435103784144,233.80561773863002,235.0819549560547,7511500
2026-03-20 00:00:00-04:00,234.32011361954207,235.76463230802105,232.01480479225953,232.87557983398438,17156600
2026-03-23 00:00:00-04:00,234.88406082839504,235.78442039461373,231.7674501417346,232.925048828125,7313700
2026-03-24 00:00:00-04:00,231.65861261497415,233.49890116874656,229.77875461897233,232.77664184570312,9046200
2026-03-25 00:00:00-04:00,234.29043431536925,238.90105200048887,233.2317667584392,237.3872528076172,6456400
2026-03-26 00:00:00-04:00,237.45653008741147,239.0890376929306,236.3978624775069,236.70458984375,5171400
2026-03-27 00:00:00-04:00,238.63391169766768,240.10811126821832,236.59574564385582,237.90174865722656,7617600
2026-03-30 00:00:00-04:00,240.90953765922094,241.62190842303258,237.96110834902544,239.92013549804688,7241300
2026-03-31 00:00:00-04:00,240.43461907362286,242.73003938495026,240.0784336838334,241.84947204589844,7554200
2026-04-01 00:00:00-04:00,242.99717824988343,244.58021265880902,241.1568896154117,241.53285217285156,6314600
2026-04-02 00:00:00-04:00,242.5123641523277,244.59011472810894,239.30669571751412,240.46429443359375,6878700
2026-04-06 00:00:00-04:00,240.07843292252966,240.9392230850874,237.95122427449988,238.41624450683594,4442400
2026-04-07 00:00:00-04:00,238.22825540792763,238.22825540792763,233.50880278778567,235.8833770751953,6241100
2026-04-08 00:00:00-04:00,234.13213423473948,238.77243293320464,231.42116679227811,238.7427520751953,8771100
2026-04-09 00:00:00-04:00,238.7427511835681,241.61201149233705,237.9907958579282,238.7526397705078,6216500
2026-04-10 00:00:00-04:00,239.43532307826192,239.69256220529843,235.38867186110593,235.93284606933594,7354500
2026-04-13 00:00:00-04:00,235.19079033309842,235.8635765445355,232.68758901903882,235.43814086914062,7663600
2026-04-14 00:00:00-04:00,232.5193972079424,239.62331259842583,230.77805483364233,237.5554656982422,10318700
2026-04-15 00:00:00-04:00,237.3971547010872,237.8720635067345,234.24095942154312,236.14060974121094,6463500
2026-04-16 00:00:00-04:00,234.90385000802988,235.61622074367995,229.6600157416919,232.0543670654297,8668900
2026-04-17 00:00:00-04:00,231.87629665489436,233.0437839864675,229.58087633934963,231.6981964111328,8946300
2026-04-20 00:00:00-04:00,232.32152567058696,232.7667536363879,227.09748331847635,228.2451934814453,7810500
2026-04-21 00:00:00-04:00,226.91939419688882,227.25578731208446,222.31866503864154,223.76319885253906,11681200
2026-04-22 00:00:00-04:00,223.7829810531976,225.06920692516337,221.40842182578342,223.70384216308594,9003400
2026-04-23 00:00:00-04:00,224.84163569592187,228.93775994036045,224.6239660179549,228.20559692382812,7097600
2026-04-24 00:00:00-04:00,226.60278870184794,227.5526214735122,224.61409567930932,225.08900451660156,6067500
2026-04-27 00:00:00-04:00,223.37732454840338,225.49464451628538,221.97237532645164,222.95187377929688,7897800
2026-04-28 00:00:00-04:00,225.31655381218496,228.58158401963007,223.97096624596244,225.37591552734375,7179800
2026-04-29 00:00:00-04:00,223.12998968586206,226.28618513799105,222.47698060671547,224.9405975341797,7071100
2026-04-30 00:00:00-04:00,225.53421985117495,228.71020743451083,225.3957041523519,227.41409301757812,8157200
2026-05-01 00:00:00-04:00,226.63244949097316,227.33493164601464,224.61407578841013,224.7822723388672,6863600
2026-05-04 00:00:00-04:00,223.12007375353997,224.66355379145187,221.2105348477109,221.82395935058594,8215200
2026-05-05 00:00:00-04:00,223.00135999434525,224.12927789209027,222.51654748413543,223.15966796875,5556700
2026-05-06 00:00:00-04:00,222.86284542864004,223.94129020275372,220.58721735046336,222.23951721191406,7982300
2026-05-07 00:00:00-04:00,222.39780245918467,222.39780245918467,218.29178978986636,220.15185546875,7269700
2026-05-08 00:00:00-04:00,220.5773139289545,221.00274959951292,218.578717393272,218.9744873046875,5550600
2026-05-11 00:00:00-04:00,218.97449324390374,220.91371302266228,218.034549114472,219.08331298828125,6223200
2026-05-12 00:00:00-04:00,220.63668996536256,225.2374041432973,219.30099096037276,221.88333129882812,8632500
2026-05-13 00:00:00-04:00,223.42680175059942,228.35402025227188,223.0508241008666,227.97804260253906,7464500
2026-05-14 00:00:00-04:00,228.55189657555886,229.3038367743656,226.7314002434507,228.35401916503906,6974400
2026-05-15 00:00:00-04:00,228.324343449484,229.6798195939985,224.0402302332647,224.307373046875,12167000
2026-05-18 00:00:00-04:00,224.30737192600984,227.26567474324526,223.46637404521803,226.4939422607422,10141600
2026-05-19 00:00:00-04:00,226.5137209227187,228.40348257147707,225.62324996765844,227.56248474121094,9677900
2026-05-20 00:00:00-04:00,229.2345877493695,229.54130000194294,226.74129009113187,226.88970947265625,7353800
2026-05-21 00:00:00-04:00,226.88970696918975,229.43246262946704,224.94058353722363,229.27415466308594,5239000
2026-05-22 00:00:00-04:00,230.53071103197314,233.0042165151488,230.25367962562382,231.85650634765625,5462300
2026-05-26 00:00:00-04:00,231.85650632452897,232.0953339431715,227.9557463234551,229.0503387451172,6619600
2026-05-27 00:00:00-04:00,228.85132348090337,231.74704572535882,227.89604337347495,230.15489196777344,5835500
2026-05-28 00:00:00-04:00,228.90107206919134,230.7320381891827,228.60254135347682,229.66729736328125,7193400
2026-05-29 00:00:00-04:00,230.09517449736785,230.36385365376995,223.48776262843438,224.22413635253906,13897700
2026-06-01 00:00:00-04:00,222.10459450044488,223.3385143974124,219.75617610550876,222.41307067871094,8041000
2026-06-02 00:00:00-04:00,221.48763589098954,224.39330345287865,220.08455216761314,221.79611206054688,5669000
2026-06-03 00:00:00-04:00,221.35827776443833,223.82610240207563,220.91048926891716,222.1444091796875,6507200
2026-06-04 00:00:00-04:00,225.97549994238426,227.5477475509985,224.79133771170055,227.05020141601562,7274800
2026-06-05 00:00:00-04:00,228.87122983792332,234.06561287765282,227.87613753428016,231.6276397705078,8034900
2026-06-08 00:00:00-04:00,231.62763678757383,233.7969306933057,229.42847614392605,231.0206298828125,7559800
2026-06-09 00:00:00-04:00,231.23954685180908,236.5433904796373,229.2792138627353,235.8368682861328,8354500
2026-06-10 00:00:00-04:00,237.67779864975017,239.7475772433621,235.886629497679,237.31956481933594,8350800
2026-06-11 00:00:00-04:00,238.822141602048,240.41429528628944,236.97126939727602,237.16033935546875,7399000
2026-06-12 00:00:00-04:00,238.82214080935248,239.72767840405794,236.35431627248195,239.6878662109375,6459400
2026-06-15 00:00:00-04:00,237.8270530309927,238.32459916704082,232.43365473829965,234.50344848632812,7732000
2026-06-16 00:00:00-04:00,235.20994955683125,235.20994955683125,229.88621514589735,234.02578735351562,7718100
2026-06-17 00:00:00-04:00,232.88144953454835,234.27457267967245,229.5677903566066,233.0506134033203,8548000
2026-06-18 00:00:00-04:00,230.64248139608736,231.60772209709037,226.48300306302522,227.2691192626953,18989800
2026-06-22 00:00:00-04:00,227.8263796240252,230.31411038031268,226.3834988221592,230.15489196777344,8518300
2026-06-23 00:00:00-04:00,234.48354214543076,238.62312963718077,233.19987979667957,237.9066619873047,11802000
2026-06-24 00:00:00-04:00,238.71267722908183,241.84721171654783,237.5782726810186,239.81723022460938,8139200
2026-06-25 00:00:00-04:00,240.0859235854152,246.97196048258556,239.70778365238823,243.67820739746094,10130400
2026-06-26 00:00:00-04:00,247.05156300573913,253.85799051268404,246.6535169859773,253.4102020263672,16316800
2026-06-29 00:00:00-04:00,251.94740453022743,257.3109358669097,250.7930938975173,257.2413024902344,8608400
2026-06-30 00:00:00-04:00,257.7288999793201,258.62447695588,251.92751017702224,252.7235870361328,8469500
2026-07-01 00:00:00-04:00,252.00712264580847,252.95245728529045,249.8477741968348,252.73353576660156,6516500
2026-07-02 00:00:00-04:00,254.52470472933535,261.8087875806335,252.753441667793,261.74908447265625,7998700
2026-07-06 00:00:00-04:00,258.9528582650781,260.0972082397536,254.67394351620698,258.0572509765625,6803700
2026-07-07 00:00:00-04:00,263.5899938466549,268.1076906797339,262.75408965465317,265.9284362792969,9089700
2026-07-08 00:00:00-04:00,267.28179179450893,267.28179179450893,261.8386358221884,262.1072998046875,6769400
2026-07-09 00:00:00-04:00,259.35088953644544,262.1570568783993,256.8631589924022,257.8283996582031,6426100
2026-07-10 00:00:00-04:00,258.91306402533775,260.01760188497747,254.26598487714244,255.7188262939453,6534700
2026-07-13 00:00:00-04:00,256.68405301110437,258.2562853735001,254.89286877547602,256.5049133300781,5272200
2026-07-14 00:00:00-04:00,254.27593479130442,255.13172996253974,250.9025724938729,252.60418701171875,8770600
2026-07-15 00:00:00-04:00,248.86261881363527,255.5695309055475,244.84245277781295,245.8076934814453,10547300
2026-07-16 00:00:00-04:00,247.67845384783817,252.30564190006208,245.09122311970796,248.7432098388672,11097600
2026-07-17 00:00:00-04:00,251.35035299448896,254.40529355359888,250.7134945486414,251.7981414794922,10167700
2026-07-20 00:00:00-04:00,250.7731932271148,252.93254159418385,247.40979173683036,247.59886169433594,8114700
2026-07-21 00:00:00-04:00,246.2355858738711,250.10649430212794,244.28521347459443,249.3800811767578,7793100
2026-07-22 00:00:00-04:00,251.51951735745217,255.03220704893891,249.97713648203677,254.3754425048828,9100200
2026-07-23 00:00:00-04:00,253.98735319581928,258.9230174724852,253.17137025663587,257.99755859375,8063300
2026-07-24 00:00:00-04:00,260.14696680341433,262.41577598127003,258.33589157019617,262.1072998046875,6351800
2026-07-27 00:00:00-04:00,261.26146783773044,267.48079463226605,260.0673753138636,264.6448059082031,9647900
2026-07-28 00:00:00-04:00,268.67490010822394,273.55084592551594,264.87364052953075,265.42095947265625,10491000
2026-07-29 00:00:00-04:00,267.1822622796963,268.0181361041443,263.49047862976664,264.2268371582031,6105600
2026-07-30 00:00:00-04:00,257.75875187348953,259.2414296518399,253.31068817063203,254.56451416015625,8216500
2026-07-31 00:00:00-04:00,254.75357596655473,257.2114550322676,252.04690865509698,255.09190368652344,6782100
2026-08-03 00:00:00-04:00,253.71867195954576,256.4850271972422,249.67859985775465,253.1614227294922,8136300
2026-08-04 00:00:00-04:00,253.16142648061836,254.2659795008061,249.21090897857138,253.67886352539062,7362400
2026-08-05 00:00:00-04:00,253.9972934738065,258.04732616634374,253.2211227437212,256.3258056640625,6472600
2026-08-06 00:00:00-04:00,260.42559336590404,260.8236242062839,254.02715726257253,255.7188262939453,6931800
2026-08-07 00:00:00-04:00,254.63416238175625,258.32596141364326,253.86793707628854,257.96771240234375,6532100
2026-08-10 00:00:00-04:00,257.78861210678537,260.71418593564044,257.28110530959395,260.5251159667969,8985100
2026-08-11 00:00:00-04:00,259.9479684253454,262.85362089025904,257.09202805973007,258.52496337890625,5945900
2026-08-12 00:00:00-04:00,254.7436088096904,260.1270613743755,254.00723509927005,259.5797424316406,4629300
2026-08-13 00:00:00-04:00,260.44550421552646,261.3311205223152,258.37569533996134,260.79376220703125,4852700
2026-08-14 00:00:00-04:00,259.37078114396394,260.42557646804266,257.8881034534354,259.072265625,4998100
2026-08-17 00:00:00-04:00,257.5995438259766,262.98299691726805,256.7437790079673,261.0823669433594,5515500
2026-08-18 00:00:00-04:00,266.3563600087168,270.3964321763198,265.02290964957547,269.7794494628906,7838200
2026-08-19 00:00:00-04:00,271.6601848020655,275.1131561312948,269.2321572777068,272.06817626953125,7728500
2026-08-20 00:00:00-04:00,272.05823633214175,272.05823633214175,266.0578308105469,266.0578308105469,6475900
2026-08-21 00:00:00-04:00,266.51555077860934,271.32186347512464,265.68963755179993,268.9137268066406,6186800
2026-08-24 00:00:00-04:00,268.4161893708204,272.635401405727,267.2519483767422,271.70001220703125,5436100
2026-08-25 00:00:00-04:00,271.0,273.79998779296875,270.17999267578125,273.1400146484375,4687000
2026-08-26 00:00:00-04:00,271.9700012207031,272.9100036621094,269.54998779296875,270.0,7214100
2026-08-27 00:00:00-04:00,268.45001220703125,268.45001220703125,263.8299865722656,265.7699890136719,7306200
2026-08-28 00:00:00-04:00,265.7799987792969,268.3800048828125,264.2699890136719,268.0400085449219,5765600
2026-08-31 00:00:00-04:00,267.1300048828125,267.7699890136719,265.1700134277344,265.8500061035156,7900100
2026-09-01 00:00:00-04:00,270.8299865722656,271.9100036621094,267.0199890136719,271.19000244140625,6033600
2026-09-02 00:00:00-04:00,274.739990234375,281.07000732421875,273.5299987792969,275.2099914550781,7910600
2026-09-03 00:00:00-04:00,277.32000732421875,278.8900146484375,273.1600036621094,278.42999267578125,5940300
2026-09-04 00:00:00-04:00,275.1300048828125,277.79998779296875,274.75,275.2300109863281,4320100
2026-09-08 00:00:00-04:00,271.2799987792969,271.989990234375,266.8800048828125,269.1199951171875,8084700
2026-09-09 00:00:00-04:00,268.510009765625,270.1000061035156,266.7300109863281,267.0799865722656,6124600
2026-09-10 00:00:00-04:00,270.2099914550781,271.2699890136719,265.7200012207031,266.3500061035156,4929500
2026-09-11 00:00:00-04:00,268.0299987792969,270.3999938964844,265.25,265.5799865722656,4701200
2026-09-14 00:00:00-04:00,271.0,271.54998779296875,266.19000244140625,266.32000732421875,4740800
2026-09-15 00:00:00-04:00,265.80999755859375,267.20001220703125,260.67999267578125,267.20001220703125,5283500
2026-09-16 00:00:00-04:00,266.80999755859375,268.6499938964844,266.29998779296875,267.2799987792969,4887300
2026-09-17 00:00:00-04:00,268.0,270.8699951171875,267.1099853515625,270.2200012207031,6568800
2026-09-18 00:00:00-04:00,269.45001220703125,272.1099853515625,267.20001220703125,269.989990234375,16409300
