Date,Open,High,Low,Close,Volume
2021-09-20 00:00:00-04:00,135.79351659818047,136.3847272540793,132.79334030701713,134.97288513183594,15819900
2021-09-21 00:00:00-04:00,135.4758504940612,136.37590877203897,134.63756712564353,134.9905242919922,8999900
2021-09-22 00:00:00-04:00,136.94945909495695,138.75839475605022,136.8612265410329,137.5759735107422,11236200
2021-09-23 00:00:00-04:00,139.42019647277522,142.6939297953238,139.1290007758004,142.2262420654297,12336100
2021-09-24 00:00:00-04:00,142.45565091539157,144.35281875084775,141.90856341137987,143.86749267578125,10102400
2021-09-27 00:00:00-04:00,145.5970318922224,147.71480151578345,145.25289399178246,147.3441925048828,13220900
2021-09-28 00:00:00-04:00,147.97954281239566,149.39139836399926,146.17943977533085,146.550048828125,13387900
2021-09-29 00:00:00-04:00,146.66478280628706,147.2736319500807,145.63235540524306,146.4353485107422,7777100
2021-09-30 00:00:00-04:00,147.29126988350671,147.35304479243578,143.64692726136718,144.44110107421875,13161200
2021-10-01 00:00:00-04:00,144.71465654441621,148.50900693938615,144.36169935326012,147.47659301757812,11285000
2021-10-04 00:00:00-04:00,147.33540092187218,150.39735227429443,146.2412121146315,147.3177490234375,14120000
2021-10-05 00:00:00-04:00,148.43628358822832,151.03730748793987,147.9569052119613,149.72348022460938,12292900
2021-10-06 00:00:00-04:00,149.12866049786382,150.11403402462565,147.36208603584308,150.0430145263672,8692600
2021-10-07 00:00:00-04:00,151.97829376443244,152.25348594238827,150.50466918086212,150.992919921875,10195400
2021-10-08 00:00:00-04:00,150.93078012107802,152.1025683058946,150.2916180036915,151.1083221435547,8190100
2021-10-11 00:00:00-04:00,151.6232009399624,152.0581768558747,147.77048358011973,147.93026733398438,12154700
2021-10-12 00:00:00-04:00,147.14018749412315,147.97464984992072,146.2702221541923,146.79397583007812,13032600
2021-10-13 00:00:00-04:00,145.64882579858283,146.83837223897822,142.56842364856442,142.9235076904297,22753500
2021-10-14 00:00:00-04:00,143.5892796203178,145.59552990274406,142.0890247015042,145.1161651611328,15176800
2021-10-15 00:00:00-04:00,146.78511380271135,148.4007638334521,145.71096220524572,147.9036407470703,14267400
2021-10-18 00:00:00-04:00,147.78820990650408,149.67906536542753,147.28221453665418,147.85035705566406,12672900
2021-10-19 00:00:00-04:00,148.60492144060018,149.71457591236566,147.87699515082716,149.64356994628906,8053900
2021-10-20 00:00:00-04:00,149.4038794991268,151.68532202969575,148.65819495147218,151.65869140625,8185600
2021-10-21 00:00:00-04:00,151.58768893451537,152.09369792803645,149.74122207639823,150.4691619873047,8415200
2021-10-22 00:00:00-04:00,150.93964771015538,152.76835622047847,150.64669728681417,152.4931640625,8817900
2021-10-25 00:00:00-04:00,153.3187877804457,153.5407187367024,151.3391538978106,151.7475128173828,10159200
2021-10-26 00:00:00-04:00,151.8007387248317,153.12345179247123,151.39237990036722,152.15582275390625,8015100
2021-10-27 00:00:00-04:00,151.1971160983183,151.53444191342504,148.551689561808,148.98667907714844,9847000
2021-10-28 00:00:00-04:00,149.40388131307253,151.36574284052512,149.10205854663167,151.2325897216797,7212900
2021-10-29 00:00:00-04:00,151.96051081319317,152.90150915464721,150.37149161847853,150.8153533935547,8140100
2021-11-01 00:00:00-04:00,152.72399679586806,152.98144428374235,150.03419476192366,150.73550415039062,7435500
2021-11-02 00:00:00-04:00,150.73551837061325,152.41331597131153,149.95431701728359,151.33029174804688,7173800
2021-11-03 00:00:00-04:00,151.028445582121,151.91616933012273,150.15846655625495,151.38352966308594,8402700
2021-11-04 00:00:00-04:00,150.91304847297408,151.09059052676537,147.79714276032698,149.39503479003906,9574200
2021-11-05 00:00:00-04:00,149.9365180294975,150.9929113329834,148.61381846932426,149.1819610595703,7975600
2021-11-08 00:00:00-05:00,150.06966462846458,151.72970328582724,149.79447250297517,150.0785369873047,6413700
2021-11-09 00:00:00-05:00,148.56057654512898,149.5548228210101,147.89478372561797,148.94229125976562,7990300
2021-11-10 00:00:00-05:00,148.64930529722292,149.98089061827108,148.32972427834792,148.8002166748047,6999200
2021-11-11 00:00:00-05:00,148.71145944627725,149.74120851503892,148.1610616100084,148.79135131835938,5815300
2021-11-12 00:00:00-05:00,148.8268602787252,148.90676569960334,147.11356018475198,148.1255645751953,8113400
2021-11-15 00:00:00-05:00,148.43629676330428,148.95116462708512,147.36214504717802,147.85926818847656,6492500
2021-11-16 00:00:00-05:00,148.30310324910553,148.31198915432927,146.58091728851684,146.79397583007812,9706100
2021-11-17 00:00:00-05:00,146.66082661144287,146.97152175403755,145.04516310583514,146.00390625,9909600
2021-11-18 00:00:00-05:00,145.93287825117406,146.34123705656822,144.30834248012798,144.7433319091797,8122500
2021-11-19 00:00:00-05:00,143.189817325069,143.90887126341005,141.5475232705074,142.85247802734375,12193600
2021-11-22 00:00:00-05:00,145.7287302269754,147.34438036587372,144.6900950922002,145.89739990234375,14549900
2021-11-23 00:00:00-05:00,146.91825317693468,149.6346851771418,146.80284477640728,149.38612365722656,12354400
2021-11-24 00:00:00-05:00,149.54592562787454,150.41589097481364,147.75272013898643,148.21434020996094,9629800
2021-11-26 00:00:00-05:00,143.93551239964296,144.38824658577076,140.98827691858202,143.74908447265625,13619300
2021-11-29 00:00:00-05:00,144.97418334335717,146.27913851861342,141.87603569980413,143.12771606445312,12104400
2021-11-30 00:00:00-05:00,141.2900970315363,142.5950518589473,140.51776825790085,140.9971466064453,18922600
2021-12-01 00:00:00-05:00,142.9235103545511,144.93864687094828,140.0827973299137,140.16268920898438,12253400
2021-12-02 00:00:00-05:00,141.88487656937767,144.9208899117364,140.97052226797672,143.1099395751953,12969900
2021-12-03 00:00:00-05:00,143.3673910535043,143.66034152756737,139.54130371342652,140.51779174804688,12681800
2021-12-06 00:00:00-05:00,142.93236757846455,144.35273071316283,141.55640687710985,142.1778106689453,11186500
2021-12-07 00:00:00-05:00,143.70474436358063,145.045202530433,143.06558209374063,144.31727600097656,9851600
2021-12-08 00:00:00-05:00,144.39711965989687,144.93863158134326,142.18668308633636,142.6660614013672,11705700
2021-12-09 00:00:00-05:00,141.72505488326885,142.86133990789585,140.83733136117988,142.44412231445312,11189600
2021-12-10 00:00:00-05:00,143.20757721722893,143.54490297320115,141.26346037186278,141.87599182128906,10405400
2021-12-13 00:00:00-05:00,141.5919053630412,141.84933923091603,139.62115801039147,140.18930053710938,12069000
2021-12-14 00:00:00-05:00,139.772075587176,142.82584688333145,139.63892246781506,141.26345825195312,12563600
2021-12-15 00:00:00-05:00,141.90261702457528,141.90261702457528,139.68330811612452,140.20706176757812,14014200
2021-12-16 00:00:00-05:00,142.38202200438985,143.65147410228406,140.88176659123778,142.3997802734375,19542800
2021-12-17 00:00:00-05:00,141.43212968030053,141.48539092871525,137.75694099263876,139.1595458984375,28082000
2021-12-20 00:00:00-05:00,137.1621844316911,137.3308541025031,134.7919637708849,136.65618896484375,15148000
2021-12-21 00:00:00-05:00,137.96114320539073,139.53240439857666,137.67706512004878,138.56478881835938,11291300
2021-12-22 00:00:00-05:00,138.26295796938717,139.42587377923533,137.81022378599536,139.10629272460938,7273000
2021-12-23 00:00:00-05:00,139.91410219974924,141.25455981622252,139.559018215895,139.6033935546875,8055200
2021-12-27 00:00:00-05:00,139.9052511960677,140.4378772531484,138.78671073958142,140.40237426757812,6188100
2021-12-28 00:00:00-05:00,140.43789060459122,142.16894915945403,140.33136809216552,140.8284912109375,6342300
2021-12-29 00:00:00-05:00,141.01490899512024,141.70733236718596,140.39349159583065,140.75746154785156,6398900
2021-12-30 00:00:00-05:00,141.2457327244573,142.24886494143172,140.58881224365075,140.68646240234375,6948200
2021-12-31 00:00:00-05:00,140.6597938907987,141.40547842240093,140.2248180201573,140.57102966308594,5805900
2022-01-03 00:00:00-05:00,141.91148332152002,144.37935363864605,141.60077466937534,143.54489135742188,13120900
2022-01-04 00:00:00-05:00,145.86188767412355,149.65247189183447,145.79086814841963,148.98667907714844,20195800
2022-01-05 00:00:00-05:00,149.87078709434957,150.35302529770058,146.2182234519516,146.26287841796875,17539400
2022-01-06 00:00:00-05:00,149.05808874508742,149.46888166120178,146.3432253244855,147.81675720214844,14047500
2022-01-07 00:00:00-05:00,147.95071528960912,149.6117789932496,147.40595747210386,149.28135681152344,13913300
2022-01-10 00:00:00-05:00,150.98711453353607,151.20143659797546,147.82572781521154,149.42428588867188,12922500
2022-01-11 00:00:00-05:00,150.2637150155545,150.49591538758978,148.52228035920214,149.57608032226562,11854100
2022-01-12 00:00:00-05:00,150.44234896632423,151.45148043118525,149.299238964396,150.4244842529297,12568000
2022-01-13 00:00:00-05:00,150.33515869106003,151.6479356400798,149.9332912555357,150.23692321777344,13623400
2022-01-14 00:00:00-05:00,143.56590333538898,143.80702929088048,140.11874923339806,141.00286865234375,40158400
2022-01-18 00:00:00-05:00,139.1185396382745,139.1185396382745,134.43897924786577,135.09091186523438,32324800
2022-01-19 00:00:00-05:00,135.3587955658784,135.948194728272,132.6617966797485,133.0011444091797,22380000
2022-01-20 00:00:00-05:00,133.05475566739287,134.50148394816767,131.5990882170737,131.86700439453125,14860800
2022-01-21 00:00:00-05:00,131.72407828048975,131.73300382083437,128.8395480427948,129.5629119873047,20705400
2022-01-24 00:00:00-05:00,127.06244040247945,129.92018165221654,124.6422961045713,129.44686889648438,28471400
2022-01-25 00:00:00-05:00,128.28590573944658,131.14366057271243,125.73179655529506,130.85787963867188,18915900
2022-01-26 00:00:00-05:00,132.813636019071,134.46577450245326,130.34883704894756,132.0991973876953,20709100
2022-01-27 00:00:00-05:00,133.43875583246762,134.29608485842846,128.71455471405014,129.76834106445312,17536800
2022-01-28 00:00:00-05:00,128.7681091142028,131.06322675828747,126.96415512180928,130.9292755126953,14117000
2022-01-31 00:00:00-05:00,130.06303303761217,132.87611846705255,129.1967785653274,132.70645141601562,13985700
2022-02-01 00:00:00-05:00,132.7868362494526,135.26949975485968,132.4385493152921,134.9837188720703,14584900
2022-02-02 00:00:00-05:00,134.4032401062111,134.79618199179012,132.23314782010237,133.90313720703125,12441100
2022-02-03 00:00:00-05:00,133.95670669969624,135.43022502268056,132.42959424753613,132.79574584960938,12474900
2022-02-04 00:00:00-05:00,133.15297746399662,137.0823689070362,132.85827106175142,136.24290466308594,16654400
2022-02-07 00:00:00-05:00,136.87697047962678,137.18952796110642,134.71580385407722,136.6983642578125,12572300
2022-02-08 00:00:00-05:00,138.42193492799018,141.52972681281014,138.24332870505225,139.27032470703125,20411400
2022-02-09 00:00:00-05:00,139.841860392785,140.59201463865574,139.1542258141269,139.85079956054688,9131100
2022-02-10 00:00:00-05:00,139.9043924692594,142.0209041459754,138.61840586125626,139.27032470703125,16455600
2022-02-11 00:00:00-05:00,138.96667558530245,141.27073236866713,136.60903830435853,137.45742797851562,16830000
2022-02-14 00:00:00-05:00,136.3947419739245,137.24313189244884,134.24251414948705,136.180419921875,17026500
2022-02-15 00:00:00-05:00,137.98437533426517,139.2614367451113,137.39497600219812,138.1719207763672,9500000
2022-02-16 00:00:00-05:00,137.29670455754405,139.4042907093441,137.29670455754405,138.42193603515625,9076500
2022-02-17 00:00:00-05:00,136.63585149548837,137.28777037013128,134.55505552050664,135.2337646484375,11367500
2022-02-18 00:00:00-05:00,135.85888756945263,137.65390241829718,134.96584291547984,135.86781311035156,11733300
2022-02-22 00:00:00-05:00,134.49255190326284,136.8501896226984,134.32287121151697,135.626708984375,11333500
2022-02-23 00:00:00-05:00,136.74301667642388,136.90377182783305,132.14384136472486,132.78683471679688,11799000
2022-02-24 00:00:00-05:00,127.65185761416151,129.4826026344637,124.82983207445183,129.08966064453125,25655100
2022-02-25 00:00:00-05:00,129.71474659809545,134.0728092264706,129.41111466133975,132.14382934570312,18367700
2022-02-28 00:00:00-05:00,128.19660243126467,129.54509536996872,125.81217410329678,126.63377380371094,31315300
2022-03-01 00:00:00-05:00,125.06198450854104,125.45492639049641,119.29292288319827,121.85595703125,36840400
2022-03-02 00:00:00-05:00,122.60611384629483,125.06198703127347,121.99884992686464,124.3832778930664,19405600
2022-03-03 00:00:00-05:00,124.88336751750282,125.90143792994189,122.40070434283946,123.4991455078125,16640800
2022-03-04 00:00:00-05:00,120.50748994997956,120.93614771836491,118.23914810425485,120.02523803710938,21016000
2022-03-07 00:00:00-05:00,118.03372469172861,118.49811178399233,115.15811946469606,115.39031982421875,27560100
2022-03-08 00:00:00-05:00,115.77432104478272,117.6943618098846,113.65780253080845,114.57764434814453,19207800
2022-03-09 00:00:00-05:00,118.6856406647685,120.7753757157064,118.27484771477944,119.16789245605469,17536200
2022-03-10 00:00:00-05:00,117.75690460205078,119.17684276534469,116.38162141045717,117.75690460205078,15604200
2022-03-11 00:00:00-05:00,118.31951237610286,119.73945036069834,114.6848134403135,115.10454559326172,20061800
2022-03-14 00:00:00-04:00,115.61361108959768,118.70353914239675,115.4082009293893,116.24766540527344,15786900
2022-03-15 00:00:00-04:00,117.70332102833702,119.26614960974989,117.10498257809587,118.31058502197266,15096600
2022-03-16 00:00:00-04:00,120.44494974619396,123.67778124022901,120.05200784760983,123.59739685058594,20354900
2022-03-17 00:00:00-04:00,122.22209857912071,125.19593907487352,121.38263437814307,125.16020965576172,17050500
2022-03-18 00:00:00-04:00,125.19594082231158,125.78535360485641,123.65097728029042,125.11557006835938,23656500
2022-03-21 00:00:00-04:00,125.33887226513559,125.70501036188816,123.89213008663536,124.71372985839844,12676100
2022-03-22 00:00:00-04:00,127.05347037026881,128.5359141819126,126.56229307117881,127.36602783203125,13548600
2022-03-23 00:00:00-04:00,125.90144682726317,126.44620467756982,124.31182823983359,124.82979583740234,12093200
2022-03-24 00:00:00-04:00,125.29417678877739,125.66032839395895,124.23145139298659,125.64246368408203,10017600
2022-03-25 00:00:00-04:00,125.9996770046092,127.86613720979891,125.74070003009193,126.74090576171875,8383500
2022-03-28 00:00:00-04:00,125.02630075034207,125.8925554956837,123.1509007883728,125.8032455444336,10818100
2022-03-29 00:00:00-04:00,128.0179821436087,128.2412433516535,125.24061217045993,126.08006286621094,11316500
2022-03-30 00:00:00-04:00,126.72306362131354,126.9195345859865,124.94591302284023,125.5085220336914,8771000
2022-03-31 00:00:00-04:00,124.87446601615179,125.33885316482775,121.68628928406396,121.73988342285156,17353900
2022-04-01 00:00:00-04:00,122.70433550626453,122.71327467434422,119.48938278389681,120.83787536621094,15721300
2022-04-04 00:00:00-04:00,119.77516801737328,122.29356097416841,118.6767266940052,121.37372589111328,17416400
2022-04-05 00:00:00-04:00,120.61803055722018,121.81457230593722,119.66437462066956,119.96126556396484,12110300
2022-04-06 00:00:00-04:00,118.37783386541516,119.2595010626264,117.82004637523085,118.29686737060547,12914700
2022-04-07 00:00:00-04:00,117.81105924244488,118.68373487391258,115.81380302689927,117.93701171875,12994200
2022-04-08 00:00:00-04:00,118.45880332914051,120.46505098606252,118.29687033546263,120.09619903564453,13126900
2022-04-11 00:00:00-04:00,119.65538024902344,121.36473733289307,119.2685310977084,119.65538024902344,10466400
2022-04-12 00:00:00-04:00,118.88166974549064,121.07685338221899,117.58615063346794,118.34186553955078,12989900
2022-04-13 00:00:00-04:00,114.20340297650245,116.28162557761347,113.36671479643655,114.52728271484375,30838000
2022-04-14 00:00:00-04:00,113.80754535125067,115.42694399903974,112.47603903374693,113.4656753540039,18835200
2022-04-18 00:00:00-04:00,113.0608060979913,116.2726141009586,112.94385221499529,115.57087707519531,11834400
2022-04-19 00:00:00-04:00,115.56191690374068,118.14396368039509,115.36398959046983,117.96401977539062,15015400
2022-04-20 00:00:00-04:00,119.22352482960204,120.11418376020698,118.16191374636419,118.37783813476562,13430200
2022-04-21 00:00:00-04:00,118.95363611910822,119.48443485637263,116.92039937946697,117.46018981933594,12174200
2022-04-22 00:00:00-04:00,117.2082619483367,117.42418631873424,113.978470459945,114.08642578125,14318800
2022-04-25 00:00:00-04:00,113.36671318273149,114.36534121775318,110.75768504496217,114.05045318603516,17149000
2022-04-26 00:00:00-04:00,112.13416311275483,113.72657284294047,110.54176024646341,110.67670440673828,17209500
2022-04-27 00:00:00-04:00,110.05594919150788,111.16253257473028,109.05732114485659,109.23725128173828,17215200
2022-04-28 00:00:00-04:00,110.48778619022181,111.24350787885761,108.98534824301431,110.96460723876953,13015600
2022-04-29 00:00:00-04:00,110.70371329607225,111.2075231915258,106.97010445653474,107.38394927978516,14874800
2022-05-02 00:00:00-04:00,107.85176979463733,108.59849292162242,106.35833040456204,108.36457824707031,18545000
2022-05-03 00:00:00-04:00,109.33619545539662,111.71130853174022,108.66144726634688,110.6856918334961,15720900
2022-05-04 00:00:00-04:00,110.47879802873133,114.6172531567878,110.42481349388046,114.34735107421875,17128500
2022-05-05 00:00:00-04:00,112.68295193850777,113.44766520962307,109.90299258655013,111.48639678955078,15055400
2022-05-06 00:00:00-04:00,111.3784552068824,111.81928883996807,109.02133201335472,111.30648040771484,14417900
2022-05-09 00:00:00-04:00,109.85802615810769,110.95561788152929,108.40956584951297,109.63311004638672,14312300
2022-05-10 00:00:00-04:00,110.75768250365861,111.36045599164639,105.76454244311635,106.96109771728516,16382400
2022-05-11 00:00:00-04:00,107.32996808715706,110.5597600613588,106.10642392643965,106.2863540649414,14630300
2022-05-12 00:00:00-04:00,105.26072886829334,106.44828553481575,103.79427844993359,106.19638061523438,16318800
2022-05-13 00:00:00-04:00,107.42893620314689,108.18465105304739,106.12441862096851,107.14103698730469,10443200
2022-05-16 00:00:00-04:00,106.64622256963487,107.47391219955917,105.46766436041887,106.39431762695312,10269000
2022-05-17 00:00:00-04:00,108.89538830205638,110.63174100418398,108.68846245378626,109.92100524902344,11160200
2022-05-18 00:00:00-04:00,109.12929516160023,109.73206866611008,107.5368853196626,108.04069519042969,12664900
2022-05-19 00:00:00-04:00,106.33135281598105,107.64486220387563,105.8275360125904,106.4393081665039,12765800
2022-05-20 00:00:00-04:00,107.47391868394206,107.6628474023523,103.47940616928206,105.5666275024414,13150100
2022-05-23 00:00:00-04:00,108.37357999351177,113.87053039147749,108.364581427024,112.09819030761719,24376700
2022-05-24 00:00:00-04:00,111.88227354594575,114.6982208536512,110.75769296339475,113.68160247802734,19324900
2022-05-25 00:00:00-04:00,113.60962768471744,115.03109918853824,112.61099957820115,114.47330474853516,12780400
2022-05-26 00:00:00-04:00,115.48992050790858,117.12731638851099,115.34598462970914,116.45256805419922,15990900
2022-05-27 00:00:00-04:00,117.10032518338836,118.09895324707031,116.18266362351555,118.09895324707031,11177800
2022-05-31 00:00:00-04:00,117.11830877128729,119.79031322349003,116.69547911924765,118.9626235961914,17015000
2022-06-01 00:00:00-04:00,119.53841107158583,119.53841107158583,115.75982312736578,116.87541198730469,10768000
2022-06-02 00:00:00-04:00,116.86642848479626,118.76472137947515,115.75984484751297,118.75572967529297,8374800
2022-06-03 00:00:00-04:00,118.04496156160818,118.54877138476405,116.94736999210943,117.10031127929688,8596000
2022-06-06 00:00:00-04:00,117.93699929590217,119.10656572570545,116.47055570362924,116.71345520019531,11323500
2022-06-07 00:00:00-04:00,115.90378963945355,117.24429480740186,115.71485403717936,117.01937866210938,6722200
2022-06-08 00:00:00-04:00,116.05669248104095,116.4615386627429,114.1673988599423,115.15702819824219,8422100
2022-06-09 00:00:00-04:00,114.59025947584705,115.24701752158325,112.70095870554323,112.73694610595703,13560100
2022-06-10 00:00:00-04:00,110.28985970425487,111.01859256347376,107.34796002425864,107.55488586425781,12945200
2022-06-13 00:00:00-04:00,105.13478418220184,106.11541510077954,103.5153854881623,104.3520736694336,16805600
2022-06-14 00:00:00-04:00,103.95621214040193,105.54861492408676,101.85999268354783,102.61570739746094,13357900
2022-06-15 00:00:00-04:00,104.01918991175354,105.21573822655722,101.81500823564306,103.83026123046875,14083500
2022-06-16 00:00:00-04:00,102.43578325147227,102.79565036358842,100.64545312015963,102.0489273071289,16724900
2022-06-17 00:00:00-04:00,102.14790244652868,103.12853340206972,100.9063679768972,101.68907165527344,30919900
2022-06-21 00:00:00-04:00,104.2441249147797,105.28773213380639,103.49740175516095,104.20813751220703,11680500
2022-06-22 00:00:00-04:00,103.353442359593,104.54099907647512,102.91260873163154,103.62334442138672,9842700
2022-06-23 00:00:00-04:00,103.47041447042326,103.62335578572859,100.29459993264686,102.48977661132812,11851500
2022-06-24 00:00:00-04:00,101.86900556781907,105.99846197193934,101.50913842608239,105.54862976074219,14841100
2022-06-27 00:00:00-04:00,106.21437064311846,106.61022515236665,104.03718457004187,104.70293426513672,11280500
2022-06-28 00:00:00-04:00,105.86349715993853,107.32095580556243,104.00119232247715,104.1991195678711,11590900
2022-06-29 00:00:00-04:00,104.36107799305506,105.0988025801743,103.21850714203806,103.73131561279297,9338400
2022-06-30 00:00:00-04:00,101.8150051751504,102.63370296666893,99.79975910479565,101.31119537353516,15172600
2022-07-01 00:00:00-04:00,101.34718853115355,102.93959138117171,100.00669059626647,102.60671997070312,10573600
2022-07-05 00:00:00-04:00,100.53734630362622,102.29813625751622,99.20314697860752,102.2164535522461,12514200
2022-07-06 00:00:00-04:00,101.40866278810402,102.55226212775857,100.55549544060081,101.55387878417969,10656200
2022-07-07 00:00:00-04:00,103.01515879940784,104.28583174661338,102.92439792988112,104.1224594116211,10347400
2022-07-08 00:00:00-04:00,104.52180845883026,104.96654153657856,103.11499084043402,103.79570770263672,8807800
2022-07-11 00:00:00-04:00,103.06053448780433,103.67771804588263,101.85339493787605,102.43427276611328,7939500
2022-07-12 00:00:00-04:00,102.18013881541624,104.53995584050604,101.88969990347611,102.53411102294922,11250900
2022-07-13 00:00:00-04:00,101.42682143863202,102.08938895660343,100.18337603417554,101.5720443725586,12979900
2022-07-14 00:00:00-04:00,98.01416097100527,98.23199537702668,96.26244910576173,98.02323913574219,26204800
2022-07-15 00:00:00-04:00,99.07607744194745,103.36004991253749,97.72371490368113,102.51596069335938,18863900
2022-07-18 00:00:00-04:00,104.16781499753962,105.13897064377102,101.00929306897409,101.46310424804688,13977900
2022-07-19 00:00:00-04:00,102.6793334034956,104.32213487677055,102.26182787440001,103.97723388671875,11862300
2022-07-20 00:00:00-04:00,103.55971983511242,104.14059764732086,102.99699834962846,103.95907592773438,11667500
2022-07-21 00:00:00-04:00,103.86834771101009,104.8576531655055,102.8971916643333,104.66705322265625,11595900
2022-07-22 00:00:00-04:00,104.59442265445784,105.51112338577579,103.16945550163008,104.15876770019531,7645500
2022-07-25 00:00:00-04:00,105.13898493452133,105.70171336591828,104.16782915628804,104.57626342773438,9394000
2022-07-26 00:00:00-04:00,103.99537304633526,104.9029954183411,102.58855559988255,102.9425277709961,10675100
2022-07-27 00:00:00-04:00,103.4780419729543,105.04822500210126,102.83363083632409,104.59441375732422,9337400
2022-07-28 00:00:00-04:00,104.60349583569682,105.26606332469507,103.04238398730452,104.20413970947266,10384800
2022-07-29 00:00:00-04:00,104.91208028855732,105.73802007821718,104.18598645136994,104.70333099365234,12944500
2022-08-01 00:00:00-04:00,103.92278015245829,104.47643045221751,102.62487965173575,103.6595687866211,14740400
2022-08-02 00:00:00-04:00,103.39635431452609,103.83201616462607,101.89877579335833,102.04399871826172,14942900
2022-08-03 00:00:00-04:00,102.96977493279545,103.55973097180934,101.39051364380984,103.11499786376953,14394500
2022-08-04 00:00:00-04:00,102.42520185397181,102.8517855540431,100.76425095035351,101.98046875,18033900
2022-08-05 00:00:00-04:00,102.13475961702619,105.45666131685763,101.69910469139563,105.0663833618164,14174600
2022-08-08 00:00:00-04:00,105.51113608057814,105.91956351491643,103.63235741832135,103.78665161132812,10332500
2022-08-09 00:00:00-04:00,104.14969681785206,105.27514694043491,103.80480271122812,104.72149658203125,10233800
2022-08-10 00:00:00-04:00,107.063152213065,108.3429032970684,106.64564668253766,107.45343017578125,12847300
2022-08-11 00:00:00-04:00,108.82395107943522,110.0038563041755,108.28845014486139,109.04177856445312,11684900
2022-08-12 00:00:00-04:00,109.52282553389622,110.95687100925592,108.40645353158548,110.84795379638672,9906700
2022-08-15 00:00:00-04:00,109.94938430786945,111.38342945732497,109.45926734826024,111.14744567871094,8456200
2022-08-16 00:00:00-04:00,110.99316257973668,112.76302378413506,110.61196277026787,112.2093734741211,9555000
2022-08-17 00:00:00-04:00,111.00223745622554,111.78279338084268,110.44858716261082,111.26544189453125,8149300
2022-08-18 00:00:00-04:00,110.9477780139152,111.15653424619167,109.41390062088134,110.40320587158203,9531800
2022-08-19 00:00:00-04:00,109.47743081896355,109.81324671950163,107.19929635562796,107.67125701904297,13464500
2022-08-22 00:00:00-04:00,105.96494545901596,106.33707407309234,104.83041713504363,105.892333984375,8967600
2022-08-23 00:00:00-04:00,105.91047248431808,106.4550446032187,104.72148229223701,104.84854888916016,7607000
2022-08-24 00:00:00-04:00,104.6398022216113,105.65634194716718,103.87739569629183,105.10269165039062,9771300
2022-08-25 00:00:00-04:00,105.42943089206129,107.77109163423097,104.99376905362855,107.59864807128906,10758900
2022-08-26 00:00:00-04:00,108.42458482179282,108.9056236468533,104.01353884448274,104.07707214355469,11276200
2022-08-29 00:00:00-04:00,103.46897239478419,104.24952835453824,102.97885537880298,103.82294464111328,8117300
2022-08-30 00:00:00-04:00,104.37658892922275,104.90301164833747,102.88808856280961,103.84109497070312,10745400
2022-08-31 00:00:00-04:00,103.90463200891637,104.40382025395047,102.86993593687029,103.22391510009766,10738300
2022-09-01 00:00:00-04:00,102.82455369187618,104.0407645161226,101.57203713673447,103.93185424804688,9979800
2022-09-02 00:00:00-04:00,105.16622513135546,106.6002634672433,102.73379647194963,103.20575714111328,10666600
2022-09-06 00:00:00-04:00,103.76848735316932,104.14968716060882,101.71725846017837,103.23298645019531,9751900
2022-09-07 00:00:00-04:00,102.67933268210457,105.38405082502955,102.34351678313175,105.19345092773438,10647900
2022-09-08 00:00:00-04:00,104.63072127029264,107.81647820178921,104.04076525711028,107.64402770996094,11435000
2022-09-09 00:00:00-04:00,108.13414938473096,108.96008922393946,107.70756568092969,108.161376953125,9299700
2022-09-12 00:00:00-04:00,109.47743732569589,110.32152659616844,108.72410892766551,109.44113159179688,8614600
2022-09-13 00:00:00-04:00,107.16300516958653,107.93448303112473,105.08454848640443,105.63819885253906,12904600
2022-09-14 00:00:00-04:00,105.91953556244229,106.95422458601256,104.26766300510995,105.39311981201172,9345700
2022-09-15 00:00:00-04:00,105.39313631756322,108.35198093801411,105.06639163530558,106.98147583007812,10821400
2022-09-16 00:00:00-04:00,106.54580319895298,106.55488136271414,104.71240882197272,106.26444244384766,14844100
2022-09-19 00:00:00-04:00,105.28422179790783,107.7620345473943,104.83948866196289,107.24468994140625,8201300
2022-09-20 00:00:00-04:00,106.56397397471923,106.81810719760725,104.04985546698215,105.12992858886719,9619000
2022-09-21 00:00:00-04:00,105.77433138429497,105.82878652068666,102.03492403576533,102.09845733642578,12606300
2022-09-22 00:00:00-04:00,102.90623810631774,103.10591616726137,100.80963231563014,100.93669891357422,11684500
2022-09-23 00:00:00-04:00,99.88385449632825,100.14705891608078,97.26082614080553,99.05791473388672,18138600
2022-09-26 00:00:00-04:00,98.02322539420264,99.48449810451093,96.26243561106126,96.92500305175781,15753600
2022-09-27 00:00:00-04:00,97.79633024676208,98.17753005774317,94.98270171275183,96.07184600830078,12793600
2022-09-28 00:00:00-04:00,96.16260178285361,98.68579816730814,95.88124102174599,98.01415252685547,12762600
2022-09-29 00:00:00-04:00,97.07023383552365,97.36975095399661,94.75580037136835,96.35321807861328,12713900
2022-09-30 00:00:00-04:00,96.26243885307524,97.67833464296756,94.75578912392284,94.84654998779297,15973400
2022-10-03 00:00:00-04:00,95.86308383758465,98.34996736436851,94.81023849180761,97.77816772460938,12248100
2022-10-04 00:00:00-04:00,100.39213135049404,102.5522705382755,99.71141443432558,102.35259246826172,16013600
2022-10-05 00:00:00-04:00,100.50280740848147,101.60169635772931,99.66032541495376,101.08888244628906,10943500
2022-10-06 00:00:00-04:00,100.23723052388458,100.90572600519454,98.84530420211476,99.02845001220703,11521400
2022-10-07 00:00:00-04:00,98.46068361891038,98.63467702343239,96.40026188286828,97.05044555664062,11681100
2022-10-10 00:00:00-04:00,97.73724227236144,98.26836784175403,95.71344432592626,96.14384460449219,8931700
2022-10-11 00:00:00-04:00,95.57609987779172,95.73177451175344,93.26842359438685,93.36915588378906,12739700
2022-10-12 00:00:00-04:00,93.22264195688732,95.90576927707119,92.74645167540932,94.88013458251953,13181000
2022-10-13 00:00:00-04:00,93.38747537838252,100.64015835202872,93.18601079802045,100.15481567382812,22398700
2022-10-14 00:00:00-04:00,102.52659124378432,105.53022733591538,101.39107181576125,101.82147216796875,33387100
2022-10-17 00:00:00-04:00,105.68589515970226,107.1510824539226,104.68773173058194,106.09797668457031,22276300
2022-10-18 00:00:00-04:00,109.57778960158558,110.01734224434209,107.1052797864678,108.82687377929688,21539700
2022-10-19 00:00:00-04:00,108.048533266176,108.81776115198139,105.92400941888211,106.6932373046875,17072000
2022-10-20 00:00:00-04:00,107.28844354669732,108.70784087660407,105.90566978530704,106.34522247314453,12207400
2022-10-21 00:00:00-04:00,106.64743318152028,112.07778966687378,106.52838910195081,111.9312744140625,20593300
2022-10-24 00:00:00-04:00,111.7847483080427,112.7279624850652,111.10710044077992,112.0686264038086,12624200
2022-10-25 00:00:00-04:00,111.58327608557636,112.88362938644316,110.70416369964258,112.36165618896484,11289100
2022-10-26 00:00:00-04:00,112.63637971430619,114.65101135359498,112.52648804820234,113.6528549194336,11667000
2022-10-27 00:00:00-04:00,114.6510221680063,115.56676517888995,113.74443854346963,114.10157775878906,10727600
2022-10-28 00:00:00-04:00,114.73342569339101,115.64000918376867,113.59790648417108,115.45686340332031,11859500
2022-10-31 00:00:00-04:00,115.10888577748291,116.69312415172827,115.00815349427032,115.27371978759766,13295200
2022-11-01 00:00:00-04:00,116.18031980392584,117.47151383290596,115.68581773328512,117.35246276855469,13386900
2022-11-02 00:00:00-04:00,116.89459424650867,119.37625691475094,115.96969186898045,116.27188873291016,16546100
2022-11-03 00:00:00-04:00,115.66750267032388,117.37993770627928,115.30121103875088,116.48251342773438,12474400
2022-11-04 00:00:00-04:00,118.57955864183005,119.80665083109656,117.6363445290073,119.66928100585938,14953200
2022-11-07 00:00:00-05:00,119.96231943126773,121.1436216194758,119.4861292126526,120.30113983154297,12011200
2022-11-08 00:00:00-05:00,120.18212956921158,120.93303164577641,119.17480656916398,120.37442779541016,9884100
2022-11-09 00:00:00-05:00,120.25536237365235,120.35608067680693,118.33229672576779,118.80848693847656,9494000
2022-11-10 00:00:00-05:00,121.4549801480463,123.85422197290447,121.36340027267869,123.69854736328125,16351600
2022-11-11 00:00:00-05:00,123.79928450705177,124.69670863382392,122.50808366846077,123.90001678466797,10704700
2022-11-14 00:00:00-05:00,123.44215454020792,124.2937887909948,122.62714385986328,122.62714385986328,11085600
2022-11-15 00:00:00-05:00,123.33224475737065,124.2754727820005,120.51176897449375,121.73886108398438,14038300
2022-11-16 00:00:00-05:00,121.79381709534634,122.3066309316261,120.9055452813871,121.90370178222656,7893400
2022-11-17 00:00:00-05:00,120.87807876938678,121.69308949913398,120.21874267643067,121.37257385253906,8820200
2022-11-18 00:00:00-05:00,123.23153647713227,123.32310238898967,121.13447727985825,122.56303405761719,9468500
2022-11-21 00:00:00-05:00,122.47147213562357,123.2223741190831,121.56488154799005,121.83960723876953,7800500
2022-11-22 00:00:00-05:00,122.70955214480122,123.87254957387336,122.42567407330107,123.66191864013672,9185700
2022-11-23 00:00:00-05:00,123.57034531697187,124.99890196082377,123.49708421047596,124.98058319091797,7316200
2022-11-25 00:00:00-05:00,124.98059448333143,125.58498818668618,124.59598411932258,125.21869659423828,3220500
2022-11-28 00:00:00-05:00,124.60513093703442,125.19120577685382,122.88352998182215,123.0300521850586,9906900
2022-11-29 00:00:00-05:00,123.31394986800805,125.12711700928688,123.0850141288976,125.0538558959961,7925300
2022-11-30 00:00:00-05:00,124.62345411287608,126.537353515625,121.96780515989336,126.537353515625,14761200
2022-12-01 00:00:00-05:00,126.53734024273736,126.97690687116938,124.01904740649437,124.76081085205078,8858500
2022-12-02 00:00:00-05:00,123.15828156222832,123.94582110410714,122.1051687244011,123.7718276977539,8931900
2022-12-05 00:00:00-05:00,122.92933144600063,123.23152827859518,119.59602786195005,120.30113983154297,10154500
2022-12-06 00:00:00-05:00,122.15097252894866,123.72605179142124,118.92755287864071,120.50263214111328,13966700
2022-12-07 00:00:00-05:00,120.24620313901356,121.8670720542558,119.34877897086182,120.42019653320312,11739400
2022-12-08 00:00:00-05:00,121.18029081233001,121.77551826122537,120.35611360640029,121.68395233154297,8907300
2022-12-09 00:00:00-05:00,121.06121310776614,122.4897698494312,120.87806731555004,121.02458953857422,7957800
2022-12-12 00:00:00-05:00,121.24434915364465,123.3047705899854,120.51176604366965,122.90185546875,8841600
2022-12-13 00:00:00-05:00,125.35605721894315,125.53920302213729,121.86707866617365,122.78282165527344,10025400
2022-12-14 00:00:00-05:00,122.50810910616701,124.2755005307564,121.57404724460615,122.1692886352539,9966100
2022-12-15 00:00:00-05:00,120.09967960294495,120.95132779332344,118.17662783505968,119.1381607055664,12087800
2022-12-16 00:00:00-05:00,118.26818937580855,118.9549965474988,117.6088533731357,118.39639282226562,21133700
2022-12-19 00:00:00-05:00,118.72606639466815,120.2645217974707,118.21325258477675,119.10152435302734,9017200
2022-12-20 00:00:00-05:00,119.93485080728036,120.9238548331783,119.22972484959675,119.6784439086914,8549900
2022-12-21 00:00:00-05:00,121.04289433660604,121.77549147859867,120.66745035315796,121.02458953857422,8051700
2022-12-22 00:00:00-05:00,120.05390722506925,120.23705302180252,117.59055643559027,119.6509780883789,8648200
2022-12-23 00:00:00-05:00,119.57774781831763,120.3652875232203,118.71694698119934,120.21876525878906,5091900
2022-12-27 00:00:00-05:00,120.48430950243451,121.07953684483128,119.5502477587565,120.63998413085938,5411000
2022-12-28 00:00:00-05:00,120.74071265196457,122.16926940767725,119.97147796008755,121.29931640625,8827700
2022-12-29 00:00:00-05:00,121.729696510485,122.04105971483582,121.1619403861219,121.99526977539062,6585200
2022-12-30 00:00:00-05:00,121.61983111238689,123.01176444801733,121.28101065841543,122.8011474609375,9292500
2023-01-03 00:00:00-05:00,123.8450976445849,125.21871224767116,122.60883891255513,123.73519897460938,11054800
2023-01-04 00:00:00-05:00,124.5319292958071,126.07952364712202,124.14731880851585,124.88906860351562,11687600
2023-01-05 00:00:00-05:00,125.14730304288749,125.19343120817186,123.33918312865411,124.861328125,8381300
2023-01-06 00:00:00-05:00,125.58093526621076,127.65657688976182,124.06802371254292,127.25067138671875,10029100
2023-01-09 00:00:00-05:00,127.85950941163367,128.1178103133668,126.27279582879109,126.72481536865234,8482300
2023-01-10 00:00:00-05:00,127.11225445205662,127.97019342427247,126.66945495987473,127.8594970703125,9048700
2023-01-11 00:00:00-05:00,128.13625195241275,128.92038874886458,127.3982574102741,128.8096923828125,8703700
2023-01-12 00:00:00-05:00,129.15103093905597,129.94438783502113,128.43147632136026,128.68055725097656,11001700
2023-01-13 00:00:00-05:00,125.09201091461853,132.37059384486403,124.35400216846979,131.9277801513672,20200000
2023-01-17 00:00:00-05:00,130.23033070426126,130.57165384016318,128.44066460814747,129.88900756835938,14292900
2023-01-18 00:00:00-05:00,128.15468438224798,129.82441997763814,125.83919663343917,125.98680114746094,13392600
2023-01-19 00:00:00-05:00,124.83369725699328,125.36873911522979,123.23774945896278,124.307861328125,13303400
2023-01-20 00:00:00-05:00,124.68606116720045,124.99049019485153,123.20082419514935,124.61225891113281,13092500
2023-01-23 00:00:00-05:00,124.64916190684953,127.26909291724391,124.37242102224981,126.63256072998047,10487100
2023-01-24 00:00:00-05:00,125.84845674989687,129.4185558531422,124.538497942185,127.72114562988281,6945000
2023-01-25 00:00:00-05:00,127.35214259398586,128.33921813964844,126.61413389807234,128.33921813964844,8967000
2023-01-26 00:00:00-05:00,128.6159513240574,129.2063553652818,127.63809595043652,129.13255310058594,7487600
2023-01-27 00:00:00-05:00,129.71371836376986,130.31334232266866,128.9203617285406,129.44619750976562,7489900
2023-01-30 00:00:00-05:00,128.44069199449729,129.23404886369812,128.14549696772326,128.34844970703125,6729300
2023-01-31 00:00:00-05:00,129.0403182144774,129.21559684362194,127.53662689744111,129.11412048339844,9188700
2023-02-01 00:00:00-05:00,127.49973096149544,129.962823586279,127.4166946124427,128.7727813720703,8841800
2023-02-02 00:00:00-05:00,129.1509813990818,129.5753408172683,127.30596737909491,128.17312622070312,11822100
2023-02-03 00:00:00-05:00,127.47204053619367,131.30045393398444,127.42592643640081,130.1565399169922,11501200
2023-02-06 00:00:00-05:00,129.36317138557496,131.21741973271486,129.17867277414865,130.92221069335938,8406200
2023-02-07 00:00:00-05:00,130.42406166418485,133.15467486781688,130.23954897835594,132.5181427001953,10447900
2023-02-08 00:00:00-05:00,131.5956457857201,132.8779302241988,131.25432262787135,131.58642578125,6958000
2023-02-09 00:00:00-05:00,132.02921863498875,132.232171333837,129.03107040131695,129.5384521484375,6443100
2023-02-10 00:00:00-05:00,128.9480585636298,130.33181939876073,127.8502727155443,130.11041259765625,6582900
2023-02-13 00:00:00-05:00,130.35024744606255,131.66942575539255,129.83364575635736,131.52183532714844,7134600
2023-02-14 00:00:00-05:00,131.45727512332502,132.66575729505092,130.62702427939897,132.10302734375,9249400
2023-02-15 00:00:00-05:00,130.63624687025177,132.73956218775996,130.35027188671188,132.6565399169922,6728300
2023-02-16 00:00:00-05:00,131.83550073283425,132.27830022529912,130.70080679865134,130.82997131347656,8165300
2023-02-17 00:00:00-05:00,130.05505446393278,131.76169832719637,129.21558365288175,131.21742248535156,7948800
2023-02-21 00:00:00-05:00,129.78754781985546,130.387171904429,127.99788149484765,128.8096923828125,9996300
2023-02-22 00:00:00-05:00,128.15469683962553,128.62517043791877,126.78939014306161,127.82259368896484,11107500
2023-02-23 00:00:00-05:00,127.97941389653887,129.30782645428664,127.25063943639948,128.84657287597656,8068000
2023-02-24 00:00:00-05:00,128.3299857535932,130.40562709266814,128.16392712676847,130.00894165039062,9126900
2023-02-27 00:00:00-05:00,131.09748755132986,132.20449328145548,130.7377103371305,131.14361572265625,10014700
2023-02-28 00:00:00-05:00,131.86320841159264,132.6196571507336,130.90379284445575,132.24143981933594,11019800
2023-03-01 00:00:00-05:00,131.08826207923448,132.3428722747317,130.81150713916256,131.50338745117188,7139200
2023-03-02 00:00:00-05:00,131.21745450158852,131.39271907926147,128.7266733201516,130.13812255859375,11106800
2023-03-03 00:00:00-05:00,130.54397554325527,132.6011765252421,130.1473042441955,132.52737426757812,9513100
2023-03-06 00:00:00-05:00,132.3244371513992,132.87793303450798,131.60488264991764,131.7524871826172,9261300
2023-03-07 00:00:00-05:00,131.00528290501796,131.2820379658458,127.13075428246952,127.87798309326172,11747600
2023-03-08 00:00:00-05:00,127.30599673718818,127.85027262027845,126.28201315690055,127.12149810791016,10002500
2023-03-09 00:00:00-05:00,126.16207244585634,126.70636236099287,119.2063747461258,120.23957824707031,25888100
2023-03-10 00:00:00-05:00,118.96653619295384,124.77832036454066,117.91487149668787,123.29308319091797,37599700
2023-03-13 00:00:00-04:00,121.04217695019429,123.50526950628984,119.38166116059536,121.07907104492188,42901100
2023-03-14 00:00:00-04:00,124.79676243723604,125.02738921791932,121.11595395004771,124.18790435791016,29648100
2023-03-15 00:00:00-04:00,120.82999101320628,120.83922509421075,116.90934238977314,118.32077026367188,34280600
2023-03-16 00:00:00-04:00,118.09015332283113,121.7248343037224,116.25436578335037,120.61782836914062,24558500
2023-03-17 00:00:00-04:00,118.43148110430431,118.52372338026191,115.72852763693783,116.06063079833984,38396000
2023-03-20 00:00:00-04:00,117.14918202793817,119.43700287665557,116.2451289544415,117.28755950927734,22875500
2023-03-21 00:00:00-04:00,120.47021318660936,121.52187084305194,120.10121593311274,120.43331909179688,17807800
2023-03-22 00:00:00-04:00,120.44255027515833,120.53480663526662,117.23222882747788,117.32447814941406,17250200
2023-03-23 00:00:00-04:00,117.98868097137063,119.49236528429715,116.2543628032985,117.01081848144531,16677600
2023-03-24 00:00:00-04:00,115.89458413950018,115.9407123176095,113.56986894913054,115.23038482666016,22311100
2023-03-27 00:00:00-04:00,116.96469247134272,119.35398985556544,116.5034388565988,118.532958984375,18853900
2023-03-28 00:00:00-04:00,118.73592141899253,119.31709144922273,117.84108116887145,118.89274597167969,10820500
2023-03-29 00:00:00-04:00,120.0181967562647,120.12889311989855,117.86874617402837,119.13258361816406,14595300
2023-03-30 00:00:00-04:00,119.87980240554847,120.03662693329807,117.75804016436587,118.77279663085938,12134700
2023-03-31 00:00:00-04:00,119.61228999766035,120.23958815310226,118.86506139871327,120.2119140625,13105200
2023-04-03 00:00:00-04:00,119.84291293541644,121.25434781594711,119.38165933847588,120.07353973388672,11775400
2023-04-04 00:00:00-04:00,120.38719287706124,120.47021514899892,117.53664892978881,118.46837615966797,11579900
2023-04-05 00:00:00-04:00,117.89193428485298,119.14708434890063,117.57581658451342,118.64502716064453,9614700
2023-04-06 00:00:00-04:00,118.0778797956493,119.08200834987258,117.94771577122117,118.51486206054688,8760200
2023-04-10 00:00:00-04:00,117.65019263184118,119.22146032380778,117.35267385939126,118.90534973144531,9477300
2023-04-11 00:00:00-04:00,119.28654339146377,119.88158090625643,118.57993368261997,119.4910888671875,10516300
2023-04-12 00:00:00-04:00,120.10471721761407,121.26690103116188,119.06340506045575,119.47249603271484,11821000
2023-04-13 00:00:00-04:00,119.43532808978173,119.97456896574172,117.91983565795982,119.92809295654297,12450200
2023-04-14 00:00:00-04:00,125.65529925963929,129.34639592243803,125.42286251355279,128.98379516601562,43931300
2023-04-17 00:00:00-04:00,130.11809586712968,130.22036860936103,127.98898138025827,130.00653076171875,16050500
2023-04-18 00:00:00-04:00,130.41562773954573,131.81954073230335,129.26273624552854,131.4662322998047,13760100
2023-04-19 00:00:00-04:00,131.3081357444774,131.55917135116457,130.5364442030392,131.29884338378906,9158100
2023-04-20 00:00:00-04:00,130.08089700791183,131.4941021338163,130.0158079128283,130.91766357421875,10586200
2023-04-21 00:00:00-04:00,129.922854961478,131.19660385164096,129.0302915712904,130.66664123535156,11842500
2023-04-24 00:00:00-04:00,130.5923012181402,131.18733887353952,130.20179489998168,130.84332275390625,7567500
2023-04-25 00:00:00-04:00,129.79270269205225,130.1274122203145,127.96109974389691,127.99828338623047,10629300
2023-04-26 00:00:00-04:00,127.95179321485382,128.128447436302,124.58611320390236,125.72969818115234,14416100
2023-04-27 00:00:00-04:00,126.4455996069345,128.22141988860258,126.12948901275256,127.42183685302734,9041100
2023-04-28 00:00:00-04:00,126.96624644240126,128.60261022124138,126.13877219035167,128.52822875976562,9887300
2023-05-01 00:00:00-04:00,132.26580298667045,133.29782272315924,130.93627158760816,131.2802734375,20415800
2023-05-02 00:00:00-04:00,131.4661991276203,132.40525252719615,128.7048498437153,129.16043090820312,14113400
2023-05-03 00:00:00-04:00,128.71417820828944,128.92801604807235,126.22244884678562,126.42699432373047,12930900
2023-05-04 00:00:00-04:00,125.47866061081707,126.18526321933304,122.54994906626652,124.69766235351562,17089200
2023-05-05 00:00:00-04:00,126.85470186625903,128.19354001579455,126.3619370177238,127.13362884521484,11261400
2023-05-08 00:00:00-04:00,127.83092938271956,128.27720400268896,126.89187576524127,127.44043731689453,7484900
2023-05-09 00:00:00-04:00,126.38052389549456,127.3288699653478,125.7111189961569,126.82681274414062,7343600
2023-05-10 00:00:00-04:00,128.2585747031262,128.3608474237661,125.39495271201946,126.891845703125,8133400
2023-05-11 00:00:00-04:00,125.51583594216936,127.19867562083736,125.42285557415393,126.49207305908203,7057300
2023-05-12 00:00:00-04:00,127.20802123508703,127.36607655980191,123.77725172919445,124.67910766601562,9988600
2023-05-15 00:00:00-04:00,124.83714889684532,126.13878918096603,124.54892956156252,125.72969818115234,7639500
2023-05-16 00:00:00-04:00,125.94352451184714,126.38979906286345,124.5489041264605,124.88361358642578,6477200
2023-05-17 00:00:00-04:00,126.35262233626756,128.85364424817092,125.94354553851306,128.72348022460938,12711500
2023-05-18 00:00:00-04:00,128.5561373131233,129.9135601537646,128.0819572058346,129.69972229003906,10999600
2023-05-19 00:00:00-04:00,129.969306794322,130.6201409431526,128.42593779490767,129.40216064453125,13492200
2023-05-22 00:00:00-04:00,131.0943114331809,131.68934887505054,127.98896022676165,128.3329620361328,11402500
2023-05-23 00:00:00-04:00,127.877420494051,129.2627488951612,126.87330602719749,126.9941635131836,9514900
2023-05-24 00:00:00-04:00,125.88773750589009,126.77100850099497,125.59022584449683,125.83195495605469,8578000
2023-05-25 00:00:00-04:00,125.34851738110962,126.69664790918623,125.12537295819699,126.1387939453125,8472500
2023-05-26 00:00:00-04:00,126.5478654730383,127.9331936183434,126.10159088275205,127.3195571899414,8579900
2023-05-30 00:00:00-04:00,127.18940307462563,128.04476868374502,126.46420148891974,127.80303955078125,7399900
2023-05-31 00:00:00-04:00,127.1243037131586,127.2265764509332,124.9579914943427,126.17597198486328,14219900
2023-06-01 00:00:00-04:00,126.92907455812555,128.51893411059226,125.93423837893494,127.91460418701172,12248100
2023-06-02 00:00:00-04:00,129.7555196432597,131.54063260172768,129.55097412008783,130.60159301757812,12922500
2023-06-05 00:00:00-04:00,130.26685791287542,130.26685791287542,128.42596275204582,129.31851196289062,8511900
2023-06-06 00:00:00-04:00,128.9373278322047,130.25758126837246,128.50035972398217,129.55096435546875,9329500
2023-06-07 00:00:00-04:00,129.74619556403198,131.3453615251316,129.07677659488266,130.8061065673828,9281400
2023-06-08 00:00:00-04:00,130.78754019040267,130.99208571446027,129.68113872485935,130.84332275390625,7368100
2023-06-09 00:00:00-04:00,130.48998499674371,131.8381151840833,130.3598209963139,131.10360717773438,7249100
2023-06-12 00:00:00-04:00,131.15943420142702,131.3918709835064,129.94145354640617,131.09434509277344,7596600
2023-06-13 00:00:00-04:00,130.61087553751943,132.83297065646826,130.29476491165087,132.04269409179688,7701600
2023-06-14 00:00:00-04:00,132.95382439764776,133.5209706496138,130.81540340563754,131.54991149902344,9068700
2023-06-15 00:00:00-04:00,130.71313840646567,133.32572542805949,130.1924823122168,133.03750610351562,9343100
2023-06-16 00:00:00-04:00,133.00030246924925,133.8556679507628,132.48893881540624,133.19554138183594,13813500
2023-06-20 00:00:00-04:00,132.5912271694313,132.9538279509158,131.1315174934463,132.516845703125,8428600
2023-06-21 00:00:00-04:00,132.8608503119899,133.90217667494477,131.7358643045841,132.3216094970703,9926500
2023-06-22 00:00:00-04:00,132.312314633662,132.58194925175235,129.18836364249506,129.77410888671875,10075200
2023-06-23 00:00:00-04:00,128.80714918996347,129.4021867304495,127.95178361219067,129.0953826904297,9919500
2023-06-26 00:00:00-04:00,129.11397314658396,130.1738842559491,128.01687839601942,129.4114990234375,8429700
2023-06-27 00:00:00-04:00,129.23482980914127,130.01581386502326,128.8071399575032,129.4207763671875,8154000
2023-06-28 00:00:00-04:00,129.38358499140992,129.43007517484398,128.2678915230531,128.85362243652344,7558600
2023-06-29 00:00:00-04:00,130.2296708354378,133.47447882912567,130.02512535776643,133.35360717773438,15423200
2023-06-30 00:00:00-04:00,134.44144316929692,135.74308350074216,133.56747858097697,135.22242736816406,14212800
2023-07-03 00:00:00-04:00,135.9197343507007,137.11910189866717,135.74308012722005,136.3102264404297,8021600
2023-07-05 00:00:00-04:00,135.68300316098157,136.14169879641477,135.14004477164264,135.40216064453125,8934900
2023-07-06 00:00:00-04:00,133.8856244268661,134.2319887522731,132.40653391206402,134.06349182128906,9709500
2023-07-07 00:00:00-04:00,134.71879262942724,136.52552097664736,133.866908872023,135.12132263183594,8981500
2023-07-10 00:00:00-04:00,135.27112782587213,136.66597020322195,135.27112782587213,135.87960815429688,9100100
2023-07-11 00:00:00-04:00,136.99358365726889,138.37906960740568,136.4038300805188,138.00460815429688,11260900
2023-07-12 00:00:00-04:00,138.03269855763006,140.29813690742736,137.61144189846328,138.68798828125,11323200
2023-07-13 00:00:00-04:00,139.20285874786703,139.83006562336877,138.31353599258082,139.36199951171875,11234900
2023-07-14 00:00:00-04:00,141.870843043834,143.12525681027427,138.93138839786866,140.20452880859375,27028400
2023-07-17 00:00:00-04:00,140.74748954065532,143.93033347784979,140.74748954065532,143.58396911621094,17262400
2023-07-18 00:00:00-04:00,143.5839991701067,144.53884398057906,143.05976728571068,143.8461151123047,13491700
2023-07-19 00:00:00-04:00,142.99419342486166,145.2970849199136,142.49804450203536,144.3983917236328,12510000
2023-07-20 00:00:00-04:00,144.6605331289025,146.58896351409925,144.5482018161326,146.17706298828125,9935900
2023-07-21 00:00:00-04:00,145.84941384000646,146.1676953908266,144.8103064253035,145.05369567871094,10636400
2023-07-24 00:00:00-04:00,145.07241030562304,148.64842793429298,144.84773343199822,147.9088897705078,14381400
2023-07-25 00:00:00-04:00,147.25361502130073,147.64678887686114,145.99920115581102,146.8042755126953,9944700
2023-07-26 00:00:00-04:00,146.70129192030421,148.14292930748638,146.29874762297274,147.68421936035156,8728600
2023-07-27 00:00:00-04:00,147.69359033815113,148.63907877636402,145.61537558273733,146.05535888671875,10778400
2023-07-28 00:00:00-04:00,147.234883659289,147.53445284492707,146.4485359733566,146.88851928710938,9103800
2023-07-31 00:00:00-04:00,147.14126364731788,149.20076607298495,147.11318082189925,147.8714599609375,8892700
2023-08-01 00:00:00-04:00,147.37529894065986,147.90890120016138,146.17705075722094,147.14126586914062,6853900
2023-08-02 00:00:00-04:00,145.6247296556844,145.74643141841656,144.1081999906907,145.47494506835938,8299400
2023-08-03 00:00:00-04:00,145.10048890583116,146.89786098978126,144.4920086983106,146.36427307128906,6084000
2023-08-04 00:00:00-04:00,146.4110794314577,147.7216731631504,145.75578970773367,146.05535888671875,6209400
2023-08-07 00:00:00-04:00,146.5983070977639,147.6280439392386,146.5983070977639,146.74807739257812,7251800
2023-08-08 00:00:00-04:00,144.46393710846394,146.01790580284208,142.84441801525406,145.92430114746094,8623400
2023-08-09 00:00:00-04:00,145.40008434199916,145.58730795628765,143.6682337702767,143.96778869628906,6277800
2023-08-10 00:00:00-04:00,144.5201072567677,145.51240519701045,143.31248860553254,143.75247192382812,5995100
2023-08-11 00:00:00-04:00,143.25631104053193,144.65115317660656,142.88186387000218,144.5856170654297,5180700
2023-08-14 00:00:00-04:00,143.7993063176836,145.02563754257224,143.15337264124665,144.88522338867188,5044300
2023-08-15 00:00:00-04:00,143.0878141862051,143.48098800077395,140.63513807973655,141.1968231201172,10300300
2023-08-16 00:00:00-04:00,140.9815196692057,141.3185278436564,140.12026544675294,140.5977020263672,6978200
2023-08-17 00:00:00-04:00,141.2436264856294,141.59934699720856,138.92200841764713,139.1373291015625,9953900
2023-08-18 00:00:00-04:00,138.21992597052116,139.95177640901298,138.0233461901272,139.45562744140625,8517500
2023-08-21 00:00:00-04:00,140.09220047778916,140.5134714627281,138.56631446042414,139.9330596923828,8327000
2023-08-22 00:00:00-04:00,139.7271029659488,140.0828378134794,136.53490265589448,137.0310516357422,9673300
2023-08-23 00:00:00-04:00,137.00296480788273,138.16375969245578,136.16980765056223,137.9578094482422,7858000
2023-08-24 00:00:00-04:00,138.0795114244007,139.86752750903037,137.60208910349877,137.82675170898438,6534000
2023-08-25 00:00:00-04:00,137.87357059987212,139.12798451368934,136.53490820324166,137.65826416015625,6695500
2023-08-28 00:00:00-04:00,138.14505161734553,139.11862293308627,137.73315111613948,138.13568115234375,5094100
2023-08-29 00:00:00-04:00,138.27612088497915,139.34331123259852,137.7799575793808,139.25904846191406,6337000
2023-08-30 00:00:00-04:00,139.12800062460886,139.62414968206855,137.78933807296227,138.6973876953125,6277300
2023-08-31 00:00:00-04:00,138.79095064722685,138.87521339871287,136.637858079505,136.98422241210938,10933900
2023-09-01 00:00:00-04:00,136.75953017686766,138.62243813166728,136.39443924227538,137.4429168701172,7903500
2023-09-05 00:00:00-04:00,137.76121698537963,138.74415864513009,135.74852419936798,135.9263916015625,7854700
2023-09-06 00:00:00-04:00,135.45833292470454,136.24468058187983,134.9060183286584,135.7017364501953,8629200
2023-09-07 00:00:00-04:00,134.92474171145767,135.9919318730385,134.2319987249338,134.54092407226562,8373700
2023-09-08 00:00:00-04:00,134.2132633018919,134.9153624223818,133.53924700348213,134.64389038085938,7107900
2023-09-11 00:00:00-04:00,135.50512987768147,135.785972381945,134.51283207562778,135.23365783691406,6854200
2023-09-12 00:00:00-04:00,135.2711113808214,137.9110112067669,134.84985472125945,136.99359130859375,8363200
2023-09-13 00:00:00-04:00,137.92970859849189,138.26671674641662,136.5067980043591,137.05911254882812,8325900
2023-09-14 00:00:00-04:00,138.39777786104037,140.32620786354758,138.09822299168405,139.7177276611328,10034900
2023-09-15 00:00:00-04:00,139.40882229373597,140.16708718154675,138.83778101161687,139.30584716796875,19863400
2023-09-18 00:00:00-04:00,138.6973750034845,139.61478072408826,138.31355730457247,139.59605407714844,6512400
2023-09-19 00:00:00-04:00,139.95179997983664,140.1577502596705,137.80806297424448,139.41819763183594,7943400
2023-09-20 00:00:00-04:00,140.09218487834835,140.65386993955852,138.67863032943688,138.8284149169922,7332000
2023-09-21 00:00:00-04:00,138.15440843768323,139.3433004745327,137.2650855973688,137.7425079345703,8052400
2023-09-22 00:00:00-04:00,137.88291038548203,138.08886061958907,135.91704126570235,136.42254638671875,7071700
2023-09-25 00:00:00-04:00,136.06682076935587,137.1620937275213,134.5221940712428,137.0965576171875,7044700
2023-09-26 00:00:00-04:00,135.36474916009422,136.5255441805106,135.01837046288418,135.6736602783203,7468400
2023-09-27 00:00:00-04:00,135.91706094085959,136.75957435926273,135.2804835021302,136.46937561035156,6717800
2023-09-28 00:00:00-04:00,136.9374414680217,139.3620208697306,136.68468172940547,138.1637725830078,8868100
2023-09-29 00:00:00-04:00,139.10924361496248,139.25901390338058,135.60810422128415,135.7578887939453,11917800
2023-10-02 00:00:00-04:00,135.58003593998507,136.31957413491773,133.52054783987114,134.58773803710938,9170600
2023-10-03 00:00:00-04:00,134.0541240888714,134.41921506435102,133.25842031372002,133.59542846679688,9431100
2023-10-04 00:00:00-04:00,134.04476498816743,134.30688084770995,132.86522933598312,134.19454956054688,8128700
2023-10-05 00:00:00-04:00,133.94934604024704,134.94898016017183,132.80827611780975,134.76036071777344,8576200
2023-10-06 00:00:00-04:00,134.7698235091785,137.57065291285397,134.04367882202118,136.8350830078125,10270600
2023-10-09 00:00:00-04:00,135.47712036142732,137.11800063708546,135.32623051848367,136.52389526367188,6964900
2023-10-10 00:00:00-04:00,137.13683414188532,138.40994351775856,137.00480915687686,137.35372924804688,11288800
2023-10-11 00:00:00-04:00,138.1647818324973,138.84377176702316,136.75966147632005,137.82528686523438,8698200
2023-10-12 00:00:00-04:00,137.96671807007812,138.58912775754237,136.86336329119763,137.50462341308594,10484400
2023-10-13 00:00:00-04:00,140.04142044685983,144.3888348154425,139.41901068024754,139.5699005126953,29427000
2023-10-16 00:00:00-04:00,140.9373067071493,141.0033264055544,138.36281187263532,139.42845153808594,12663500
2023-10-17 00:00:00-04:00,139.16440812185908,140.80528837588392,138.4288237446185,139.12667846679688,11482700
2023-10-18 00:00:00-04:00,138.2401674729457,139.0794721168467,137.08965804337691,137.59890747070312,9620300
2023-10-19 00:00:00-04:00,137.1934315805182,138.64572098900047,136.62761631159904,137.01425170898438,11143600
2023-10-20 00:00:00-04:00,136.3352597722285,136.87278493216152,134.02480093728053,134.80752563476562,13332900
2023-10-23 00:00:00-04:00,134.7981121972243,135.49595244442185,132.71398789413,132.96861267089844,10133400
2023-10-24 00:00:00-04:00,133.14777107218316,133.6570061539827,132.36504643247912,133.12890625,8881400
2023-10-25 00:00:00-04:00,132.5631156887243,133.13835617043748,131.5634813825373,132.4027862548828,8242600
2023-10-26 00:00:00-04:00,131.79922408824612,133.60043337964612,131.48801925860812,132.7422637939453,9109400
2023-10-27 00:00:00-04:00,131.03537944643568,131.17684405250557,127.48955492149321,127.96107482910156,17434700
2023-10-30 00:00:00-04:00,128.6683694597706,130.17722470352462,128.29114485659662,129.59254455566406,9855500
2023-10-31 00:00:00-04:00,129.8659890420251,131.30883847212732,129.63965435880897,131.1390838623047,9672500
2023-11-01 00:00:00-04:00,131.3182799499032,132.52536963058716,130.5827101254128,131.02593994140625,9432000
2023-11-02 00:00:00-04:00,132.1104252988265,133.42124987825363,131.29941059855653,133.3646697998047,10186200
2023-11-03 00:00:00-04:00,134.0908457932642,135.58085056324327,133.77021568051663,134.85470581054688,9538700
2023-11-06 00:00:00-05:00,135.01499931905428,135.9769038934277,134.6566396092663,135.8731689453125,7625100
2023-11-07 00:00:00-05:00,135.33562430758016,136.0429040937685,134.68493899158793,135.80714416503906,6297900
2023-11-08 00:00:00-05:00,135.90146025925483,136.58987525429612,135.4393655970245,136.47671508789062,7618200
2023-11-09 00:00:00-05:00,137.15570184261244,137.3537321294573,135.5148075176755,136.07119750976562,7992500
2023-11-10 00:00:00-05:00,136.68417450960825,138.13644929586334,135.87315980335984,138.08929443359375,7983300
2023-11-13 00:00:00-05:00,137.40088871139884,137.91956345188186,136.89165357778936,137.47633361816406,6676300
2023-11-14 00:00:00-05:00,138.32507347607216,140.74869271323962,138.174198041455,139.98483276367188,9927700
2023-11-15 00:00:00-05:00,140.00369511859856,141.60685990157586,140.00369511859856,141.21078491210938,8365300
2023-11-16 00:00:00-05:00,141.5408296491821,142.8988091629842,141.5408296491821,142.8233642578125,8126200
2023-11-17 00:00:00-05:00,143.53066195472735,144.15307170777956,142.90825220167514,144.1153564453125,7812400
2023-11-20 00:00:00-05:00,143.41749314350156,144.99236786773022,143.26660332342516,144.55856323242188,7019000
2023-11-21 00:00:00-05:00,144.47368527220556,144.87919984297054,143.87958002103724,144.2567901611328,7083500
2023-11-22 00:00:00-05:00,144.67172786384498,145.11495768637337,144.19076839406415,144.59628295898438,5174500
2023-11-24 00:00:00-05:00,144.84148165087916,145.6430712490366,144.54914161073685,144.79432678222656,3496900
2023-11-27 00:00:00-05:00,144.69058425026378,144.78489398263042,144.01160885787445,144.46426391601562,6259100
2023-11-28 00:00:00-05:00,144.492561524212,145.10553164775902,144.02104161697716,144.79432678222656,6582700
2023-11-29 00:00:00-05:00,145.38842738039006,146.76527166017885,145.22811235973722,145.52989196777344,9126100
2023-11-30 00:00:00-05:00,146.08628152226098,147.23679109279772,145.5864716387902,147.18963623046875,9869800
2023-12-01 00:00:00-05:00,146.94448174841548,148.86827678185622,146.94448174841548,147.9063720703125,8916000
2023-12-04 00:00:00-05:00,147.1330553995179,149.04742480521057,147.00103041945783,148.9908447265625,9607500
2023-12-05 00:00:00-05:00,148.30242033448647,149.47179476083681,148.02894514870184,148.97198486328125,9135600
2023-12-06 00:00:00-05:00,149.79246032699388,150.15082010818946,147.1142303560781,147.4065704345703,9366000
2023-12-07 00:00:00-05:00,147.76489655598155,148.34957657978003,147.25564704716516,147.85919189453125,8130900
2023-12-08 00:00:00-05:00,148.30243749266455,149.73586205376884,148.038387493204,149.4906768798828,7369400
2023-12-11 00:00:00-05:00,149.4906786018212,150.22624852159782,149.14174407807883,150.0376434326172,8093900
2023-12-12 00:00:00-05:00,150.16022534418147,151.4993401514318,149.83017004353027,151.3767547607422,10223000
2023-12-13 00:00:00-05:00,151.37673596516078,152.80072072522947,150.66945619346848,151.88597106933594,12379100
2023-12-14 00:00:00-05:00,152.6121243164545,155.45066878084032,152.49896415125406,154.6490936279297,13643000
2023-12-15 00:00:00-05:00,153.79093631953123,155.8656210556817,153.14023653822656,155.81846618652344,20309300
2023-12-18 00:00:00-05:00,156.46914985499157,157.61023425667324,156.19567466546889,156.76148986816406,8469600
2023-12-19 00:00:00-05:00,156.5445970162341,158.87390632782794,156.12023201068527,158.85504150390625,10345700
2023-12-20 00:00:00-05:00,158.42125778345093,159.76037254396365,156.9689684644074,157.0632781982422,10734700
2023-12-21 00:00:00-05:00,157.33674255642595,158.51554219987133,156.24281303379408,157.9591522216797,7601700
2023-12-22 00:00:00-05:00,157.95916263882626,158.64757764689784,157.70453786994963,157.86485290527344,6576300
2023-12-26 00:00:00-05:00,157.9214570337028,159.15683691468658,157.65739264154033,158.79847717285156,4683600
2023-12-27 00:00:00-05:00,158.2797759335722,159.81693521176237,158.0345907978248,159.75091552734375,6428600
2023-12-28 00:00:00-05:00,159.70378553614376,160.93916529174086,159.373715871676,160.59967041015625,6320100
2023-12-29 00:00:00-05:00,160.3167620438129,160.96746179209865,159.96784193110983,160.41107177734375,6435100
2024-01-02 00:00:00-05:00,159.45859562508764,162.3631599230326,159.2888553688662,162.27828979492188,9977400
2024-01-03 00:00:00-05:00,162.07079374672327,162.2405339755657,160.6656594972967,161.57098388671875,9852300
2024-01-04 00:00:00-05:00,161.91259668017605,164.4839997839759,161.81770540051127,162.64321899414062,11972500
2024-01-05 00:00:00-05:00,162.7001265545649,164.51244261762304,162.7001265545649,163.45921325683594,10066000
2024-01-08 00:00:00-05:00,163.22201538085938,163.54462255510825,160.8214137681895,163.22201538085938,11229900
2024-01-09 00:00:00-05:00,162.84250286890307,163.00380649378246,161.40025358349462,161.93161010742188,9923600
2024-01-10 00:00:00-05:00,161.3053571624542,162.3301223453623,160.3090564725397,162.273193359375,9670200
2024-01-11 00:00:00-05:00,161.61843030436634,161.64689478842016,160.0148634702537,161.5899658203125,11919500
2024-01-12 00:00:00-05:00,164.9109759460637,167.29259640908697,160.26157849064393,160.40391540527344,19436500
2024-01-16 00:00:00-05:00,156.43769533094127,159.49300912270533,155.8968555922771,159.39813232421875,17206400
2024-01-17 00:00:00-05:00,158.78138793793093,160.42291746804034,157.9748698967347,158.54417419433594,11107500
2024-01-18 00:00:00-05:00,158.5726099507023,158.9616438945128,156.7887727674102,158.85726928710938,9382300
2024-01-19 00:00:00-05:00,158.98065280488078,161.84619886256158,158.53468981159222,161.5994873046875,13115700
2024-01-22 00:00:00-05:00,161.74178818370544,163.18403698933614,161.0301471162414,161.40968322753906,12837500
2024-01-23 00:00:00-05:00,160.99219920582442,161.06810933054288,159.8251118048267,160.34698486328125,8360800
2024-01-24 00:00:00-05:00,160.69806067066273,162.26366540807356,160.22363323770475,161.77975463867188,9967100
2024-01-25 00:00:00-05:00,163.49718747582935,164.142416344373,162.1687963911467,164.094970703125,8873500
2024-01-26 00:00:00-05:00,163.7818586219111,164.20884046709205,162.99430725137032,163.46873474121094,7443000
2024-01-29 00:00:00-05:00,163.43073088589387,164.00003499150944,162.53880519421912,163.89566040039062,6971200
2024-01-30 00:00:00-05:00,163.9905758624225,167.71956825499603,163.9905758624225,167.254638671875,10822100
2024-01-31 00:00:00-05:00,167.18824195590526,169.1808431739778,165.42337114167398,165.44235229492188,11521800
2024-02-01 00:00:00-05:00,164.7591805000011,165.89780359657934,162.66220459378047,164.84457397460938,9354800
2024-02-02 00:00:00-05:00,164.4365405747899,166.82765873693674,164.398578274706,165.79339599609375,8607600
2024-02-05 00:00:00-05:00,164.96789829400674,166.134985659533,164.07597245364303,165.57516479492188,7820200
2024-02-06 00:00:00-05:00,165.67952618156954,166.8750779377934,164.8729938638922,166.14447021484375,6764800
2024-02-07 00:00:00-05:00,166.7043226284831,166.87510956386498,165.062807676568,166.45761108398438,7225500
2024-02-08 00:00:00-05:00,166.04960084038564,166.34374353104843,164.69274533742478,165.85983276367188,6060300
2024-02-09 00:00:00-05:00,166.04959869496852,166.14448997128747,164.78762000748162,166.05908203125,6296700
2024-02-12 00:00:00-05:00,165.8408712827099,167.76704572264995,164.81610617285773,166.79920959472656,8539300
2024-02-13 00:00:00-05:00,166.35322558838982,167.21667242740585,163.79130612110933,165.34742736816406,8397600
2024-02-14 00:00:00-05:00,166.11602396443158,167.09334329239704,165.49925963075256,167.02691650390625,7056700
2024-02-15 00:00:00-05:00,167.1407907162721,170.9931539074644,167.1407907162721,170.6705322265625,8723400
2024-02-16 00:00:00-05:00,170.42382695213206,170.77489862748652,169.04799026069725,169.8734893798828,8152600
2024-02-20 00:00:00-05:00,170.02528350131405,171.23033307735642,169.28517796097287,170.53765869140625,9668000
2024-02-21 00:00:00-05:00,170.7464483434242,171.73326561657646,169.38959269081207,171.64785766601562,7024000
2024-02-22 00:00:00-05:00,172.52077969260773,174.03893862404504,171.97044219351025,173.70684814453125,9296500
2024-02-23 00:00:00-05:00,174.40900207051712,175.72790969059875,173.8207167154575,174.57980346679688,7105800
2024-02-26 00:00:00-05:00,174.3520779572995,175.02577126846347,173.14702824890108,173.98202514648438,7145400
2024-02-27 00:00:00-05:00,173.9345742347972,174.15280678882112,172.91930710908773,174.06741333007812,5717100
2024-02-28 00:00:00-05:00,174.04840558023136,175.72788240404907,173.6024572043798,174.9498291015625,6131600
2024-02-29 00:00:00-05:00,176.16439390725577,176.89500171310078,174.4469689552258,176.54393005371094,9643000
2024-03-01 00:00:00-05:00,176.20235797152844,176.90451583340356,175.6330536993716,175.81332397460938,6311800
2024-03-04 00:00:00-05:00,175.26298666271404,177.99567880021087,174.84548820991387,177.13221740722656,7063600
2024-03-05 00:00:00-05:00,176.82860632723535,179.61824215364595,176.82860632723535,178.90660095214844,6617800
2024-03-06 00:00:00-05:00,179.5707476299485,180.34881541474107,178.03360768622207,179.83642578125,7572900
2024-03-07 00:00:00-05:00,180.19703992745502,180.75686085108097,177.08479697238374,178.26136779785156,7618300
2024-03-08 00:00:00-05:00,178.80222458380084,180.71891558839314,178.3088159683026,178.59347534179688,6172200
2024-03-11 00:00:00-04:00,177.70155853816826,178.80223378384542,176.69577458133077,178.65989685058594,5762600
2024-03-12 00:00:00-04:00,179.28611974419184,180.43424047505954,178.2993170776544,180.13059997558594,5708400
2024-03-13 00:00:00-04:00,180.6240066673423,181.92393315603576,180.1305981000231,181.5918426513672,7795500
2024-03-14 00:00:00-04:00,181.25975597395745,181.8290747228508,177.5307630516754,178.35626220703125,10310900
2024-03-15 00:00:00-04:00,176.9424601771041,181.17435946088082,176.9424601771041,180.5670928955078,17214200
2024-03-18 00:00:00-04:00,180.88022211160907,182.84434431154483,180.17806424275938,182.806396484375,9013800
2024-03-19 00:00:00-04:00,182.85383525818784,184.01142492310007,182.54071140188407,183.8785858154297,8478700
2024-03-20 00:00:00-04:00,184.25813215855158,186.50691359955096,183.70779458867116,186.28868103027344,9367000
2024-03-21 00:00:00-04:00,186.46895863754574,189.23011523950757,186.2886739000261,188.87904357910156,11203800
2024-03-22 00:00:00-04:00,188.83160536845347,190.22642320705918,186.48793264526574,186.5638427734375,8108800
2024-03-25 00:00:00-04:00,186.5449179464079,186.8675252047235,184.41947731594436,184.85595703125,8620000
2024-03-26 00:00:00-04:00,184.6376815447347,186.6018182440371,184.13478957869043,185.71937561035156,5961500
2024-03-27 00:00:00-04:00,186.4499755769137,189.39143136464278,186.33611762948894,189.31552124023438,8725800
2024-03-28 00:00:00-04:00,189.28706341600085,190.45415085331146,188.38563970590695,190.05563354492188,8628300
2024-04-01 00:00:00-04:00,189.76146762454238,190.66287674592687,188.4140956101322,188.76516723632812,7309000
2024-04-02 00:00:00-04:00,188.24332231873962,189.56223004560812,187.9491796173942,188.6892852783203,7014700
2024-04-03 00:00:00-04:00,188.8600258753456,189.35343435436963,187.58856410091173,188.1578826904297,9353400
2024-04-04 00:00:00-04:00,190.06669747224808,190.5725228336972,186.63090338860295,186.72633361816406,9243800
2024-04-05 00:00:00-04:00,187.21308807266684,189.08368373972885,186.21097596961084,188.44424438476562,6532300
2024-04-08 00:00:00-04:00,188.6065008303441,189.90447149415994,188.6065008303441,189.42727661132812,8001000
2024-04-09 00:00:00-04:00,189.03597982912675,189.80903317635733,186.02010480291608,188.15792846679688,7351500
2024-04-10 00:00:00-04:00,186.63088782709028,188.08156408606877,185.3233641819326,186.55453491210938,7681400
2024-04-11 00:00:00-04:00,187.0603664982784,187.60437557468177,184.4262563759214,186.516357421875,10137700
2024-04-12 00:00:00-04:00,179.730669116781,180.31283283345405,174.21428344257563,174.452880859375,31532300
2024-04-15 00:00:00-04:00,176.08487712916175,178.90987668749668,173.88977818734347,174.54830932617188,14766600
2024-04-16 00:00:00-04:00,174.5578902815886,174.80604095219934,171.4561234016168,172.55368041992188,16451800
2024-04-17 00:00:00-04:00,173.0976418055842,174.09975382543902,171.02661806472688,171.86648559570312,9017100
2024-04-18 00:00:00-04:00,172.839986403325,174.9969019564357,171.76152134535386,172.98313903808594,9557700
2024-04-19 00:00:00-04:00,174.08065863681227,177.40194495717884,173.1358222453055,177.32559204101562,13402300
2024-04-22 00:00:00-04:00,177.50692442058224,181.45809672584136,177.49737120450726,180.77093505859375,11529700
2024-04-23 00:00:00-04:00,182.41252116114381,183.46234116906865,181.8303428196935,183.37644958496094,9144400
2024-04-24 00:00:00-04:00,181.8398780520335,184.41672746658654,181.49629715923766,184.27357482910156,6964900
2024-04-25 00:00:00-04:00,183.48142690000614,185.094347885253,182.46022289146978,184.5503387451172,9802300
2024-04-26 00:00:00-04:00,184.74122414056745,185.9819191199223,184.25447606565834,184.6648712158203,6413700
2024-04-29 00:00:00-04:00,184.65530678155278,185.3997295490782,183.65319472901302,184.4644317626953,5387800
2024-04-30 00:00:00-04:00,184.0158640239999,186.09644101035263,182.89922989355478,182.9946746826172,8153700
2024-05-01 00:00:00-04:00,183.50051042268325,185.59062618122607,182.08800319125083,183.1092071533203,7445300
2024-05-02 00:00:00-04:00,184.2640125734771,184.67439312359332,180.87592647957385,182.91831970214844,6501700
2024-05-03 00:00:00-04:00,183.2428161104816,183.74864146909349,179.86428309609008,181.82077026367188,8922800
2024-05-06 00:00:00-04:00,182.98512382682264,183.43368812810877,181.16225065998637,183.24281311035156,7911100
2024-05-07 00:00:00-04:00,182.95647377693828,184.1303688455543,182.90875138688438,183.0041961669922,7688800
2024-05-08 00:00:00-04:00,182.28842746572758,187.6807232907595,182.28842746572758,186.72633361816406,9227600
2024-05-09 00:00:00-04:00,186.26824403253585,188.57786545857692,186.2014443233279,188.49197387695312,7977300
2024-05-10 00:00:00-04:00,189.4845051748557,190.24801976902737,189.2268304675511,189.7040252685547,7529800
2024-05-13 00:00:00-04:00,189.73267730698475,190.73478941529618,189.00733180699527,189.66586303710938,7049200
2024-05-14 00:00:00-04:00,189.9235483988948,192.385875547787,189.121864553999,192.31906127929688,8596200
2024-05-15 00:00:00-04:00,192.79627882739626,193.44527146599475,190.65845498926635,192.8917236328125,8370000
2024-05-16 00:00:00-04:00,192.9966778539951,195.1535932389949,192.77717231019278,193.2352752685547,8497900
2024-05-17 00:00:00-04:00,194.51414986383685,195.69759825802052,193.55976022547813,195.44944763183594,9260500
2024-05-20 00:00:00-04:00,195.06770117767758,196.48974700752038,186.48773292892272,186.65953063964844,17373300
2024-05-21 00:00:00-04:00,188.01474921922218,190.78247320493176,187.63299920837585,190.41981506347656,14420800
2024-05-22 00:00:00-04:00,189.92354585608186,191.77506416081215,188.6732977083887,189.2650146484375,9425300
2024-05-23 00:00:00-04:00,188.78780643900882,189.25546259056458,187.12717783768824,187.9384002685547,8069400
2024-05-24 00:00:00-04:00,188.73054238375408,191.60324982166694,188.5492060306778,191.5555419921875,7356200
2024-05-28 00:00:00-04:00,190.74430715889065,191.2692243545398,189.59904254472963,190.40072631835938,6910200
2024-05-29 00:00:00-04:00,188.9691590074262,189.91401004508248,187.90978586684102,189.0741424560547,6120000
2024-05-30 00:00:00-04:00,189.5036107487647,190.7347815795727,189.35090490632123,190.23849487304688,6829100
2024-05-31 00:00:00-04:00,190.2098358362469,194.02739394811206,189.30316869724464,193.38795471191406,14417900
2024-06-03 00:00:00-04:00,193.0825708149027,193.18755426057615,190.10487971991847,192.61492919921875,6444300
2024-06-04 00:00:00-04:00,191.0306378288864,192.7676194373073,189.2363806080914,190.0762481689453,6848300
2024-06-05 00:00:00-04:00,190.6488986625119,190.70617428252737,187.9384351617438,188.26292419433594,8351600
2024-06-06 00:00:00-04:00,188.2628911546147,188.9882365858564,186.4209261786032,187.92886352539062,7640300
2024-06-07 00:00:00-04:00,188.42514935958465,191.75597461770602,188.024307437637,190.83021545410156,6964500
2024-06-10 00:00:00-04:00,190.15260252915212,191.6796172589224,189.38908788285167,190.50572204589844,6070800
2024-06-11 00:00:00-04:00,188.88323341392444,188.91186393450056,184.76981691243626,185.49514770507812,9235300
2024-06-12 00:00:00-04:00,187.06037343522323,187.747535155726,182.58428359797037,182.79425048828125,12751300
2024-06-13 00:00:00-04:00,183.54822402834617,185.7051393894414,182.17390060566132,184.8271026611328,8587800
2024-06-14 00:00:00-04:00,182.71790538052034,185.97237775666235,182.68927485451107,184.94163513183594,6874000
2024-06-17 00:00:00-04:00,184.65534454285884,186.65956905779453,183.85366056201795,186.08692932128906,8725400
2024-06-18 00:00:00-04:00,185.72424105772285,188.930991025547,185.27567673463204,188.0147705078125,9023000
2024-06-20 00:00:00-04:00,187.43258948693125,190.35301959036525,187.16536154039684,189.6085968017578,8731100
2024-06-21 00:00:00-04:00,187.73801349633672,188.17702462466875,185.36157778424015,187.34671020507812,20972100
2024-06-24 00:00:00-04:00,188.7878322423663,190.14306392636604,188.11022368178232,189.8090362548828,9785900
2024-06-25 00:00:00-04:00,189.05504227358247,190.94474426582192,188.72101463378038,189.0359649658203,6862500
2024-06-26 00:00:00-04:00,188.44424751166255,188.91190371760356,187.3276132855566,188.42515563964844,7758600
2024-06-27 00:00:00-04:00,188.4346797683504,190.74430078925033,187.919301243349,190.0857696533203,7913500
2024-06-28 00:00:00-04:00,190.88747429822308,193.35935463256504,190.20986578187188,193.03485107421875,15307600
2024-07-01 00:00:00-04:00,193.58840326228037,197.6445594874765,193.416620106431,196.07936096191406,10205800
2024-07-02 00:00:00-04:00,195.92665854630712,199.33383682530447,195.43038637882975,199.30520629882812,7802900
2024-07-03 00:00:00-04:00,199.99234547043878,200.78449059341636,198.1789964757142,199.17156982421875,5560900
2024-07-05 00:00:00-04:00,198.64375880499992,199.00842649532183,196.27335292204722,196.53245544433594,8093100
2024-07-08 00:00:00-04:00,196.77240817080718,198.55741017667097,195.7455601297792,196.8971710205078,8707000
2024-07-09 00:00:00-04:00,197.33860892161442,201.30206944737745,197.16585925201633,199.25796508789062,9058900
2024-07-10 00:00:00-04:00,197.8280277635907,199.58424030901233,197.29061041180532,199.4210968017578,8328500
2024-07-11 00:00:00-04:00,197.89521368869632,199.70900458588088,197.09867916383936,199.085205078125,10658100
2024-07-12 00:00:00-04:00,195.77433759701847,199.085224201204,193.9509550160253,196.6764373779297,15443400
2024-07-15 00:00:00-04:00,198.83568835973134,203.07746338803915,198.3846385255346,201.5803680419922,10719700
2024-07-16 00:00:00-04:00,201.5323940342005,205.12159527581198,199.68981390311083,205.0064239501953,11557000
2024-07-17 00:00:00-04:00,205.17916232258048,208.78754638356358,204.67053414664076,208.1253662109375,11572500
2024-07-18 00:00:00-04:00,206.93538878296755,207.90465837072435,200.80304644620205,201.51319885253906,12415100
2024-07-19 00:00:00-04:00,202.68399960778325,203.787638142558,200.49593484279177,201.32125854492188,8095900
2024-07-22 00:00:00-04:00,201.97385135034514,203.6148926358178,201.25409280392114,201.8011016845703,7663200
2024-07-23 00:00:00-04:00,202.5112401709101,202.9526838167723,200.9085797907141,201.84906005859375,5557300
2024-07-24 00:00:00-04:00,201.10054238495405,203.4805398970385,199.6802229423339,200.1792449951172,7119000
2024-07-25 00:00:00-04:00,200.23681430218042,201.71472666285024,199.66101627259542,200.25601196289062,6403800
2024-07-26 00:00:00-04:00,200.8030488593653,204.56498521561846,200.20803848586095,203.6820831298828,8027800
2024-07-29 00:00:00-04:00,204.07553810374966,204.99683550482567,202.06022291940437,202.34812927246094,6533600
2024-07-30 00:00:00-04:00,204.63213201184072,207.08890530291896,204.37302950002504,206.5131072998047,8850700
2024-07-31 00:00:00-04:00,206.11964077185962,207.6647229458713,204.09471959527943,204.219482421875,9071600
2024-08-01 00:00:00-04:00,204.6033650548551,205.20796693510616,198.05836812142135,199.5746612548828,10918600
2024-08-02 00:00:00-04:00,195.65916985684163,196.4173090899953,188.951014866982,191.11029052734375,18041700
2024-08-05 00:00:00-04:00,186.2255269573448,188.26003972022244,183.2025323392783,187.04124450683594,13927000
2024-08-06 00:00:00-04:00,187.52107494379788,194.4307682439227,186.1775316040648,192.2618865966797,10605800
2024-08-07 00:00:00-04:00,195.30407255531497,197.4537566355557,192.12754058739833,192.31947326660156,9204400
2024-08-08 00:00:00-04:00,194.30600938741946,196.64762609323657,193.65342072084405,195.83189392089844,7761200
2024-08-09 00:00:00-04:00,195.26568795748204,198.14472201831654,194.71866445703174,197.50173950195312,5540200
2024-08-12 00:00:00-04:00,198.08715268440758,198.78771357086882,195.44803800867777,197.8760223388672,6936000
2024-08-13 00:00:00-04:00,199.35392685485715,199.69941155528463,197.11787513313567,199.5554656982422,6387800
2024-08-14 00:00:00-04:00,199.36353061795853,202.26174789086065,198.76852024775556,201.76272583007812,6999800
2024-08-15 00:00:00-04:00,204.41144308904532,205.26555604485006,202.58806048697608,203.01991271972656,7001000
2024-08-16 00:00:00-04:00,203.15425086846594,205.45747235510242,203.05827720505397,205.34231567382812,7931200
2024-08-19 00:00:00-04:00,205.37108886847773,206.83939501460688,205.1983538600032,206.7626190185547,6090800
2024-08-20 00:00:00-04:00,206.33077379457382,207.290451812223,205.0639917823852,205.87013244628906,5640000
2024-08-21 00:00:00-04:00,205.78375651861572,206.33078003410972,204.25787193885594,205.94691467285156,5202300
2024-08-22 00:00:00-04:00,205.92773744679954,208.05822409330662,205.6974094210733,207.89508056640625,5247100
2024-08-23 00:00:00-04:00,208.82597617549752,210.35186095519518,207.77032432842734,209.50733947753906,7214000
2024-08-26 00:00:00-04:00,210.17908959536388,210.82207214735465,209.25780684522277,210.3326416015625,5105200
2024-08-27 00:00:00-04:00,210.65891263842738,211.53222313341251,210.3518232928703,211.30189514160156,5185200
2024-08-28 00:00:00-04:00,210.4094352503344,213.25008902913484,210.35185690406252,212.36717224121094,6506400
2024-08-29 00:00:00-04:00,213.19248330758634,213.98901788500726,210.11192481779804,213.2500762939453,6416100
2024-08-30 00:00:00-04:00,213.5283638010213,216.38820025870874,212.981340289583,215.73562622070312,8574100
2024-09-03 00:00:00-04:00,213.3364091036726,215.06383232529197,210.39979694868128,211.41705322265625,8956100
2024-09-04 00:00:00-04:00,212.12723207920712,213.1157139537024,208.45167799328414,210.48619079589844,7389500
2024-09-05 00:00:00-04:00,211.2731298787107,211.89692943579365,207.31926075481468,208.85475158691406,8067900
2024-09-06 00:00:00-04:00,208.8259326693763,209.9199649722642,202.57841969666674,203.8931884765625,7777000
2024-09-09 00:00:00-04:00,206.51312105129102,209.35375986693387,205.54383685302398,208.0677947998047,8935100
2024-09-10 00:00:00-04:00,209.78561744862617,209.82399812562028,192.52100489184315,197.2714080810547,28406900
2024-09-11 00:00:00-04:00,196.97392597392317,199.32513434186177,193.69182869664772,198.87408447265625,13658700
2024-09-12 00:00:00-04:00,199.27713568329062,200.36157653556083,196.6284296106188,198.2694854736328,9054400
2024-09-13 00:00:00-04:00,198.51899663631963,199.46908315177689,194.83383653849526,196.0814208984375,10226700
2024-09-16 00:00:00-04:00,197.53052305856136,199.8145613678539,197.3001950685702,199.47866821289062,8634900
2024-09-17 00:00:00-04:00,199.35390740598294,201.4651960832742,199.28673756042474,200.8126220703125,7573300
2024-09-18 00:00:00-04:00,200.58230673818105,202.81835838288768,198.36545275492742,199.1619873046875,8259900
2024-09-19 00:00:00-04:00,201.32127025220836,203.36538928713296,198.97965334983056,201.9930419921875,11635200
2024-09-20 00:00:00-04:00,201.46520015567114,202.89512568030523,201.05254563504943,202.57843017578125,20885000
2024-09-23 00:00:00-04:00,202.4920612297152,203.25980657066546,201.52279170592422,202.91432189941406,7223500
2024-09-24 00:00:00-04:00,202.63601263414566,204.3634360377964,201.88746493315114,203.0582733154297,7323200
2024-09-25 00:00:00-04:00,203.14463253149498,203.68206451343198,200.19842867858037,201.7147216796875,8976500
2024-09-26 00:00:00-04:00,202.61682975945425,203.16383862893971,200.582302352154,201.32125854492188,7807500
2024-09-27 00:00:00-04:00,202.15616813497374,203.87399998332447,200.88940076897532,202.01222229003906,7032500
2024-09-30 00:00:00-04:00,197.99117378793656,202.45368545325593,196.98350891876606,202.3577117919922,8663800
2024-10-01 00:00:00-04:00,200.47672835038065,200.6590695133516,197.87600917065313,198.6917266845703,8540100
2024-10-02 00:00:00-04:00,198.73014693766058,200.52474033695253,197.39619493599187,198.93167114257812,5810900
2024-10-03 00:00:00-04:00,197.8568269060444,198.16393091884422,196.10061427209934,196.95472717285156,7251300
2024-10-04 00:00:00-04:00,202.0915171398113,204.37988743060353,199.78383154222516,203.9453887939453,10211700
2024-10-07 00:00:00-04:00,203.76190602752735,205.98269458084312,202.46806055788844,203.66534423828125,6718900
2024-10-08 00:00:00-04:00,203.32743387199133,204.05160318568684,201.20320683180367,203.4915771484375,6021800
2024-10-09 00:00:00-04:00,202.47772975256393,206.86137608833337,202.16875851799102,206.06961059570312,7024000
2024-10-10 00:00:00-04:00,207.41171960680364,207.41171960680364,204.18675618891916,205.5095672607422,7927100
2024-10-11 00:00:00-04:00,208.2420838481715,216.89349797730637,207.74965411869448,214.6340789794922,18320700
2024-10-14 00:00:00-04:00,215.51276767760157,215.99554718168815,211.34156042358927,213.8520050048828,9048900
2024-10-15 00:00:00-04:00,215.95693117924253,217.68527532023913,214.1803061412129,214.7306671142578,9235800
2024-10-16 00:00:00-04:00,214.67271175254336,215.97620742605477,213.42713252238278,215.93759155273438,6382500
2024-10-17 00:00:00-04:00,216.5459374132235,218.07152251645772,215.61899422056717,216.69076538085938,6470200
2024-10-18 00:00:00-04:00,217.25078010281487,218.1390926356883,215.416223853029,217.6080322265625,7000500
2024-10-21 00:00:00-04:00,217.46319852448005,217.92666271781536,215.22309457904748,215.3196563720703,5870000
2024-10-22 00:00:00-04:00,215.33897121583806,217.52112924082374,213.48509971320877,216.4010772705078,9586800
2024-10-23 00:00:00-04:00,215.95693541093075,217.05767211185088,214.86584899630188,215.71554565429688,6180500
2024-10-24 00:00:00-04:00,214.18997064746745,217.30872232380713,214.02582737326665,217.23147583007812,6002200
2024-10-25 00:00:00-04:00,217.25078329046238,217.84942517866347,213.27268477329852,214.65342712402344,6369700
2024-10-28 00:00:00-04:00,215.6575899885166,217.86871342564066,215.27135758179068,217.73353576660156,6843000
2024-10-29 00:00:00-04:00,217.45355245759362,218.94050685947278,215.13620197943288,215.2230987548828,6580000
2024-10-30 00:00:00-04:00,214.87550115342282,218.5156628404685,213.94857273050474,216.6811065673828,7110900
2024-10-31 00:00:00-04:00,216.96109290971893,217.91700157327347,214.18029315501,214.27684020996094,7829900
2024-11-01 00:00:00-04:00,215.8603911981496,218.36118574459934,215.03000977835882,215.26174926757812,6923500
2024-11-04 00:00:00-05:00,214.98167473200544,216.05344565816085,211.6215340175422,212.2105255126953,8229600
2024-11-05 00:00:00-05:00,212.45192606649232,214.3154624265246,212.42296047781522,213.8616485595703,5600700
2024-11-06 00:00:00-05:00,226.90635614480942,239.45862265494782,226.68428170878914,238.55099487304688,23987800
2024-11-07 00:00:00-05:00,236.0791487857779,236.14674498009418,227.11876345837723,228.2388153076172,16451100
2024-11-08 00:00:00-05:00,231.09688077350958,231.09688077350958,227.65949319123993,228.8181610107422,9502100
2024-11-11 00:00:00-05:00,231.734137289825,233.76181688441483,230.76857838445073,231.048583984375,9017100
2024-11-12 00:00:00-05:00,232.265204302032,233.1438664671285,230.53684556117094,231.30929565429688,6861000
2024-11-13 00:00:00-05:00,232.29417630585863,235.68328295062503,232.03347126141182,232.8542022705078,11472600
2024-11-14 00:00:00-05:00,234.07080953881766,235.87640014281013,232.7479984317867,233.5397491455078,10172200
2024-11-15 00:00:00-05:00,233.14385889927163,237.93302280132795,233.14385889927163,236.8612518310547,11518800
2024-11-18 00:00:00-05:00,239.22688371269956,239.3910269686542,234.32184240561926,236.59091186523438,9051400
2024-11-19 00:00:00-05:00,233.90664645217612,236.70676140391376,233.2307581603698,234.71771240234375,6792700
2024-11-20 00:00:00-05:00,235.9826082126915,236.1853820806055,230.42099380614764,232.48728942871094,9015300
2024-11-21 00:00:00-05:00,234.85292652668068,237.0350994361045,233.77150509187655,236.33023071289062,8783500
2024-11-22 00:00:00-05:00,235.219821387118,240.5690116009233,234.65979541625032,239.98968505859375,7997300
2024-11-25 00:00:00-05:00,240.99385046333052,245.55128980408418,240.48210540768852,241.66973876953125,10295400
2024-11-26 00:00:00-05:00,241.86285831172583,242.3552880551951,239.78689780117762,241.3607635498047,6212100
2024-11-27 00:00:00-05:00,240.76214760817405,242.53877266956593,240.20212160840157,241.18698120117188,5472300
2024-11-29 00:00:00-05:00,241.25457769809182,243.09879896511487,240.85869496329937,241.11940002441406,5494800
2024-12-02 00:00:00-05:00,240.9552533116239,241.63114167034325,236.59092247162565,237.76890563964844,8899700
2024-12-03 00:00:00-05:00,239.68068248090884,240.46278283539104,236.20467926840362,236.3881378173828,6657700
2024-12-04 00:00:00-05:00,236.2722889974968,236.89991119978995,233.88735704195787,235.01705932617188,7346300
2024-12-05 00:00:00-05:00,236.93852436784667,238.66686850941545,236.19503980642355,237.02542114257812,6572500
2024-12-06 00:00:00-05:00,237.23783629630563,239.20758484833834,236.4074549916763,238.84066772460938,5519700
2024-12-09 00:00:00-05:00,238.61859624597477,239.3331004642951,235.36465245379455,235.41293334960938,7076500
2024-12-10 00:00:00-05:00,235.49019112567362,239.4200234478752,233.87770931432982,234.49566650390625,9108300
2024-12-11 00:00:00-05:00,235.59639202600604,235.85709707692163,233.8390676036829,235.142578125,7884400
2024-12-12 00:00:00-05:00,234.63082916006218,235.692949917877,232.73832710066324,233.21145629882812,6113800
2024-12-13 00:00:00-05:00,233.7328690945859,234.3604765375674,230.9037736251097,231.6762237548828,10392700
2024-12-16 00:00:00-05:00,232.32316846244012,232.38109964932826,229.3395944716041,231.32864379882812,9032000
2024-12-17 00:00:00-05:00,230.43064038196303,230.78790721651086,228.4802218867217,230.150634765625,8083600
2024-12-18 00:00:00-05:00,230.76861622644446,230.8362124328699,221.62477071445954,222.4358367919922,11322400
2024-12-19 00:00:00-05:00,224.27037697069503,228.21950946148152,224.27037697069503,224.93661499023438,11790800
2024-12-20 00:00:00-05:00,223.9324564524048,230.97139028265684,223.6138201931546,229.41683959960938,32348400
2024-12-23 00:00:00-05:00,227.93952196997523,230.4016856524641,226.79050439374112,230.1796112060547,8611500
2024-12-24 00:00:00-05:00,231.18378496668848,234.13840789117347,230.8361978696138,233.964599609375,3729100
2024-12-26 00:00:00-05:00,233.11492445771663,234.8818993636749,232.49696722830464,234.7660369873047,4451800
2024-12-27 00:00:00-05:00,234.3604651162079,235.0073878325532,231.77275951756664,232.8638458251953,5730200
2024-12-30 00:00:00-05:00,230.54651531283838,232.54521468407714,228.94368391501692,231.07757568359375,5723800
2024-12-31 00:00:00-05:00,231.78243385290807,233.12456023279114,230.79755957752477,231.4541473388672,4871000
2025-01-02 00:00:00-05:00,232.62245857695913,234.90117826978482,231.20308575332456,231.73414611816406,9220900
2025-01-03 00:00:00-05:00,235.49019093770127,236.446099680159,231.98520694861776,234.9011993408203,9491100
2025-01-06 00:00:00-05:00,236.52199744283416,238.45338882592614,233.4938994273639,233.75595092773438,9917800
2025-01-07 00:00:00-05:00,235.00796836721887,238.03606663951624,233.8044861980307,236.00762939453125,8753400
2025-01-08 00:00:00-05:00,235.5999684129956,237.05578696137664,233.41624059042408,235.96878051757812,8675300
2025-01-10 00:00:00-05:00,235.92996814062778,236.628762281155,231.70810291840846,232.8048095703125,10256800
2025-01-13 00:00:00-05:00,232.61071202939766,237.33726537542867,231.96044811515128,237.01699829101562,10005300
2025-01-14 00:00:00-05:00,235.51263136841433,240.42359041299397,235.05647368868276,240.1809539794922,12407400
2025-01-15 00:00:00-05:00,243.02466018784034,246.19834907161936,236.50259128635952,244.917236328125,18448500
2025-01-16 00:00:00-05:00,246.51861866884337,249.46908602016472,244.8978090555052,246.78067016601562,15292300
2025-01-17 00:00:00-05:00,246.65449800073918,252.94363035716344,244.71340648745428,251.52664184570312,17678100
2025-01-21 00:00:00-05:00,252.40987678428797,256.46675149701815,251.85665851835842,255.28268432617188,13712100
2025-01-22 00:00:00-05:00,255.15649698282425,255.6223696516269,252.58455641473486,255.0982666015625,9021900
2025-01-23 00:00:00-05:00,256.89377150881944,258.999839319307,256.03968646138014,258.1166687011719,10749700
2025-01-24 00:00:00-05:00,255.92321545084891,259.2327800677332,255.26325143834285,257.0393371582031,7666300
2025-01-27 00:00:00-05:00,256.3890825417096,258.13605303558734,254.535336614133,258.01959228515625,7522300
2025-01-28 00:00:00-05:00,258.0195941318063,259.4559828890109,257.02961850864546,259.2716064453125,7375400
2025-01-29 00:00:00-05:00,259.3395063870375,262.7073011271936,257.78662735417487,258.7280578613281,7684900
2025-01-30 00:00:00-05:00,260.71768010583645,261.75617104949805,258.766873890751,260.3294677734375,8753500
2025-01-31 00:00:00-05:00,261.3000250446993,262.8431891272981,259.09686738707205,259.4268493652344,7193800
2025-02-03 00:00:00-05:00,254.11799568005065,260.2712821624786,253.99184960482245,258.9513244628906,8381400
2025-02-04 00:00:00-05:00,261.8920656979003,261.8920656979003,258.97071346699056,260.04803466796875,5626000
2025-02-05 00:00:00-05:00,260.9894418764152,262.6684965624178,260.4265087965908,262.46466064453125,5704400
2025-02-06 00:00:00-05:00,264.42522935273706,268.8218008796745,263.20233210063896,268.744140625,7264400
2025-02-07 00:00:00-05:00,269.10318646976515,270.3454837389774,266.61859193134063,267.6764831542969,6857900
2025-02-10 00:00:00-05:00,268.01617572204907,268.04529090684423,261.6493986180838,263.05670166015625,8627400
2025-02-11 00:00:00-05:00,262.299718167667,268.08416285966723,261.71738476219014,266.890380859375,7196400
2025-02-12 00:00:00-05:00,266.0071500330046,268.3073682010428,265.20161014147436,267.3368225097656,6683900
2025-02-13 00:00:00-05:00,267.3853891686898,268.81209279292267,265.7451642667245,268.1812438964844,8398700
2025-02-14 00:00:00-05:00,269.2002311783628,271.0054614151681,268.307345803398,268.4432067871094,5688600
2025-02-18 00:00:00-05:00,268.6082414686908,271.72368491952835,267.89001749911944,271.70428466796875,7919800
2025-02-19 00:00:00-05:00,270.18053227508295,271.9954480996811,269.0546956439582,271.02490234375,7007200
2025-02-20 00:00:00-05:00,270.47167738640707,270.52990776080935,257.9128132494212,258.94158935546875,13846700
2025-02-21 00:00:00-05:00,260.41687498668233,261.2709600914064,255.09827295553427,256.45703125,12835600
2025-02-24 00:00:00-05:00,257.67016901902093,259.1357025074417,250.99280984837583,253.6424102783203,10372800
2025-02-25 00:00:00-05:00,254.50621867157093,255.2535282245515,245.88776780849437,249.81846618652344,9608400
2025-02-26 00:00:00-05:00,249.58551687607053,253.2250629756072,249.3622807192329,251.16751098632812,5943600
2025-02-27 00:00:00-05:00,252.51656693419218,255.87467629942992,250.2648938568394,251.4198455810547,8204400
2025-02-28 00:00:00-05:00,253.0503967893836,257.0102103033765,250.29405049282587,256.85491943359375,10467100
2025-03-03 00:00:00-05:00,256.2240834773225,258.47575677394605,250.22611772259287,252.94363403320312,9058300
2025-03-04 00:00:00-05:00,247.76091803763094,249.6534940988536,238.70572440707394,242.8790740966797,13465600
2025-03-05 00:00:00-05:00,243.8496320279879,245.59661742826808,240.53036717213234,244.1213836669922,7861400
2025-03-06 00:00:00-05:00,240.80211481791196,242.0152970466892,236.66759511360632,239.27835083007812,9983200
2025-03-07 00:00:00-05:00,238.00692097749285,239.4530394207747,232.36805275623323,235.14381408691406,20498700
2025-03-10 00:00:00-04:00,229.25260968443942,230.5143072655119,221.9638018922669,225.380126953125,18887200
2025-03-11 00:00:00-04:00,224.9239788967364,226.44774284176466,220.01301974210133,222.39085388183594,18143000
2025-03-12 00:00:00-04:00,227.1077131272591,227.41829488617915,220.56622922120076,221.1873779296875,16054000
2025-03-13 00:00:00-04:00,222.54614892341084,222.74025511632564,217.62547474110963,218.5572052001953,16467900
2025-03-14 00:00:00-04:00,221.40087868737876,226.27302221151962,220.87679052941755,225.59364318847656,11962100
2025-03-17 00:00:00-04:00,224.37074846283141,228.72850399973166,223.67196918142557,227.0397491455078,9586000
2025-03-18 00:00:00-04:00,227.4182844946614,229.2137852248078,226.6418449421928,228.04913330078125,10344900
2025-03-19 00:00:00-04:00,228.79646520042016,235.19235827185224,227.9714953720013,232.06719970703125,10120600
2025-03-20 00:00:00-04:00,229.59228927901535,234.63912397597252,229.2428922333378,231.97012329101562,8328500
2025-03-21 00:00:00-04:00,230.8054931833966,235.16324913514356,229.5340805612011,234.5129852294922,19326900
2025-03-24 00:00:00-04:00,238.24957590512537,241.36503440089746,237.21109961277028,240.7535858154297,9422700
2025-03-25 00:00:00-04:00,241.96673880880573,244.40281792040972,240.32651425571743,243.73313903808594,9287700
2025-03-26 00:00:00-04:00,245.1598723967236,247.16889448049588,242.4229261613384,243.6361083984375,12779300
2025-03-27 00:00:00-04:00,242.1802711082619,243.25757744441526,239.89948275399726,240.81179809570312,8022500
2025-03-28 00:00:00-04:00,239.6665652294854,242.16086005777964,234.00828183952703,235.69703674316406,11978400
2025-03-31 00:00:00-04:00,232.35836101622476,238.61837812715723,230.36873927152533,238.0748748779297,13603000
2025-04-01 00:00:00-04:00,235.47380892493115,238.45339153399044,233.78506877067235,236.48318481445312,8054700
2025-04-02 00:00:00-04:00,234.48387014274496,239.9674479641913,234.34799432373393,238.57957458496094,7758800
2025-04-03 00:00:00-04:00,227.36976405138714,228.2141341410838,220.60505877931982,221.95411682128906,17188500
2025-04-04 00:00:00-04:00,210.2553432331429,212.58923458837728,204.02511643608108,205.3434295654297,27170700
2025-04-07 00:00:00-04:00,200.9393316199066,216.83713987942957,197.4140796651513,209.40579223632812,22914400
2025-04-08 00:00:00-04:00,218.27260941397304,222.4911845873146,208.24370556467724,211.77871704101562,19485700
2025-04-09 00:00:00-04:00,207.51130165533837,231.90486132012154,206.04651599659482,228.8385772705078,24022400
2025-04-10 00:00:00-04:00,224.60047349209523,224.9422627815506,214.93289385418547,221.7783203125,18896400
2025-04-11 00:00:00-04:00,220.99711715573133,232.97906934942662,219.71787325553504,230.65493774414062,20284500
2025-04-14 00:00:00-04:00,231.53380246810318,234.15087913970558,228.14526363842643,229.2096710205078,13017800
2025-04-15 00:00:00-04:00,230.55727455130136,233.04739831448416,227.35427768752865,227.65699768066406,10912900
2025-04-16 00:00:00-04:00,226.55352634462056,228.09643576900157,222.5790672431111,224.21963500976562,9322300
2025-04-17 00:00:00-04:00,225.38170933973876,228.83859723978307,225.13757837531108,226.5144805908203,9557900
2025-04-21 00:00:00-04:00,225.21571062759392,226.36800167119193,221.02641477455015,223.6142120361328,8716200
2025-04-22 00:00:00-04:00,226.53399818903708,230.44986835764868,225.9383180454656,230.0592498779297,10701400
2025-04-23 00:00:00-04:00,234.5805730456871,240.99632733668028,234.36573659509583,235.22508239746094,14126800
2025-04-24 00:00:00-04:00,234.1118287364866,239.7073061190241,232.00253368423319,238.89678955078125,9055200
2025-04-25 00:00:00-04:00,238.9065648044329,239.85379417404548,236.07465147090528,237.8323974609375,8588600
2025-04-28 00:00:00-04:00,238.81865487510098,241.04512791658067,235.18598519677712,237.51011657714844,7394300
2025-04-29 00:00:00-04:00,236.50432761587396,239.49248838967188,236.01606566197046,238.8772735595703,7216800
2025-04-30 00:00:00-04:00,235.54733835838334,239.46319386448346,232.8325881861533,238.8772735595703,12991700
2025-05-01 00:00:00-04:00,237.13905420831426,242.61735374261244,236.4847850001896,241.09397888183594,8689600
2025-05-02 00:00:00-04:00,245.36137644120922,247.66597331622904,243.60364543700763,246.58203125,7165000
2025-05-05 00:00:00-04:00,245.28325170363556,249.16982732673011,244.7071062124704,246.630859375,5450700
2025-05-06 00:00:00-04:00,244.13095242759528,246.71873456309945,243.1544286178849,243.3985595703125,6369900
2025-05-07 00:00:00-04:00,243.98448584012095,246.5234388677099,242.98842735746476,243.5352783203125,8724100
2025-05-08 00:00:00-04:00,245.66411138304096,249.87292678022158,245.64457673393773,247.51950073242188,8320100
2025-05-09 00:00:00-04:00,248.5253033443988,249.51158700328907,246.41600839213655,247.13864135742188,5087600
2025-05-12 00:00:00-04:00,256.7281061698435,257.4116847639064,252.62672400889193,253.94500732421875,9603900
2025-05-13 00:00:00-04:00,254.90204315724205,257.480080666336,254.2770833315241,256.8355712890625,8589000
2025-05-14 00:00:00-04:00,256.82577133737385,260.38033243913924,256.13244775146745,259.40380859375,8643100
2025-05-15 00:00:00-04:00,260.7025759874391,263.19269990894253,258.5444666020599,261.2103576660156,9214600
2025-05-16 00:00:00-04:00,261.22009748379395,262.1575519192299,258.49558793581224,261.2786865234375,8932900
2025-05-19 00:00:00-04:00,259.31587533133506,262.02086524830315,255.78086405036862,258.66162109375,12145000
2025-05-20 00:00:00-04:00,256.3570217379832,260.3998446453458,256.14218530617444,259.4428405761719,8436300
2025-05-21 00:00:00-04:00,258.144080433802,259.4135494924094,254.60906893720573,254.9117889404297,7464000
2025-05-22 00:00:00-04:00,253.34935623964725,256.1422002145729,252.79273047922572,254.5504913330078,6514100
2025-05-23 00:00:00-04:00,250.78107124918157,255.8394573114257,249.9900893661378,254.58950805664062,6671800
2025-05-27 00:00:00-04:00,255.8883093139594,259.0717566921421,255.83946524243134,259.06201171875,7506600
2025-05-28 00:00:00-04:00,259.98973168327075,260.4584739162862,256.72814520654777,257.3042907714844,5535400
2025-05-29 00:00:00-04:00,258.5834722711684,259.1791672441841,256.3667741282984,258.16357421875,5081200
2025-05-30 00:00:00-04:00,257.26520045551075,259.10104011963335,256.56210214543427,257.8022766113281,10977700
2025-06-02 00:00:00-04:00,256.84529442949264,258.8081169206428,255.75159247660167,258.4468078613281,6011200
2025-06-03 00:00:00-04:00,257.53863293425644,260.32170192801004,256.70858174263634,260.01898193359375,6998400
2025-06-04 00:00:00-04:00,259.67722274650265,260.8490334291481,257.9780510648975,258.0171203613281,5915700
2025-06-05 00:00:00-04:00,258.5248949172323,258.5248949172323,254.19890174190374,255.8004150390625,8173800
2025-06-06 00:00:00-04:00,258.12454195712064,260.39008449229345,258.056207934954,259.49169921875,7738100
2025-06-09 00:00:00-04:00,259.75534818459647,261.61073756854347,257.1675659016327,260.47796630859375,8285000
2025-06-10 00:00:00-04:00,259.63816546492893,262.58725675736963,259.6088709415357,262.2943115234375,7538100
2025-06-11 00:00:00-04:00,262.3723842570994,263.2903189321121,259.55024622096454,261.8548278808594,7434100
2025-06-12 00:00:00-04:00,260.5951413369258,261.9915930968164,258.91554891738133,261.9427490234375,6618000
2025-06-13 00:00:00-04:00,258.85693405632503,260.75139274608847,256.5425772552077,258.7300109863281,7098300
2025-06-16 00:00:00-04:00,260.731864186611,265.3508326588525,260.5853915714537,264.0129699707031,8566000
2025-06-17 00:00:00-04:00,261.8744350431756,264.2376062617283,261.51309615663433,263.1927185058594,6739300
2025-06-18 00:00:00-04:00,263.66144669321045,271.20021221292876,263.3880211997966,267.5284729003906,9586400
2025-06-20 00:00:00-04:00,269.1006625666469,270.79002961674195,267.3819711943445,268.5440368652344,13969700
2025-06-23 00:00:00-04:00,268.60261086911663,272.0106691007072,265.7218539872092,271.73724365234375,8094600
2025-06-24 00:00:00-04:00,273.6317365805569,276.0730461780452,272.94818777394573,274.6571044921875,9267900
2025-06-25 00:00:00-04:00,274.8914587952529,277.60619385702887,274.3153133103271,277.391357421875,6826900
2025-06-26 00:00:00-04:00,278.0163428990485,282.61576173740934,277.79173169250225,281.97125244140625,8942100
2025-06-27 00:00:00-04:00,279.10025150036057,281.92241945147737,278.34833893885445,280.3697204589844,17868600
2025-06-30 00:00:00-04:00,283.5825215764878,285.77970025058426,282.13728534359143,283.1040344238281,12689200
2025-07-01 00:00:00-04:00,284.0610273166312,284.2953834962509,279.86195702454677,283.59228515625,9338300
2025-07-02 00:00:00-04:00,285.1840583153917,285.945745792629,282.8989958836799,285.1449890136719,8158700
2025-07-03 00:00:00-04:00,286.66586822419856,290.8360888827844,285.74351114178125,290.443603515625,6541600
2025-07-07 00:00:00-04:00,289.70765491378785,290.4828336535378,284.63469143869315,286.4892272949219,8825700
2025-07-08 00:00:00-04:00,283.83993409983367,284.2618850781592,275.048135846527,277.4717712402344,15440900
2025-07-09 00:00:00-04:00,281.7891623646238,281.8088060970764,277.1774068900867,277.8446350097656,11273800
2025-07-10 00:00:00-04:00,277.68760468940775,282.89792448782646,277.68760468940775,282.7801818847656,8410900
2025-07-11 00:00:00-04:00,280.16031625567433,281.98541661358325,278.3254239763715,281.47515869140625,7384700
2025-07-14 00:00:00-04:00,281.6812629749765,283.8693832899546,279.9052418467557,283.2806701660156,9079900
2025-07-15 00:00:00-04:00,282.5937524960941,286.4696162877272,280.12106794184945,281.17095947265625,12526100
2025-07-16 00:00:00-04:00,282.98623724838524,285.2725159686822,277.6974322542774,280.4546813964844,9979800
2025-07-17 00:00:00-04:00,278.11937245969557,284.85058472552134,278.11937245969557,284.4580993652344,8509500
2025-07-18 00:00:00-04:00,284.08524890116877,287.0093204502985,282.8194857660448,285.8023986816406,12217000
2025-07-21 00:00:00-04:00,285.5374312562634,288.65773001934355,285.125302200427,285.50799560546875,7898100
2025-07-22 00:00:00-04:00,286.0280742772089,288.11809552877634,283.75161723688194,285.9593811035156,6717500
2025-07-23 00:00:00-04:00,287.34287268108,291.41496386649595,287.05830810847374,291.1893005371094,7083500
2025-07-24 00:00:00-04:00,291.8369396401929,293.96618832212596,290.6398398939318,290.9832458496094,7001200
2025-07-25 00:00:00-04:00,291.1304626389869,293.2891470363467,290.4043332995373,293.014404296875,5918500
2025-07-28 00:00:00-04:00,292.0724293571669,293.8091927274499,291.2482011503524,292.6807861328125,5840400
2025-07-29 00:00:00-04:00,294.3684775536459,295.6342703916454,290.6398221491837,291.46405029296875,7635700
2025-07-30 00:00:00-04:00,291.83695632333047,294.9670472888904,291.79769880383014,294.0054626464844,8061700
2025-07-31 00:00:00-04:00,293.5246941387346,295.33015090094835,289.9530081922764,290.6791076660156,14749700
2025-08-01 00:00:00-04:00,284.9487133421405,286.32242707449086,278.9043429750852,283.93804931640625,12007100
2025-08-04 00:00:00-04:00,284.81135364584816,288.79513839592664,284.81135364584816,288.73626708984375,6649500
2025-08-05 00:00:00-04:00,289.1581672885365,290.23752439689997,281.8480045472989,285.9004821777344,7182300
2025-08-06 00:00:00-04:00,286.81300825463615,287.7844445938785,284.7131953506969,285.880859375,6330200
2025-08-07 00:00:00-04:00,287.4410196836242,287.9512476179058,281.0336001027858,281.55364990234375,8057100
2025-08-08 00:00:00-04:00,283.55541003235584,285.7631740586469,279.36554536006525,283.33953857421875,6634100
2025-08-11 00:00:00-04:00,283.96751157110066,285.8514833981763,283.3591547144072,284.12451171875,5510100
2025-08-12 00:00:00-04:00,286.02808831162713,289.2170807199043,284.88985973561466,287.3527526855469,8570900
2025-08-13 00:00:00-04:00,288.43207746741234,289.0207905053278,281.769528771024,285.0762634277344,8420400
2025-08-14 00:00:00-04:00,285.1253385944976,288.67741059714604,284.20301143696577,288.6381530761719,6322400
2025-08-15 00:00:00-04:00,289.30536719380285,289.95298150728627,284.3796115875491,285.0370178222656,7340500
2025-08-18 00:00:00-04:00,284.55624732082714,286.42057536605495,282.9960976961236,286.0575256347656,5386900
2025-08-19 00:00:00-04:00,285.3706494849781,286.9897003409671,284.0950645111781,285.203857421875,6031500
2025-08-20 00:00:00-04:00,285.35100110061984,287.8236856501562,281.8774445149503,286.754150390625,7374200
2025-08-21 00:00:00-04:00,286.45980522859077,287.2742115786807,284.0361700203976,285.9986267089844,6624000
2025-08-22 00:00:00-04:00,287.69619472568826,291.5818510194805,284.6838161848099,290.6791076660156,8552800
2025-08-25 00:00:00-04:00,290.67910031440016,291.76827944217837,288.61854456863614,289.3642578125,5856300
2025-08-26 00:00:00-04:00,288.63814183000835,293.13215460321874,287.99052751038425,292.9653625488281,6714700
2025-08-27 00:00:00-04:00,291.6701557907686,295.4184556440125,291.4641062014755,293.66204833984375,6056500
2025-08-28 00:00:00-04:00,294.38811877937053,295.5852185641284,293.0929201153854,295.4184265136719,6410500
2025-08-29 00:00:00-04:00,296.37022814205386,297.2631495608047,294.10359298088383,295.7618713378906,6796400
2025-09-02 00:00:00-04:00,294.62361263793457,294.8198403269102,288.97172816852793,294.0741271972656,7221900
2025-09-03 00:00:00-04:00,294.9278255320024,294.9278255320024,290.8164761661132,293.8877258300781,6316900
2025-09-04 00:00:00-04:00,294.3685517279064,298.7153868216896,292.68083750021106,298.1168518066406,6605800
2025-09-05 00:00:00-04:00,297.9500113286781,299.42185399614533,288.7853412459479,288.8540344238281,9837700
2025-09-08 00:00:00-04:00,289.3544641521949,290.8949700189617,285.9692141135519,287.41162109375,8188500
2025-09-09 00:00:00-04:00,287.1074315912692,293.3872872696363,286.8228669749493,292.2588806152344,7848200
2025-09-10 00:00:00-04:00,291.1304330694757,295.8795741949623,289.85481838064425,294.8983459472656,7787300
2025-09-11 00:00:00-04:00,295.5852436958139,299.9909797241969,295.1437088676121,299.82415771484375,7942500
2025-09-12 00:00:00-04:00,299.2746842518023,301.7768048799553,297.99909921484516,301.1488342285156,6846700
2025-09-15 00:00:00-04:00,301.40393449781925,304.13174819496044,301.40393449781925,303.1014404296875,7122000
2025-09-16 00:00:00-04:00,304.1807788708881,305.06387836899023,301.3646583866889,303.385986328125,10525600
2025-09-17 00:00:00-04:00,304.563492987762,307.03617773944126,302.973877849489,305.89794921875,8657800
2025-09-18 00:00:00-04:00,305.9372178866198,307.556238792954,303.7981171700278,307.3501892089844,8050700
2025-09-19 00:00:00-04:00,307.7132209495945,309.8719053836384,303.31730709863126,308.8710632324219,23568600
2025-09-22 00:00:00-04:00,303.9845547856156,307.811369607681,303.74906954538335,306.57501220703125,7520200
2025-09-23 00:00:00-04:00,305.9666409066948,310.37234675445063,304.74989735202223,306.8693542480469,8584400
2025-09-24 00:00:00-04:00,308.15476983779797,310.63727651453155,305.81947137817144,307.53662109375,7310500
2025-09-25 00:00:00-04:00,308.22347685107957,309.7247551863121,305.947019653492,307.5660705566406,7083200
2025-09-26 00:00:00-04:00,308.988785738579,311.8441636854759,307.8113297451866,310.12701416015625,7258100
2025-09-29 00:00:00-04:00,311.10825508542985,312.0404339863167,307.7720847183659,309.76397705078125,6462400
2025-09-30 00:00:00-04:00,310.31346452838187,311.45169300349573,304.28870810842403,309.50885009765625,11823300
2025-10-01 00:00:00-04:00,308.07628613361976,308.68464295873514,301.6394301376976,304.8774719238281,9235200
2025-10-02 00:00:00-04:00,304.1808160870063,304.73030161726365,300.39328868596704,301.77679443359375,7600000
2025-10-03 00:00:00-04:00,302.718779227698,305.80964265751953,302.4243927447969,304.2102355957031,6029900
2025-10-06 00:00:00-04:00,305.8371035459471,307.38512889871987,300.8578215934895,304.8511047363281,7214500
2025-10-07 00:00:00-04:00,305.01875022701944,305.66951307877287,300.43386159315816,303.3819885253906,8454200
2025-10-08 00:00:00-04:00,303.894722712774,304.4567493262524,299.2999640741864,299.77325439453125,6489900
2025-10-09 00:00:00-04:00,300.77893750215213,303.7270945284432,299.1422058887319,301.2522277832031,7060300
2025-10-10 00:00:00-04:00,301.3804193716138,306.1230715472904,296.5983188157025,296.6772155761719,8597400
2025-10-13 00:00:00-04:00,301.321238204041,305.1271791148808,301.17334440263704,303.6580505371094,10788700
2025-10-14 00:00:00-04:00,301.5578902761218,302.70165257420854,290.0907186231138,297.85052490234375,16178800
2025-10-15 00:00:00-04:00,302.1001843350741,307.7499381556482,301.1634734465224,301.40997314453125,11354800
2025-10-16 00:00:00-04:00,301.0747572360179,304.3581201926382,292.9106878973514,294.360107421875,10549400
2025-10-17 00:00:00-04:00,294.97143359875633,295.3559575215809,290.08088749555986,293.3938293457031,10153500
2025-10-20 00:00:00-04:00,294.32064593592156,299.43798218705626,293.9854099500461,298.1265869140625,6894900
2025-10-21 00:00:00-04:00,297.436411288458,299.7929328501146,292.8416531202475,292.9303894042969,7372700
2025-10-22 00:00:00-04:00,293.6008552074487,293.8868032880077,286.4721030595595,289.9920959472656,8054100
2025-10-23 00:00:00-04:00,290.25834375227123,292.2204718178062,288.4145307332595,290.4161071777344,5438800
2025-10-24 00:00:00-04:00,291.93451945757295,298.36325106738366,291.31336547241364,296.2334899902344,7228300
2025-10-27 00:00:00-04:00,297.92941246883,300.2662249001909,296.7955198233114,299.89154052734375,5642200
2025-10-28 00:00:00-04:00,300.59159530101573,303.6580673748709,298.915415308335,301.0845947265625,6336000
2025-10-29 00:00:00-04:00,299.2605157595805,303.93414060421026,298.7675163425421,301.2325134277344,7520300
2025-10-30 00:00:00-04:00,301.50859316866377,308.2330823767899,300.82825156305904,305.10748291015625,7514600
2025-10-31 00:00:00-04:00,304.22008283002725,308.4894444595929,302.9481359332913,306.7639465332031,7721300
2025-11-03 00:00:00-05:00,306.6456604912348,307.9471862719047,301.9227172950412,305.0187683105469,7770000
2025-11-04 00:00:00-05:00,302.415720333495,307.84858401169095,300.82827651560933,304.920166015625,7085200
2025-11-05 00:00:00-05:00,305.27510663609064,308.7162632770978,301.35085025066564,307.3161315917969,6865200
2025-11-06 00:00:00-05:00,306.6357687557767,310.4318702971036,305.9160088624015,309.0317687988281,7206100
2025-11-07 00:00:00-05:00,307.5232049313688,310.0276204199649,303.3327096940284,309.8106994628906,7302300
2025-11-10 00:00:00-05:00,310.5896337890794,315.08578608051664,309.8106862822301,312.45318603515625,5794100
2025-11-11 00:00:00-05:00,313.0546102409576,314.58289630207906,310.86569176259013,311.200927734375,5030200
2025-11-12 00:00:00-05:00,311.83200002815875,317.7381233989844,311.782682032414,315.92388916015625,10578300
2025-11-13 00:00:00-05:00,314.7604626322791,316.14085517487956,304.77228823247975,305.14697265625,8973300
2025-11-14 00:00:00-05:00,303.20448907001065,303.3326737235763,297.012418045434,299.35906982421875,10327000
2025-11-17 00:00:00-05:00,299.74363974118836,301.31137424610444,293.5022804823602,296.1644592285156,8344000
2025-11-18 00:00:00-05:00,295.3066623130797,298.70837045931603,292.8613742767781,295.2179260253906,8077300
2025-11-19 00:00:00-05:00,295.54325979633944,300.18733563828084,295.0798391737984,299.0238342285156,5546600
2025-11-20 00:00:00-05:00,302.05087369332443,305.5807663052954,293.9854105998292,294.20233154296875,7501600
2025-11-21 00:00:00-05:00,297.0715864028587,297.456110287291,288.71030575970536,293.84735107421875,11766800
2025-11-24 00:00:00-05:00,294.0642973394352,295.6221924256846,290.386540762355,293.8276672363281,10940200
2025-11-25 00:00:00-05:00,295.848951187077,300.236658228506,291.42182585555855,298.7576599121094,8877200
2025-11-26 00:00:00-05:00,300.7296512123902,304.21022597199055,298.95486530692773,303.33270263671875,7910900
2025-11-28 00:00:00-05:00,304.7722465716023,309.3275563846455,303.9242719247256,308.6965026855469,4322400
2025-12-01 00:00:00-05:00,308.5683309692949,309.6430660312097,304.2200727283419,304.5947570800781,7727300
2025-12-02 00:00:00-05:00,304.4172805196406,306.1329390093465,302.7903884074122,303.5693359375,7249000
2025-12-03 00:00:00-05:00,302.89885953876745,307.98658713845214,302.50443592551073,307.75982666015625,8535300
2025-12-04 00:00:00-05:00,308.8740221323167,314.0307770729326,308.61765279183703,311.67425537109375,9627800
2025-12-05 00:00:00-05:00,311.22069468967254,314.02092784192007,310.2741141188276,310.62908935546875,6518900
2025-12-08 00:00:00-05:00,310.64879808375287,312.0390600856641,308.96274846028484,310.79669189453125,7417200
2025-12-09 00:00:00-05:00,310.5403783790639,314.336450228146,295.8193913272319,296.30255126953125,18049200
2025-12-10 00:00:00-05:00,296.292632599085,306.8329619363725,294.2811866679717,305.76806640625,18874100
2025-12-11 00:00:00-05:00,304.9102649889192,313.5476242674454,304.9102649889192,312.9363098144531,9721900
2025-12-12 00:00:00-05:00,315.2041261224818,315.7858618718594,312.16726270211575,314.06036376953125,8982900
2025-12-15 00:00:00-05:00,315.11539535630396,318.35934027084556,313.9322146909975,315.53936767578125,10864100
2025-12-16 00:00:00-05:00,314.62240273148194,315.0463750601788,309.99806522837446,311.1319580078125,8331300
2025-12-17 00:00:00-05:00,313.97159360923496,314.8984348971578,310.254388930852,310.5699157714844,8718700
2025-12-18 00:00:00-05:00,311.575672673722,313.2518829489097,307.8485977928193,308.61767578125,11444900
2025-12-19 00:00:00-05:00,309.39657764946713,314.099781180705,308.8049723403709,312.7686767578125,24494400
2025-12-22 00:00:00-05:00,313.0644852104395,318.7043994886834,313.0644852104395,318.56634521484375,8354600
2025-12-23 00:00:00-05:00,319.07908304324746,323.1907116116738,318.56637445826755,321.3666076660156,6668300
2025-12-24 00:00:00-05:00,321.6722493328215,325.36974495293686,320.9426198260136,324.5612487792969,4289300
2025-12-26 00:00:00-05:00,324.502058709128,326.2275566521161,321.96806459862194,323.3188781738281,4158300
2025-12-29 00:00:00-05:00,322.4216288798564,323.1808371734579,319.0002116144308,319.2171325683594,8635300
2025-12-30 00:00:00-05:00,320.2623075229155,320.39049219725354,317.97478280166575,318.89178466796875,7904300
2025-12-31 00:00:00-05:00,319.79886991908165,320.3313177342217,317.5310845539587,317.70855712890625,5048500
2026-01-02 00:00:00-05:00,317.9846252281575,321.1694123071354,316.2492576445291,320.92291259765625,8054000
2026-01-05 00:00:00-05:00,320.94265867445506,332.52814635317964,320.63700140675104,329.36309814453125,10752600
2026-01-06 00:00:00-05:00,329.44229029813283,332.6612412306879,327.49110960074296,331.41326904296875,7660800
2026-01-07 00:00:00-05:00,327.9764350864437,328.9767653957764,321.49890717343806,323.8660583496094,9815200
2026-01-08 00:00:00-05:00,323.27183137637843,328.2339475379842,322.53888044956136,326.63934326171875,11737100
2026-01-09 00:00:00-05:00,326.1936353875406,328.7291759216584,325.0348299492433,326.0450744628906,6738100
2026-01-12 00:00:00-05:00,318.8049332018166,322.90536610933975,318.16114900395775,321.3899841308594,12805100
2026-01-13 00:00:00-05:00,321.20178657189985,323.73732718365267,307.6029755260753,307.9298095703125,19371200
2026-01-14 00:00:00-05:00,305.2556057077196,308.78159262538577,303.19546018048277,304.9287414550781,25951500
2026-01-15 00:00:00-05:00,305.5230197927318,309.95031666446005,304.8098971346673,306.30548095703125,14751400
2026-01-16 00:00:00-05:00,307.38506061636195,314.17950872864606,307.0383983149945,309.48480224609375,14652500
2026-01-20 00:00:00-05:00,303.2845981841295,308.1774060521912,298.9761500928895,299.8477478027344,12900600
2026-01-21 00:00:00-05:00,300.53118494697816,302.4823658305288,298.2729680555718,299.15447998046875,10270100
2026-01-22 00:00:00-05:00,301.9474777854751,305.2555953909441,300.0062112868251,300.729248046875,10535800
2026-01-23 00:00:00-05:00,299.11484222180513,299.4813025896872,293.67730062328087,294.875732421875,11107900
2026-01-26 00:00:00-05:00,294.96487880777863,298.8969527426069,294.60833256531976,298.1640319824219,11752700
2026-01-27 00:00:00-05:00,298.45122352878457,299.08512378237486,295.3016109870806,297.44097900390625,11527400
2026-01-28 00:00:00-05:00,297.4013222225187,299.03558292254246,295.2025300603667,297.89654541015625,9556700
2026-01-29 00:00:00-05:00,299.51100066931883,303.898671192008,299.3327275624257,303.49261474609375,11580000
2026-01-30 00:00:00-05:00,302.333781642444,304.98817089860455,299.66947824936375,302.9676818847656,11953200
2026-02-02 00:00:00-05:00,301.55130128288636,306.3450582127215,298.49082554616626,305.1961669921875,9839400
2026-02-03 00:00:00-05:00,306.77099053389486,313.22869052113475,306.14700443281885,311.8420715332031,12688000
2026-02-04 00:00:00-05:00,311.40629013300924,316.25947197584406,311.40629013300924,314.23895263671875,9848800
2026-02-05 00:00:00-05:00,311.99062599899656,312.9909865673853,302.6210112179966,307.1968688964844,9388000
2026-02-06 00:00:00-05:00,311.7034102684662,321.15227836348157,311.7034102684662,319.3199462890625,17797400
2026-02-09 00:00:00-05:00,318.27007812796035,323.2817350541263,317.05181803840316,319.0228271484375,11477500
2026-02-10 00:00:00-05:00,319.4684837021083,323.01429884581904,312.1094739861534,315.2392883300781,9902200
2026-02-11 00:00:00-05:00,320.1518827061323,322.1724018130651,305.78052608370194,307.8505554199219,8703500
2026-02-12 00:00:00-05:00,309.2966374972976,310.6238322045743,297.1537535117247,299.7487487792969,13443400
2026-02-13 00:00:00-05:00,295.66807823097014,301.3829738793206,293.6871852314235,299.6595764160156,9114500
2026-02-17 00:00:00-05:00,299.8675850307636,305.29521237973853,299.6100592744303,304.1958312988281,8896800
2026-02-18 00:00:00-05:00,305.51309749540866,309.2966101142475,304.2849535938903,305.8300476074219,7209600
2026-02-19 00:00:00-05:00,304.2354272061944,306.2262038721237,302.2049939958365,305.10699462890625,6737700
2026-02-20 00:00:00-05:00,305.4536802835111,308.0288471084009,302.75966472033866,307.82086181640625,7792700
2026-02-23 00:00:00-05:00,305.84984577889935,308.02884001734253,292.2807478108573,294.8262023925781,12955400
2026-02-24 00:00:00-05:00,293.98432184665864,296.886322684036,288.5962907533433,294.459716796875,13554100
2026-02-25 00:00:00-05:00,295.7869507950724,300.75898123488724,294.1725181992404,300.40240478515625,8095500
2026-02-26 00:00:00-05:00,301.67017313360896,306.05787397622345,300.73918125790124,303.20538330078125,7007800
2026-02-27 00:00:00-05:00,297.13393894248406,300.0557680991628,291.636973162459,297.4310607910156,18620800
2026-03-02 00:00:00-05:00,291.9935267958635,297.11414843979566,290.4088063693875,294.7172546386719,8508900
2026-03-03 00:00:00-05:00,289.4975898716125,299.5011046657454,286.73423592223537,297.3914489746094,10278200
2026-03-04 00:00:00-05:00,297.12402886142485,298.12438947518206,292.99388398032096,296.52978515625,8055700
2026-03-05 00:00:00-05:00,295.1332451958745,298.3620800816865,289.63624924146006,290.74554443359375,12732500
2026-03-06 00:00:00-05:00,283.6044306839189,287.21955415339994,280.99955170429564,286.7144470214844,13496500
2026-03-09 00:00:00-04:00,282.7724816341387,288.31898819476027,277.77073879547015,287.1502685546875,12241100
2026-03-10 00:00:00-04:00,286.52626625452876,289.9532025593205,284.43640849634494,285.97161865234375,8344900
2026-03-11 00:00:00-04:00,286.05081661783123,287.70487537204474,282.13854132603683,284.77313232421875,10205000
2026-03-12 00:00:00-04:00,280.1279538528093,281.167940752382,276.4336079693154,280.1874084472656,13760500
2026-03-13 00:00:00-04:00,281.9504072447318,284.4463214441296,280.2468381234208,280.7321472167969,9091200
2026-03-16 00:00:00-04:00,283.6044205599556,286.506421278288,281.89093739443587,283.4261474609375,8149000
2026-03-17 00:00:00-04:00,286.23902796907333,288.97266988082987,283.2181783456238,284.1492004394531,8961200
2026-03-18 00:00:00-04:00,284.08974843243266,286.6451172582804,282.3960934275981,284.9910583496094,10057000
2026-03-19 00:00:00-04:00,284.1392586396808,286.7441374214082,281.9008401776293,285.2188415527344,9846700
2026-03-20 00:00:00-04:00,285.32782503235495,287.9327042603992,282.54467268192724,283.8223571777344,22436500
2026-03-23 00:00:00-04:00,291.4982779446762,292.9245231806114,285.2188513876401,287.14031982421875,11470800
2026-03-24 00:00:00-04:00,283.4360748065673,292.6571288676103,282.64369950840546,289.6065368652344,11092300
2026-03-25 00:00:00-04:00,291.3398308899875,294.7965097163498,289.6461758443202,292.59771728515625,12188200
2026-03-26 00:00:00-04:00,289.78482055260446,292.1718002190451,287.95251872814185,288.8736267089844,8669200
2026-03-27 00:00:00-04:00,286.3777093696089,287.3384134369941,279.05829538327214,280.13787841796875,9873300
2026-03-30 00:00:00-04:00,282.01972478590784,284.50575515603197,279.6327451103039,281.0589904785156,11734400
2026-03-31 00:00:00-04:00,285.71408872506316,292.25104134220237,282.22772810140145,291.3497314453125,12956900
2026-04-01 00:00:00-04:00,292.567989087923,295.8661624411999,290.1116710297465,292.5580749511719,11267200
2026-04-02 00:00:00-04:00,289.1212191631598,292.7957669317203,285.9616926535428,291.7855224609375,6669300
2026-04-06 00:00:00-04:00,292.7412191857173,295.4987855589938,291.88509063240025,294.125,7142600
2026-04-07 00:00:00-04:00,291.8253790066561,296.8427544058445,291.38734983011653,296.0662536621094,7849100
2026-04-08 00:00:00-04:00,306.5888366699219,309.8640903908154,303.96066179364243,306.5888366699219,10590200
2026-04-09 00:00:00-04:00,305.5734164156603,309.8640846884941,304.73715687535,308.938232421875,6586600
2026-04-10 00:00:00-04:00,308.6097380099313,308.9581744354404,305.344449093958,308.4803161621094,6069700
2026-04-13 00:00:00-04:00,306.0910825316173,312.33295236293975,304.0900871089203,312.2732238769531,8318200
2026-04-14 00:00:00-04:00,308.4305432499699,312.91036189245165,307.4847916064935,309.7247009277344,11455500
2026-04-15 00:00:00-04:00,312.54203541599225,312.8307129741003,302.8954898881459,304.5579833984375,9885800
2026-04-16 00:00:00-04:00,303.98059076810495,308.5599670410156,303.8312695552229,308.5599670410156,8208600
2026-04-17 00:00:00-04:00,311.068653468178,313.4877482505245,308.69932229637936,308.8984375,11082400
2026-04-20 00:00:00-04:00,309.45594165814435,315.70777661938337,308.9780833700189,315.5683898925781,10772000
2026-04-21 00:00:00-04:00,316.0661368489313,318.8038038717339,311.3474041387296,311.5962829589844,7084300
2026-04-22 00:00:00-04:00,313.43799038623484,313.73663281642627,310.5410372905177,311.6161804199219,5545900
2026-04-23 00:00:00-04:00,312.11395497732667,313.57736372602733,307.5047445243564,310.29217529296875,6969700
2026-04-24 00:00:00-04:00,309.7545850384977,309.7545850384977,306.5092257615542,306.8974609375,5215300
2026-04-27 00:00:00-04:00,305.50372444273444,311.1781431330245,305.50372444273444,310.232421875,7925300
2026-04-28 00:00:00-04:00,313.78643555890045,314.03531438457196,309.7745101043047,310.0532531738281,7398600
2026-04-29 00:00:00-04:00,309.1771855961317,310.65052875636707,305.91189671624613,307.86309814453125,8031800
2026-04-30 00:00:00-04:00,305.6928786901284,312.6913497643884,305.1951210592971,311.82525634765625,8865400
2026-05-01 00:00:00-04:00,312.54203812020876,314.6624601726697,310.43152018106696,311.06866455078125,6135400
2026-05-04 00:00:00-04:00,309.22694520939064,309.2568094519629,305.13539207341324,306.270263671875,7338200
2026-05-05 00:00:00-04:00,306.32999740556414,309.5753869306937,305.42407485773,308.0124206542969,6316800
2026-05-06 00:00:00-04:00,310.0532528884956,314.84167905955115,309.95369528217543,313.4877624511719,8629500
2026-05-07 00:00:00-04:00,313.23887676443206,314.8814709002291,304.76706239082745,304.8964538574219,8359600
2026-05-08 00:00:00-04:00,306.86759124184925,307.60426284206056,299.1523476664256,300.74517822265625,9464300
2026-05-11 00:00:00-04:00,300.74515961007836,301.83026757429667,297.5395993270601,298.6545715332031,9512000
2026-05-12 00:00:00-04:00,298.67447538308426,304.6873960201211,294.2245209852311,303.5126953125,9498200
2026-05-13 00:00:00-04:00,300.91440289675086,301.6411400127173,298.72428743531935,298.9034729003906,7709500
2026-05-14 00:00:00-04:00,300.8945046380796,302.38777761395096,297.4699295162906,298.56500244140625,7364300
2026-05-15 00:00:00-04:00,298.86362628854243,299.44104214981957,295.1205095874812,296.4743957519531,8699300
2026-05-18 00:00:00-04:00,296.6635495230975,299.908939014877,295.8870488301784,299.3813171386719,7546300
2026-05-19 00:00:00-04:00,299.7396822358739,300.436555061437,293.935841710235,294.3738708496094,8066900
2026-05-20 00:00:00-04:00,295.3694126574367,301.57145376364997,292.35300240137923,300.625732421875,9327000
2026-05-21 00:00:00-04:00,299.8790926087445,302.6167597554335,298.8636475324957,301.6411437988281,7874400
2026-05-22 00:00:00-04:00,303.31359328873907,306.07119010408854,302.4773640852478,305.0059814453125,5973900
2026-05-26 00:00:00-04:00,307.1065011172144,308.54004556072954,304.0701916446211,305.3643493652344,7725400
2026-05-27 00:00:00-04:00,303.63215366632585,304.52811132231307,294.42363753054383,297.93780517578125,11779200
2026-05-28 00:00:00-04:00,296.23549066837876,299.7197941661088,294.4236455581874,295.3992614746094,9757700
2026-05-29 00:00:00-04:00,295.070728717322,298.53513289689414,293.87612858626386,297.9676818847656,13969000
2026-06-01 00:00:00-04:00,296.3549462063085,298.20659004481905,293.94578586060317,295.2499084472656,7930000
2026-06-02 00:00:00-04:00,295.17027051801705,300.7152977310929,293.9457758280521,299.6102600097656,8296200
2026-06-03 00:00:00-04:00,298.5749714904202,300.60580089187994,295.23002417973413,299.50079345703125,7003900
2026-06-04 00:00:00-04:00,304.36883009196185,311.5066879726736,303.0746723882986,309.4957580566406,10345200
2026-06-05 00:00:00-04:00,312.8805189963161,313.58732636819616,308.211549706599,310.9691162109375,9118800
2026-06-08 00:00:00-04:00,311.84516953437026,314.88147906470095,309.3862455138746,309.7147521972656,6827000
2026-06-09 00:00:00-04:00,312.1040028799189,315.0009559692908,307.62418415256917,311.2976379394531,11594600
2026-06-10 00:00:00-04:00,311.1582462393224,313.3384270822022,307.64407859799763,307.75360107421875,7446200
2026-06-11 00:00:00-04:00,308.1717081621576,313.30857066124145,307.4947650619962,312.0840759277344,9116600
2026-06-12 00:00:00-04:00,314.5529794375797,319.85906276888113,314.1348496322589,319.28167724609375,7426200
2026-06-15 00:00:00-04:00,322.4673390673774,324.4583697274161,317.41010417767774,317.96759033203125,7988900
2026-06-16 00:00:00-04:00,322.8455866314347,330.26218746993305,322.56684357389287,329.6549377441406,11094900
2026-06-17 00:00:00-04:00,330.69024974688585,336.25517637046335,330.01330666560995,331.9645080566406,12246400
2026-06-18 00:00:00-04:00,335.4388795655989,336.57375116590936,322.70623086248213,323.761474609375,20111000
2026-06-22 00:00:00-04:00,328.22139226156105,331.2776010100568,325.28461010223134,329.993408203125,10182500
2026-06-23 00:00:00-04:00,327.9924099173137,333.86594380335947,325.7425357353925,332.6414794921875,7582200
2026-06-24 00:00:00-04:00,331.57628916780243,333.02973300317086,328.291070440402,331.95458984375,7907400
2026-06-25 00:00:00-04:00,333.4577793441399,341.90972446819404,333.2586945227413,333.6170654296875,10043100
2026-06-26 00:00:00-04:00,334.49312290223526,334.8913229247855,326.03124330500606,327.57427978515625,17640900
2026-06-29 00:00:00-04:00,326.80774304304947,330.8993264933345,325.73259994718205,327.91278076171875,7981800
2026-06-30 00:00:00-04:00,327.41503128103255,328.95806779511634,325.2149206632551,325.86199951171875,8080100
2026-07-01 00:00:00-04:00,326.89735842569155,334.13477419390347,323.5524415571975,332.5718078613281,15210200
2026-07-02 00:00:00-04:00,336.5040683580973,338.4751995750331,330.2820977776739,332.9700012207031,8413900
2026-07-06 00:00:00-04:00,335.0,339.7200012207031,334.1099853515625,337.7200012207031,8673500
2026-07-07 00:00:00-04:00,340.9800109863281,341.3999938964844,337.0899963378906,339.2200012207031,7115800
2026-07-08 00:00:00-04:00,336.5299987792969,336.5299987792969,330.1300048828125,330.6199951171875,18505200
2026-07-09 00:00:00-04:00,331.4599914550781,337.0,330.80999755859375,335.4700012207031,15570600
2026-07-10 00:00:00-04:00,337.4700012207031,338.5899963378906,335.7699890136719,336.4700012207031,6299000
2026-07-13 00:00:00-04:00,338.3399963378906,338.3500061035156,332.5,334.5299987792969,7120300
2026-07-14 00:00:00-04:00,327.0,344.7300109863281,325.75,342.8900146484375,14537900
2026-07-15 00:00:00-04:00,345.8500061035156,351.239990234375,344.04998779296875,346.9100036621094,10750000
2026-07-16 00:00:00-04:00,349.2799987792969,349.3399963378906,341.1099853515625,343.1499938964844,12432400
2026-07-17 00:00:00-04:00,339.0299987792969,346.1300048828125,335.04998779296875,341.1000061035156,9250900
2026-07-20 00:00:00-04:00,341.79998779296875,344.260009765625,337.3699951171875,338.8699951171875,7723300
2026-07-21 00:00:00-04:00,340.1199951171875,345.739990234375,337.29998779296875,345.2300109863281,6015300
2026-07-22 00:00:00-04:00,345.07000732421875,349.07000732421875,344.25,348.2099914550781,8040200
2026-07-23 00:00:00-04:00,346.5799865722656,349.9200134277344,345.4200134277344,349.8999938964844,10913000
2026-07-24 00:00:00-04:00,350.6400146484375,353.3699951171875,347.5,353.2099914550781,7520800
2026-07-27 00:00:00-04:00,357.8900146484375,359.04998779296875,352.5799865722656,356.20001220703125,7884900
2026-07-28 00:00:00-04:00,357.29998779296875,359.29998779296875,354.1499938964844,357.30999755859375,6533800
2026-07-29 00:00:00-04:00,356.5,357.3699951171875,343.7799987792969,344.7099914550781,8265300
2026-07-30 00:00:00-04:00,347.5400085449219,352.2799987792969,345.3699951171875,350.8500061035156,7606500
2026-07-31 00:00:00-04:00,353.29998779296875,354.4700012207031,349.70001220703125,351.7900085449219,6603400
2026-08-03 00:00:00-04:00,353.75,355.6199951171875,350.8399963378906,352.6400146484375,6436600
2026-08-04 00:00:00-04:00,355.0,363.0,353.8699951171875,357.5199890136719,8477200
2026-08-05 00:00:00-04:00,358.9700012207031,362.1700134277344,358.20001220703125,359.239990234375,5269500
2026-08-06 00:00:00-04:00,362.80999755859375,362.80999755859375,354.95001220703125,356.29998779296875,5820100
2026-08-07 00:00:00-04:00,355.760009765625,358.8500061035156,353.3299865722656,357.5199890136719,4566200
2026-08-10 00:00:00-04:00,357.9599914550781,359.989990234375,356.5,359.7900085449219,5327500
2026-08-11 00:00:00-04:00,360.04998779296875,363.1199951171875,358.6000061035156,362.0400085449219,4576500
2026-08-12 00:00:00-04:00,362.9700012207031,366.0899963378906,361.29998779296875,365.17999267578125,4366800
2026-08-13 00:00:00-04:00,366.5,366.5,361.5199890136719,363.1099853515625,5102700
2026-08-14 00:00:00-04:00,363.0,365.8999938964844,361.45001220703125,362.8399963378906,5058600
2026-08-17 00:00:00-04:00,361.94000244140625,365.75,360.9599914550781,360.9599914550781,5282600
2026-08-18 00:00:00-04:00,362.3399963378906,363.57000732421875,359.2699890136719,363.25,5525100
2026-08-19 00:00:00-04:00,363.010009765625,363.04998779296875,355.6499938964844,357.260009765625,6696200
2026-08-20 00:00:00-04:00,357.6000061035156,357.95001220703125,351.54998779296875,351.54998779296875,6799700
2026-08-21 00:00:00-04:00,354.07000732421875,356.8599853515625,350.3699951171875,351.5799865722656,8112100
2026-08-24 00:00:00-04:00,353.29998779296875,358.2799987792969,352.82000732421875,356.3900146484375,4394400
2026-08-25 00:00:00-04:00,357.0,357.3699951171875,353.07000732421875,356.69000244140625,4298000
2026-08-26 00:00:00-04:00,356.5,358.3500061035156,354.6000061035156,356.5,5796500
2026-08-27 00:00:00-04:00,354.67999267578125,357.57000732421875,352.2300109863281,354.2200012207031,5209900
2026-08-28 00:00:00-04:00,355.6700134277344,358.7300109863281,354.2200012207031,357.6199951171875,3914500
2026-08-31 00:00:00-04:00,355.8999938964844,357.7699890136719,354.7699890136719,356.0199890136719,7962900
2026-09-01 00:00:00-04:00,355.7300109863281,359.92999267578125,354.1199951171875,354.95001220703125,5079000
2026-09-02 00:00:00-04:00,357.54998779296875,361.4700012207031,353.7900085449219,356.2200012207031,5341400
2026-09-03 00:00:00-04:00,358.67999267578125,362.8500061035156,356.3900146484375,362.05999755859375,5414200
2026-09-04 00:00:00-04:00,361.0,362.8599853515625,355.20001220703125,358.6400146484375,4873500
2026-09-08 00:00:00-04:00,357.1000061035156,358.54998779296875,353.2300109863281,353.510009765625,5631400
2026-09-09 00:00:00-04:00,352.0,356.3299865722656,348.69000244140625,354.7099914550781,6318200
2026-09-10 00:00:00-04:00,353.510009765625,354.2200012207031,351.1199951171875,353.55999755859375,4184200
2026-09-11 00:00:00-04:00,358.32000732421875,360.04998779296875,354.7900085449219,356.2300109863281,5354600
2026-09-14 00:00:00-04:00,354.2300109863281,355.2799987792969,347.54998779296875,350.1300048828125,9609900
2026-09-15 00:00:00-04:00,351.0,354.70001220703125,343.07000732421875,352.489990234375,14026500
2026-09-16 00:00:00-04:00,353.3800048828125,355.6000061035156,344.69000244140625,348.9200134277344,8303400
2026-09-17 00:00:00-04:00,352.25,353.489990234375,345.2699890136719,349.30999755859375,6480100
2026-09-18 00:00:00-04:00,347.8900146484375,349.6700134277344,345.010009765625,349.6700134277344,18290400
