Date,Open,High,Low,Close,Volume
2021-09-20 00:00:00-04:00,284.3959685720782,286.68973080217256,277.860228217035,282.4477233886719,38278700
2021-09-21 00:00:00-04:00,283.78181431814966,285.5573159726547,282.2270605228024,282.9276428222656,22364100
2021-09-22 00:00:00-04:00,284.7799171748866,288.12935637243464,282.64932121103874,286.5553894042969,26626300
2021-09-23 00:00:00-04:00,286.81448200996863,288.781911071233,285.5476350659735,287.4958801269531,18604600
2021-09-24 00:00:00-04:00,286.2193914606386,287.726140579273,284.97172879750883,287.2942810058594,14999000
2021-09-27 00:00:00-04:00,284.21366203503686,284.53035916304015,281.142522901756,282.322998046875,23571700
2021-09-28 00:00:00-04:00,278.12892262453175,279.0694657966121,271.36285777992146,272.1018371582031,43186200
2021-09-29 00:00:00-04:00,273.61823631743374,275.22096437346653,271.6124099419833,272.5625305175781,26353700
2021-09-30 00:00:00-04:00,274.20362889854306,276.2382457189751,270.27834846883263,270.5662841796875,32343600
2021-10-01 00:00:00-04:00,270.7582763645691,278.301748595393,269.96171554788884,277.4571838378906,30086300
2021-10-04 00:00:00-04:00,275.8256432027342,276.1615536435043,268.9635982922401,271.7084045410156,31350700
2021-10-05 00:00:00-04:00,272.61052278816857,278.7047968877301,272.61052278816857,277.130859375,24993000
2021-10-06 00:00:00-04:00,274.270845855537,281.80471044780717,274.0117300480355,281.3056335449219,28002600
2021-10-07 00:00:00-04:00,283.2922830435044,284.6935059183277,282.08304662293614,282.9755859375,20430500
2021-10-08 00:00:00-04:00,284.2904075857707,284.6935059183277,281.92948674808355,282.9755859375,17685700
2021-10-11 00:00:00-04:00,281.12334424926865,285.96995558239155,280.96017771512624,282.3805847167969,19298600
2021-10-12 00:00:00-04:00,283.4457590059384,283.5417375603763,280.57618474606346,281.0848388671875,17974100
2021-10-13 00:00:00-04:00,283.0331577701654,285.307706593833,281.67033223174053,284.37677001953125,23416300
2021-10-14 00:00:00-04:00,287.16002147005213,291.0565122938527,285.8355929980948,290.5574645996094,27262900
2021-10-15 00:00:00-04:00,290.16399355489904,292.18903370330804,288.41728256762934,291.95867919921875,25384800
2021-10-18 00:00:00-04:00,291.34439492137415,295.79751392665924,290.4998302940227,294.9145812988281,22729300
2021-10-19 00:00:00-04:00,295.93184346871436,296.8435665984587,294.84734720965776,295.8166809082031,17682100
2021-10-20 00:00:00-04:00,296.75728265313415,297.22756896603414,293.7821220408967,295.02978515625,16537100
2021-10-21 00:00:00-04:00,294.7994554629315,298.49438223529035,294.0220493838015,298.244873046875,16918100
2021-10-22 00:00:00-04:00,297.89928072629334,298.56149475669326,295.40398445260985,296.709228515625,17449300
2021-10-25 00:00:00-04:00,296.90120994069343,296.9396072317386,294.1180067552253,295.72076416015625,17554500
2021-10-26 00:00:00-04:00,298.47520410987,299.8188165343258,296.1718643410095,297.62103271484375,28107300
2021-10-27 00:00:00-04:00,303.2738027325777,312.9670535510442,303.2738027325777,310.1550598144531,52588700
2021-10-28 00:00:00-04:00,311.2682928158976,311.7865536762648,308.4179020167002,311.2875061035156,26297900
2021-10-29 00:00:00-04:00,311.0764222231841,318.62947157711153,310.8556743947785,318.2647705078125,34766000
2021-11-01 00:00:00-04:00,318.01516375454963,318.1399329660543,313.2261348081766,316.1053161621094,27073200
2021-11-02 00:00:00-04:00,317.00752073679007,320.02107850414706,316.71000761817237,319.7139587402344,26487100
2021-11-03 00:00:00-04:00,320.4528800727002,321.4126071943846,317.333766927226,320.5488586425781,21500100
2021-11-04 00:00:00-04:00,319.48363531417436,322.98663410539643,316.2397523503642,322.8906555175781,23992200
2021-11-05 00:00:00-04:00,324.8773141787061,325.14603666479826,320.9520328371746,322.5259704589844,22570100
2021-11-08 00:00:00-05:00,323.7160006633111,324.0519110698877,320.97119469393846,323.4184875488281,20897000
2021-11-09 00:00:00-05:00,323.5335762229284,325.07875202475316,321.0574932867859,322.4203186035156,21307400
2021-11-10 00:00:00-05:00,321.0959739152807,321.1535552109362,316.63324777065986,317.477783203125,25500900
2021-11-11 00:00:00-05:00,317.9096735712425,320.3281758647958,317.19948472941286,319.0421447753906,16849800
2021-11-12 00:00:00-05:00,320.4721079279366,323.6488025020353,320.3473387102782,323.1593322753906,23831000
2021-11-15 00:00:00-05:00,323.9463532471072,324.27265700662844,320.57770113283607,322.5355529785156,16723000
2021-11-16 00:00:00-05:00,322.16120369996304,326.9502621097972,321.998066485535,325.83697509765625,20886800
2021-11-17 00:00:00-05:00,325.8850760747881,329.0098960712893,324.9812796361216,326.0581359863281,19053400
2021-11-18 00:00:00-05:00,325.15435635646554,329.25990808153233,324.1351865907532,328.1253356933594,22463500
2021-11-19 00:00:00-05:00,329.442540350279,331.8077802509148,329.01948549427823,329.8944091796875,21963400
2021-11-22 00:00:00-05:00,331.3464196728383,336.20192866880643,326.47169157116883,326.74090576171875,31031100
2021-11-23 00:00:00-05:00,324.06781451737515,326.37539705653046,320.7122484325142,324.6735534667969,30427600
2021-11-24 00:00:00-05:00,323.32749241749696,325.1350850982955,321.04878247024,324.89471435546875,21661300
2021-11-26 00:00:00-05:00,321.4719515047793,324.9140488540787,315.48189990283305,316.9818115234375,24217200
2021-11-29 00:00:00-05:00,322.0392144330682,325.97167755508315,321.8469060388488,323.66412353515625,28563500
2021-11-30 00:00:00-05:00,322.4045150069706,324.7697551795586,316.31831064916247,317.856689453125,42885600
2021-12-01 00:00:00-05:00,322.22187131790565,326.21202075185647,316.7029671084376,317.3663635253906,33337600
2021-12-02 00:00:00-05:00,317.57784067361735,320.6449739601022,315.1741330410827,316.7990417480469,30766000
2021-12-03 00:00:00-05:00,319.20276398285586,319.8854381080619,305.7804681645628,310.56866455078125,41779300
2021-12-06 00:00:00-05:00,311.472416708919,314.8376070697841,306.9342159628672,313.6261291503906,30032600
2021-12-07 00:00:00-05:00,318.86626463105284,322.8660084465521,317.38557246325246,322.0199279785156,31021900
2021-12-08 00:00:00-05:00,322.3948633464057,322.57754746432244,318.05856561396024,322.0679626464844,24761000
2021-12-09 00:00:00-05:00,321.5295600175577,323.5294319116375,319.3277555505204,320.27001953125,22214200
2021-12-10 00:00:00-05:00,322.0776553641923,329.78874012403924,321.89497120742305,329.3464660644531,38095700
2021-12-13 00:00:00-05:00,327.5581205344927,330.5483488274046,326.01974140047037,326.3274230957031,28899400
2021-12-14 00:00:00-05:00,320.3854016251195,321.75072054562577,311.6262752750999,315.693359375,44438700
2021-12-15 00:00:00-05:00,315.9529188096588,322.2794934666321,312.00123771055326,321.7602844238281,35381100
2021-12-16 00:00:00-05:00,322.77952611826163,323.7891011125143,310.5783016127801,312.3858947753906,35034800
2021-12-17 00:00:00-05:00,308.52073257010983,312.40513289702955,305.03054387453375,311.3282470703125,47750300
2021-12-20 00:00:00-05:00,307.722635580741,310.3667139438823,305.3381764176737,307.5880432128906,28326500
2021-12-21 00:00:00-05:00,310.837814740566,315.10680116096665,307.4822194692522,314.6837463378906,24740600
2021-12-22 00:00:00-05:00,315.65485969090975,320.7603321144237,313.203089758129,320.36614990234375,24831500
2021-12-23 00:00:00-05:00,319.9334269282315,323.43323868042853,319.9142078338815,321.7987060546875,19617800
2021-12-27 00:00:00-05:00,322.5391310058425,329.2887615338592,322.5102876848739,329.2599182128906,19947000
2021-12-28 00:00:00-05:00,329.93289096293216,330.5674732743384,327.21190693909,328.1060791015625,15661500
2021-12-29 00:00:00-05:00,328.15415682405353,331.0386060056612,326.59655896072684,328.7791442871094,15042000
2021-12-30 00:00:00-05:00,328.7406955115323,329.9137060860202,325.76971620596595,326.2504577636719,15994500
2021-12-31 00:00:00-05:00,325.47161689597885,326.28885396518314,322.91406861710993,323.365966796875,18000800
2022-01-03 00:00:00-05:00,322.4334327175885,324.98135761149877,317.0779636580305,321.8565368652344,28865100
2022-01-04 00:00:00-05:00,321.93342622590194,322.28919967860554,313.5589152681552,316.3376159667969,32674300
2022-01-05 00:00:00-05:00,313.30877756130513,313.51071007978527,303.8093519495076,304.1939392089844,40054300
2022-01-06 00:00:00-05:00,301.08842050942394,306.42466920650463,299.49235507622586,301.7903137207031,39646100
2022-01-07 00:00:00-05:00,302.05002399903145,304.3095160052565,298.14640348706246,301.94427490234375,32720000
2022-01-10 00:00:00-05:00,297.56942521329626,302.5979928961551,292.9543176051216,302.1653137207031,44289500
2022-01-11 00:00:00-05:00,301.3095522143525,304.41512357671206,297.95398587837894,302.8479309082031,29386800
2022-01-12 00:00:00-05:00,307.35733034753923,310.9532679259109,304.86706317706137,306.01123046875,34372200
2022-01-13 00:00:00-05:00,308.1264806975711,308.5206922774309,292.2908533568236,293.0600280761719,45366000
2022-01-14 00:00:00-05:00,292.53120896925554,298.84815945566663,292.0504674590349,298.2520446777344,39846400
2022-01-18 00:00:00-05:00,292.358208481325,297.86748852909545,290.1179361568295,290.9928894042969,42333200
2022-01-19 00:00:00-05:00,294.4926786966677,301.8191755170397,291.04095775062984,291.64666748046875,45933900
2022-01-20 00:00:00-05:00,297.1656180407453,299.64623177263644,289.54106334856164,289.98333740234375,35380700
2022-01-21 00:00:00-05:00,291.0313502433303,292.39663994676283,284.22403280045586,284.62786865234375,57984400
2022-01-24 00:00:00-05:00,280.94531414889065,285.66616935055157,265.4173418936867,284.9546813964844,85731500
2022-01-25 00:00:00-05:00,280.2915889984612,283.6279370796621,274.1861937797464,277.3782958984375,72848600
2022-01-26 00:00:00-05:00,296.12711173242496,296.6174774054617,281.7433356306015,285.2815856933594,90428900
2022-01-27 00:00:00-05:00,291.0024659264915,295.46373205879246,286.4546404978711,288.29107666015625,53481300
2022-01-28 00:00:00-05:00,288.66613137183003,296.5983683124137,283.10875927077944,296.3868408203125,49743700
2022-01-31 00:00:00-05:00,297.05020471160907,300.34808458292423,294.56956197195456,299.00201416015625,46444500
2022-02-01 00:00:00-05:00,298.4539337157057,298.6654611438378,293.37730478266843,296.86749267578125,40950400
2022-02-02 00:00:00-05:00,297.70409779954787,302.9826320626324,296.9829852787049,301.3865661621094,36636000
2022-02-03 00:00:00-05:00,297.5694010605456,299.24240163998115,288.4064681116785,289.64678955078125,43730000
2022-02-04 00:00:00-05:00,288.6469093043459,296.9060477888783,288.416162689019,294.1562194824219,35096500
2022-02-07 00:00:00-05:00,294.3772490807872,295.9829091831595,288.34873217729285,289.3583068847656,28533300
2022-02-08 00:00:00-05:00,289.6467780186861,293.7907677485287,288.3968617508122,292.82928466796875,32421200
2022-02-09 00:00:00-05:00,297.93466955184937,299.9153217659017,295.55021099472884,299.2230529785156,31284700
2022-02-10 00:00:00-05:00,292.3293112144285,297.21363213902004,289.1179613871902,290.7332458496094,45386200
2022-02-11 00:00:00-05:00,291.51204526354115,292.5696824760353,282.8875412205064,283.67596435546875,39175600
2022-02-14 00:00:00-05:00,282.45490783075724,285.3297625384846,280.12813492881736,283.6375427246094,36359500
2022-02-15 00:00:00-05:00,288.45451559979455,289.21406602076195,285.5796615630517,288.89678955078125,27058300
2022-02-16 00:00:00-05:00,287.47087375855756,289.8795515618136,282.95219184742473,288.5596008300781,29982100
2022-02-17 00:00:00-05:00,285.5342722610437,285.9582018841707,279.4066103677046,280.1099548339844,32461600
2022-02-18 00:00:00-05:00,282.34526097655436,283.1256704001954,275.8514736331867,277.41229248046875,34264000
2022-02-22 00:00:00-05:00,274.58928762159644,280.8903974019096,274.1075520292779,277.2099304199219,41736100
2022-02-23 00:00:00-05:00,279.5800143024753,281.04450907473114,269.868239331168,270.0320129394531,37811200
2022-02-24 00:00:00-05:00,262.55554816759064,284.3781651371424,261.6016916782459,283.8289794921875,56989700
2022-02-25 00:00:00-05:00,284.35892976880194,286.75796386461934,280.9963949831395,286.44964599609375,32546700
2022-02-28 00:00:00-05:00,283.5591579767434,288.2127395416602,282.29701327303695,287.8755187988281,34627500
2022-03-01 00:00:00-05:00,285.57288855148806,289.0124881625568,281.4781355105427,284.1758728027344,31217800
2022-03-02 00:00:00-05:00,284.57084383733564,290.4576682481348,282.9715074955346,289.22442626953125,31873000
2022-03-03 00:00:00-05:00,291.82580808856017,292.05703176941057,283.30869674167064,285.11041259765625,27314500
2022-03-04 00:00:00-05:00,283.539896997228,284.8598476008339,276.6799879839054,279.2716979980469,32356500
2022-03-07 00:00:00-05:00,277.99029686784587,279.10792679805024,268.35558650691434,268.7217102050781,43157200
2022-03-08 00:00:00-05:00,267.6523109324147,273.5872975701551,260.13724667838545,265.7735595703125,48159500
2022-03-09 00:00:00-05:00,273.0862341495731,279.02121928908525,270.5233976527745,277.9613952636719,35204500
2022-03-10 00:00:00-05:00,272.6816172407287,276.1308607136372,270.33074508462164,275.1577453613281,30628000
2022-03-11 00:00:00-05:00,277.44115846333716,278.93455646472097,269.2227503051047,269.8393859863281,27209300
2022-03-14 00:00:00-04:00,270.09941892286037,274.97457915037205,265.7445411955345,266.3418884277344,30660700
2022-03-15 00:00:00-04:00,270.10914399569396,277.3062746946172,268.5483254301358,276.6607360839844,34245100
2022-03-16 00:00:00-04:00,278.54913550581284,283.80970925762125,272.8550467725236,283.63629150390625,37826300
2022-03-17 00:00:00-04:00,282.576451409173,284.81168204871824,278.7996317030362,284.4359436035156,30816600
2022-03-18 00:00:00-04:00,284.5804958303675,290.0048436231841,282.0369470428673,289.4556579589844,43390600
2022-03-21 00:00:00-04:00,287.9718985278678,289.17623743354596,284.12762874703543,288.2320251464844,28351200
2022-03-22 00:00:00-04:00,288.8486670583763,293.85872928601555,287.85629285362114,292.95306396484375,27599700
2022-03-23 00:00:00-04:00,289.53274726035676,292.1533901687108,286.84465430957243,288.54998779296875,25715400
2022-03-24 00:00:00-04:00,288.2127985858923,293.0879606698215,287.4227451186162,292.9916076660156,24484500
2022-03-25 00:00:00-04:00,294.0803119983577,294.3404386258809,288.35729097039587,292.5869140625,22566500
2022-03-28 00:00:00-04:00,293.2131286444829,299.44678744893827,293.2131286444829,299.3504638671875,29578200
2022-03-29 00:00:00-04:00,302.4432514351578,304.2834849768808,297.7607660592807,303.8884582519531,30393400
2022-03-30 00:00:00-04:00,302.2986959453416,304.40869996608586,300.1983066415058,302.39501953125,28163600
2022-03-31 00:00:00-04:00,302.4335907750661,303.6283150055242,296.643149106342,297.04779052734375,33422100
2022-04-01 00:00:00-04:00,298.0690878498517,298.8013353889546,294.3790059993479,298.1172790527344,27110500
2022-04-04 00:00:00-04:00,298.76279420407815,303.59940925877385,298.3966704273003,303.46453857421875,24289600
2022-04-05 00:00:00-04:00,301.8266373690895,303.36819729800135,298.550840896908,299.5239562988281,23156700
2022-04-06 00:00:00-04:00,294.04175386251336,295.7856342398464,285.8715081688589,288.5596008300781,40110400
2022-04-07 00:00:00-04:00,285.8233566950077,292.5580106672026,285.5246829888432,290.3612976074219,31411200
2022-04-08 00:00:00-04:00,289.4652859924413,290.1204393434208,285.4572423231668,286.1220397949219,24361900
2022-04-11 00:00:00-04:00,281.13127920546333,281.9213032700954,274.58930130303617,274.8398132324219,34569300
2022-04-12 00:00:00-04:00,278.6744307786593,280.119637735793,270.24405686204636,271.7567138671875,30966700
2022-04-13 00:00:00-04:00,272.4021374730717,278.038418701992,271.0243517433283,277.1134948730469,21907200
2022-04-14 00:00:00-04:00,277.56646786602556,277.7784327469066,269.1168344018573,269.6081848144531,28221600
2022-04-18 00:00:00-04:00,268.7217442498862,272.14205510022083,268.17255863306326,270.2729187011719,20778000
2022-04-19 00:00:00-04:00,269.1745633932946,275.7165404624221,268.2399952405621,274.8782958984375,22297700
2022-04-20 00:00:00-04:00,278.8285578322928,279.1176168323527,274.9457700942281,275.89959716796875,22906700
2022-04-21 00:00:00-04:00,278.03852943515125,282.5861150592423,269.82976470304897,270.5523681640625,29454600
2022-04-22 00:00:00-04:00,271.39056854763874,272.8550636325426,263.393769113378,264.02001953125,29405800
2022-04-25 00:00:00-04:00,263.30702351755633,270.8413451266627,260.8790575428307,270.4656066894531,35678900
2022-04-26 00:00:00-04:00,267.3632511079873,268.19182220528097,260.13721729425794,260.34918212890625,46518400
2022-04-27 00:00:00-04:00,271.7952151207864,280.34119944845656,268.96260761022705,272.8742980957031,63477700
2022-04-28 00:00:00-04:00,274.7723263295594,280.3508322510041,271.17856852888485,279.0501403808594,33646600
2022-04-29 00:00:00-04:00,278.0673672865681,279.2909943451643,266.3997469147851,267.3824768066406,37073900
2022-05-02 00:00:00-04:00,267.56556930704056,274.5314764230111,266.1300066784379,274.0786437988281,35151100
2022-05-03 00:00:00-04:00,273.5872988286567,273.7511018849256,269.9164755719785,271.4869384765625,25978600
2022-05-04 00:00:00-04:00,272.2672643508038,280.254447114598,266.62133844584713,279.3873291015625,33599300
2022-05-05 00:00:00-04:00,275.1095502622621,275.8899595127689,264.3186620189304,267.2187194824219,43260400
2022-05-06 00:00:00-04:00,264.77152276793004,269.04933732325316,261.36082642726797,264.6944580078125,37780300
2022-05-09 00:00:00-04:00,260.1949619979879,262.41093341840343,253.70117721403625,254.91513061523438,47726000
2022-05-10 00:00:00-04:00,261.76549132988686,263.7502396394238,255.3873167232384,259.6554870605469,39336400
2022-05-11 00:00:00-04:00,255.97502163371615,261.4475309989085,249.82807066667775,251.03240966796875,48975900
2022-05-12 00:00:00-04:00,248.27688839647124,250.3868926130945,240.88706627938942,246.02236938476562,51033800
2022-05-13 00:00:00-04:00,247.949343073978,253.43149708204328,246.02240048844536,251.5816192626953,34925100
2022-05-16 00:00:00-04:00,250.46395431193443,256.1099105942852,246.43665192316664,251.9477081298828,32550900
2022-05-17 00:00:00-04:00,256.38936992042704,258.5282776861266,252.8727050568493,257.0734558105469,28828800
2022-05-18 00:00:00-04:00,253.98308927658698,254.56252427185584,244.10382723032592,245.36891174316406,31356000
2022-05-19 00:00:00-04:00,245.19507408358177,248.8358391110842,243.2443400632524,244.4611358642578,32692300
2022-05-20 00:00:00-04:00,248.42057161150723,249.6760190694131,237.99085911430905,243.90103149414062,39199300
2022-05-23 00:00:00-04:00,246.73052960830947,252.5344714288608,244.7411443388087,251.71360778808594,33175400
2022-05-24 00:00:00-04:00,249.04829526787134,252.3703282848016,244.8087915946299,250.71896362304688,29043900
2022-05-25 00:00:00-04:00,249.28973864171456,255.508917485171,248.31435684807386,253.51954650878906,28547900
2022-05-26 00:00:00-04:00,253.27807996316005,257.9521373499767,252.46688284359203,256.78363037109375,25002100
2022-05-27 00:00:00-04:00,259.27522501006564,263.96858669067194,258.38675406725025,263.87200927734375,26910800
2022-05-31 00:00:00-04:00,263.1863562668899,265.3495488346776,259.70977573202504,262.5489807128906,37827700
2022-06-01 00:00:00-04:00,265.7648261496329,268.16944748829445,260.78173234380733,263.08013916015625,25292200
2022-06-02 00:00:00-04:00,255.38337667898296,265.23365327445924,252.63108267756797,265.1660461425781,44008200
2022-06-03 00:00:00-04:00,261.0424863281772,264.074846353105,259.20763325124227,260.7624206542969,28059000
2022-06-06 00:00:00-04:00,262.7324336411163,264.779744827782,258.0583763446399,259.5359191894531,22400300
2022-06-07 00:00:00-04:00,257.49839208486975,263.7658761764885,256.82237945417745,263.157470703125,22860700
2022-06-08 00:00:00-04:00,262.39448666074105,263.6402676057848,260.3664787079768,261.1390686035156,17372300
2022-06-09 00:00:00-04:00,258.5992562098676,263.36022583003654,255.55725874026618,255.71177673339844,26439700
2022-06-10 00:00:00-04:00,251.64609113799236,251.64609113799236,243.8720944145435,244.3163299560547,31422800
2022-06-13 00:00:00-04:00,236.70642597708846,240.48237551040242,233.24916419131782,233.95413208007812,46135800
2022-06-14 00:00:00-04:00,235.49929128823007,237.31484044107447,233.22985484717458,236.10769653320312,28651500
2022-06-15 00:00:00-04:00,239.79673406143797,246.54708847653447,237.97153296010552,243.12844848632812,33111700
2022-06-16 00:00:00-04:00,237.5466256119709,238.9372578860195,234.6881168136664,236.57125854492188,33169200
2022-06-17 00:00:00-04:00,236.3105360612127,241.91168786918539,235.66350856453076,239.15939331054688,43084800
2022-06-21 00:00:00-04:00,241.67990380993942,246.01597077834313,240.9556173405233,245.0406036376953,29928300
2022-06-22 00:00:00-04:00,243.25401534558895,248.3530054561835,241.78612402987773,244.45150756835938,25939900
2022-06-23 00:00:00-04:00,246.8078492299289,250.47755532769025,244.93435931975776,249.9850311279297,25861400
2022-06-24 00:00:00-04:00,252.83395563405963,258.79243283430566,252.74704478148087,258.52203369140625,33923200
2022-06-27 00:00:00-04:00,259.01448667805846,259.1013975165965,254.25351742662792,255.80833435058594,24615100
2022-06-28 00:00:00-04:00,254.92954092954665,257.75907974566,247.53215803754682,247.68667602539062,27295500
2022-06-29 00:00:00-04:00,248.7585787991081,252.98841615797966,246.9913181866432,251.33705139160156,20069800
2022-06-30 00:00:00-04:00,248.23707094153858,250.6320551562228,244.22935890804,248.0246124267578,31730900
2022-07-01 00:00:00-04:00,247.59975426359935,250.86384714723536,245.88076751202806,250.68035888671875,22837700
2022-07-05 00:00:00-04:00,247.37760464946805,253.9637892662612,246.00629085879652,253.83824157714844,22941000
2022-07-06 00:00:00-04:00,254.70738716056056,258.8020102285566,253.4036657301254,257.0830383300781,23824400
2022-07-07 00:00:00-04:00,256.030332250286,259.8352513537821,255.93375486501992,259.1978759765625,20859900
2022-07-08 00:00:00-04:00,255.71173945693104,258.9082544536916,254.26316663768768,258.48333740234375,19658800
2022-07-11 00:00:00-04:00,256.5422452532518,257.3920793720454,253.1912122224075,255.44134521484375,19455200
2022-07-12 00:00:00-04:00,256.76436593684815,256.82230649201273,243.39885616958918,244.9729766845703,35868500
2022-07-13 00:00:00-04:00,241.6122686543637,244.8570720526818,239.60357943296265,244.05552673339844,29497400
2022-07-14 00:00:00-04:00,241.97925680708025,246.39256746391416,237.5079908622042,245.36891174316406,25102800
2022-07-15 00:00:00-04:00,246.9526808402148,251.44325042079436,246.03525438925857,247.91839599609375,29774100
2022-07-18 00:00:00-04:00,250.84453005870418,251.89715611893087,244.6156697955208,245.53309631347656,20975000
2022-07-19 00:00:00-04:00,248.74893867803232,250.81558360506327,244.98265483156152,250.63209533691406,25012600
2022-07-20 00:00:00-04:00,250.98938157590604,255.7889874324287,250.03333293209215,253.2781219482422,22788300
2022-07-21 00:00:00-04:00,250.88311489570913,255.8082674233356,248.21773199272175,255.7599639892578,22404700
2022-07-22 00:00:00-04:00,256.14625752229273,256.2331683426446,250.18781200275956,251.43356323242188,21881300
2022-07-25 00:00:00-04:00,252.05168504603222,252.53454268022003,248.00533571383517,249.95606994628906,21056000
2022-07-26 00:00:00-04:00,250.95072573000826,250.9700588947091,241.01353801634696,243.26364135742188,39348000
2022-07-27 00:00:00-04:00,252.20619754450755,260.7913907687193,249.97539768074358,259.52630615234375,45994000
2022-07-28 00:00:00-04:00,260.5016230921822,268.3142539608766,258.6860741639379,266.93328857421875,33459300
2022-07-29 00:00:00-04:00,268.17920581962255,272.3317706761654,267.1458831627397,271.1149597167969,32152800
2022-08-01 00:00:00-04:00,268.2950273632756,271.63639399506593,266.38290049065427,268.478515625,21539600
2022-08-02 00:00:00-04:00,266.537425174636,268.3626412541174,263.0415404728972,265.39788818359375,22754200
2022-08-03 00:00:00-04:00,267.2713876591738,273.7802996377368,267.12650678074345,272.7856140136719,23518900
2022-08-04 00:00:00-04:00,272.1385611722735,274.0699917823572,270.5644699809408,273.9251403808594,18098700
2022-08-05 00:00:00-04:00,269.57938130013923,273.92509952465934,269.1254939956156,273.2104797363281,16774600
2022-08-08 00:00:00-04:00,274.31141927705306,276.11733164460054,269.74360476800535,270.7093200683594,18739200
2022-08-09 00:00:00-04:00,270.05259210657965,273.37462502798235,268.0921621074516,272.6213684082031,23405200
2022-08-10 00:00:00-04:00,278.29007594654195,279.87383305887744,277.1022360088304,279.2461242675781,24687800
2022-08-11 00:00:00-04:00,280.8783020655473,281.2259454287706,276.6871011826993,277.1795959472656,20065900
2022-08-12 00:00:00-04:00,278.58955073001846,281.9019470214844,277.10234096743113,281.9019470214844,22619700
2022-08-15 00:00:00-04:00,281.02312948938925,284.09409682100915,280.1636287959346,283.408447265625,18085700
2022-08-16 00:00:00-04:00,281.97912247538005,283.95885597173196,280.4629722748616,282.6744384765625,18102900
2022-08-17 00:00:00-04:00,280.4002056199427,283.8938524278254,280.1389197170631,281.9292907714844,18253400
2022-08-18 00:00:00-04:00,280.8357814390951,282.5003387388935,279.76154672598557,280.8164367675781,17186200
2022-08-19 00:00:00-04:00,279.5872566328216,279.9259802339088,276.3549256082349,276.9259033203125,20570000
2022-08-22 00:00:00-04:00,272.98716276174565,273.3549182202422,268.28383861490187,268.7967529296875,25061100
2022-08-23 00:00:00-04:00,267.5289306640625,269.87090517738073,266.5224469010499,267.5289306640625,17527400
2022-08-24 00:00:00-04:00,266.5321774149117,268.29351690361904,266.24183017802443,266.8999328613281,18137000
2022-08-25 00:00:00-04:00,268.39027578883355,270.0258011315452,265.67085828538086,269.8612976074219,16583400
2022-08-26 00:00:00-04:00,270.08391175079885,271.3033054111038,259.34174115157504,259.44818115234375,27549300
2022-08-29 00:00:00-04:00,257.2803379595906,258.7803619357156,255.34480790841272,256.6803283691406,20338500
2022-08-30 00:00:00-04:00,258.07390638773194,258.44163228050394,252.25762926790654,254.4931640625,22767100
2022-08-31 00:00:00-04:00,256.83512454875284,258.499651717729,252.90597213510085,253.04147338867188,24791800
2022-09-01 00:00:00-04:00,250.52536296277327,252.48026749324697,247.17690376904113,252.00604248046875,23263400
2022-09-02 00:00:00-04:00,253.26414827190314,256.20613302523753,246.26719569629415,247.80593872070312,22855400
2022-09-06 00:00:00-04:00,247.94138995000887,249.5188219970164,243.81870184632467,245.0864715576172,21328200
2022-09-07 00:00:00-04:00,246.4897844948553,250.48664458354384,245.0574961858431,249.7705078125,24126700
2022-09-08 00:00:00-04:00,249.20919235362013,252.0350498159717,246.57685541782593,250.18661499023438,20319900
2022-09-09 00:00:00-04:00,252.1027785583023,256.68031756891503,251.89955618095607,255.93511962890625,22084700
2022-09-12 00:00:00-04:00,257.2125840758803,258.82876464312335,256.6125744929972,258.0545349121094,18747700
2022-09-13 00:00:00-04:00,250.49632403928555,252.00603528741846,243.48002680941664,243.8671417236328,33353300
2022-09-14 00:00:00-04:00,245.35744562009026,246.03487812902216,241.8057500396919,244.0896759033203,23913000
2022-09-15 00:00:00-04:00,241.71867215528192,243.29611908968658,236.15402331387534,237.47018432617188,31530900
2022-09-16 00:00:00-04:00,236.38629220933913,237.3927761581187,234.2572119949683,236.850830078125,39791800
2022-09-19 00:00:00-04:00,234.65400280433187,237.23793382536144,233.0862280822725,236.63792419433594,26826900
2022-09-20 00:00:00-04:00,234.2669028613096,235.66047218929285,231.91522600942378,234.6346435546875,26660300
2022-09-21 00:00:00-04:00,236.3959688481416,239.6766917207571,231.19906057717108,231.24745178222656,28625600
2022-09-22 00:00:00-04:00,230.20227093577722,235.99918898239684,229.91195323025747,233.21202087402344,31061200
2022-09-23 00:00:00-04:00,231.8184154017902,233.35717293349165,227.6183189581972,230.25064086914062,34176000
2022-09-26 00:00:00-04:00,229.40869154061323,233.6668515472966,229.26351793341072,229.79579162597656,27694200
2022-09-27 00:00:00-04:00,232.24428165829022,234.00562135806214,226.9409326546601,228.78936767578125,27018700
2022-09-28 00:00:00-04:00,229.17642964868273,234.5184966384645,227.16347665591098,233.2991180419922,29029700
2022-09-29 00:00:00-04:00,231.18938529349765,232.21521385312766,226.853802133828,229.8441925048828,27484200
2022-09-30 00:00:00-04:00,230.60872427461211,232.78619560885667,225.22795302914213,225.39247131347656,35694800
2022-10-03 00:00:00-04:00,227.82157728205974,233.82171772604818,227.09575348399042,232.97976684570312,28880400
2022-10-04 00:00:00-04:00,237.18950814956145,242.28963357290925,237.08305341434055,240.8573455810547,34888400
2022-10-05 00:00:00-04:00,238.06055067024138,242.50258909201375,236.23147515733956,241.1670684814453,20347100
2022-10-06 00:00:00-04:00,239.93795297204747,242.2702700067914,238.14759670449743,238.83470153808594,20239900
2022-10-07 00:00:00-04:00,233.13458913635256,233.54106344265196,225.65376961113512,226.6892852783203,37769600
2022-10-10 00:00:00-04:00,225.53763257488384,226.99895238528188,219.42135078516142,221.86012268066406,29743600
2022-10-11 00:00:00-04:00,220.2826425475195,221.6762263708762,216.88579305327787,218.14389038085938,30474000
2022-10-12 00:00:00-04:00,218.1342072790965,220.51491548211942,216.7406381971181,218.47293090820312,21903900
2022-10-13 00:00:00-04:00,212.76314712814823,228.48932881951694,212.0663551272384,226.6892852783203,42551800
2022-10-14 00:00:00-04:00,227.9473631652827,229.5925754900993,220.97945807089755,221.19236755371094,30198600
2022-10-17 00:00:00-04:00,228.21836002283007,231.25714167375685,227.5602721133645,229.87322998046875,28142300
2022-10-18 00:00:00-04:00,235.39916206358598,236.06690750411659,227.7828415320167,230.81195068359375,26329600
2022-10-19 00:00:00-04:00,229.39900168382854,231.88616474151667,226.73764801989628,228.8570556640625,19985700
2022-10-20 00:00:00-04:00,228.16996380022994,233.53137553473397,227.29896641864062,228.53770446777344,21811000
2022-10-21 00:00:00-04:00,227.17318083073934,235.166915097807,226.9409118947973,234.31527709960938,26299700
2022-10-24 00:00:00-04:00,235.90241694894004,239.850900353894,233.52172305739012,239.27992248535156,24911200
2022-10-25 00:00:00-04:00,239.28959165367502,242.94774252500142,237.9056946583769,242.5800018310547,34775500
2022-10-26 00:00:00-04:00,223.71826021026072,230.61843021635175,222.64404034026404,223.86343383789062,82543200
2022-10-27 00:00:00-04:00,223.592409520333,226.15699552057893,218.50197115457948,219.44070434570312,40424600
2022-10-28 00:00:00-04:00,218.94714217799373,228.97318740219828,218.76326447934332,228.26670837402344,40647700
2022-10-31 00:00:00-04:00,226.22478608950092,227.3473972568966,223.69891834632307,224.6473388671875,28357300
2022-11-01 00:00:00-04:00,227.03767812320683,228.1409296481597,220.0020223387947,220.81494140625,30592300
2022-11-02 00:00:00-04:00,222.06337802281334,223.8440621960301,212.94701812750728,213.00509643554688,38407000
2022-11-03 00:00:00-04:00,212.9953870246754,213.30507890075714,207.08234251389777,207.34364318847656,36633900
2022-11-04 00:00:00-04:00,210.53731016893326,214.4470748558158,206.55010773152472,214.25352478027344,36789100
2022-11-07 00:00:00-05:00,214.83416409790135,221.04721381188003,214.14704442988435,220.5246124267578,33498000
2022-11-08 00:00:00-05:00,221.3278675751174,224.18277156558537,218.56005889650208,221.4923858642578,28192500
2022-11-09 00:00:00-05:00,220.04071178794467,221.2601050748425,217.0987128396381,217.2729034423828,27852900
2022-11-10 00:00:00-05:00,227.84092326094827,235.48627617138314,227.42479136911933,235.14755249023438,46268000
2022-11-11 00:00:00-05:00,235.15725212322295,239.99607772936167,234.1314086905055,239.14443969726562,34620200
2022-11-14 00:00:00-05:00,234.1894756115481,236.0475827819004,231.49908988674315,233.76365661621094,31123300
2022-11-15 00:00:00-05:00,237.74114480461608,239.03794631342942,232.29262332719875,234.1700897216797,31390100
2022-11-16 00:00:00-05:00,235.62584176038104,236.60604855552322,233.3257795259496,234.5971221923828,24093300
2022-11-17 00:00:00-05:00,230.76365473112853,236.07224872369898,230.61808681154827,234.54856872558594,23123500
2022-11-18 00:00:00-05:00,236.3245938837583,236.5478177930803,231.9767921721455,234.1021728515625,27613500
2022-11-21 00:00:00-05:00,234.30598419845745,237.45038505549468,234.07307548881437,234.90769958496094,26394700
2022-11-22 00:00:00-05:00,236.40220193537894,238.0714497781423,233.60719434514203,237.79971313476562,19665700
2022-11-23 00:00:00-05:00,237.87737314142396,240.9538320187203,237.06216314669393,240.2744903564453,19508500
2022-11-25 00:00:00-05:00,240.01243748252853,241.36142112614246,239.44955019697596,240.1871337890625,9200800
2022-11-28 00:00:00-05:00,238.8187857456771,239.3719587460741,233.69458675417982,234.62625122070312,24778200
2022-11-29 00:00:00-05:00,234.2768683035418,235.62585219825684,231.18100986954173,233.2384490966797,17956300
2022-11-30 00:00:00-05:00,233.47133933183883,247.79580032500542,232.78228328422537,247.6114044189453,47594200
2022-12-01 00:00:00-05:00,246.37888704446783,248.5624948221186,243.51593758658888,247.17469787597656,26041500
2022-12-02 00:00:00-05:00,242.44839236600893,248.50425481236772,242.32222362886404,247.4949493408203,21528500
2022-12-05 00:00:00-05:00,244.57377324279298,246.33037684588194,240.7403313992676,242.8171844482422,23435300
2022-12-06 00:00:00-05:00,243.41891892957702,244.42822454321265,236.58664391475048,237.88710021972656,22463700
2022-12-07 00:00:00-05:00,237.60564320065706,238.89639979977625,235.0629579890975,237.15921020507812,20481500
2022-12-08 00:00:00-05:00,237.61534962771674,241.40027877672188,235.88787438426903,240.0998077392578,22611800
2022-12-09 00:00:00-05:00,237.47948221736485,240.98296029845363,236.95542284837845,238.17823791503906,20609700
2022-12-12 00:00:00-05:00,240.14830210772652,245.08810406106682,239.87656546489097,245.05899047851562,30665100
2022-12-13 00:00:00-05:00,253.96813536884156,256.13234388565945,245.6024963823434,249.33889770507812,42196900
2022-12-14 00:00:00-05:00,249.54269464575677,254.8415744130712,246.80589919892807,249.63003540039062,35410900
2022-12-15 00:00:00-05:00,246.2333179219407,246.6991500991899,240.04157204816326,241.66229248046875,35560400
2022-12-16 00:00:00-05:00,241.21585785298825,242.46778637167077,236.32456849542362,237.46975708007812,86102000
2022-12-19 00:00:00-05:00,237.6347483108368,237.9744265437408,231.6662265103739,233.35487365722656,29696400
2022-12-20 00:00:00-05:00,232.33586378495446,235.74230142731602,231.38478542376703,234.66505432128906,25150800
2022-12-21 00:00:00-05:00,234.55829818550004,238.37232600874938,233.02491849714485,237.21743774414062,23690600
2022-12-22 00:00:00-05:00,234.14096367729437,234.84943370848737,226.9690262734001,231.16156005859375,28651700
2022-12-23 00:00:00-05:00,229.14296825844733,231.821522034393,227.03700146219919,231.68565368652344,21207000
2022-12-27 00:00:00-05:00,231.65649676645367,231.87970583722927,228.87118875185556,229.9678497314453,16688600
2022-12-28 00:00:00-05:00,229.89993593986588,232.64643111207874,227.26019552023155,227.6095733642578,17457100
2022-12-29 00:00:00-05:00,228.69650658121392,234.7814975020751,228.69650658121392,233.89834594726562,19770700
2022-12-30 00:00:00-05:00,231.1809912077217,232.87935283490333,229.6767250905103,232.7434844970703,21938500
2023-01-03 00:00:00-05:00,235.90728230837536,238.49849510687616,230.39487805775428,232.51055908203125,25740000
2023-01-04 00:00:00-05:00,225.4259564644858,225.99854338319813,219.2924526600918,222.3397979736328,50623400
2023-01-05 00:00:00-05:00,220.49584400645332,220.83552222933494,215.21636361108918,215.75013732910156,39585600
2023-01-06 00:00:00-05:00,216.4197883428899,219.09834182718123,212.8774972822173,218.29283142089844,43613600
2023-01-09 00:00:00-05:00,219.76798480761224,224.41665135349578,219.7291716302323,220.418212890625,27369800
2023-01-10 00:00:00-05:00,221.03928973889506,224.48453987964314,220.6219852168546,222.09713745117188,27033900
2023-01-11 00:00:00-05:00,224.46515686951886,228.98765452783252,224.29047536414728,228.81297302246094,28669300
2023-01-12 00:00:00-05:00,228.3180220940589,232.821105949786,226.6681880812586,231.4721221923828,27269500
2023-01-13 00:00:00-05:00,230.0066742453539,232.30673624907553,227.98804849183014,232.17086791992188,21333300
2023-01-17 00:00:00-05:00,230.9480815858975,233.80133166035085,230.0940435204723,233.2578582763672,29831300
2023-01-18 00:00:00-05:00,234.44182098542313,235.22791734206064,228.57033988504867,228.85177612304688,30028700
2023-01-19 00:00:00-05:00,226.88168988104673,228.57035182284125,223.87315781209423,225.08627319335938,28623000
2023-01-20 00:00:00-05:00,227.92987337817524,233.63637412295736,227.59019507344655,233.1317138671875,35389800
2023-01-23 00:00:00-05:00,233.98570310784828,237.93559913009912,232.57847740404011,235.42202758789062,31934000
2023-01-24 00:00:00-05:00,235.34438219144687,236.7515930613996,233.34517042755766,234.89794921875,40234400
2023-01-25 00:00:00-05:00,227.56105444486033,236.12080454500452,224.0866898660757,233.5101776123047,66526600
2023-01-26 00:00:00-05:00,236.46045082013288,240.9829486422917,234.85914439539755,240.68209838867188,33454500
2023-01-27 00:00:00-05:00,241.642866899376,242.45807682264515,239.5466001179385,240.8373565673828,26498900
2023-01-30 00:00:00-05:00,237.2950768809861,238.35292478678218,235.05324194345323,235.54820251464844,25867400
2023-01-31 00:00:00-05:00,236.26636386768823,240.63357952072695,235.78111768401726,240.49771118164062,26541100
2023-02-01 00:00:00-05:00,240.6821076556318,247.65023576111176,238.2267631452796,245.2919464111328,31259900
2023-02-02 00:00:00-05:00,251.18288227448434,256.879668654006,249.65920190306966,256.7923278808594,39940400
2023-02-03 00:00:00-05:00,251.88158807324123,256.40408589321055,249.51358441442338,250.72669982910156,29077300
2023-02-06 00:00:00-05:00,249.84354121530777,250.67815038089995,247.26202813154237,249.19329833984375,22518000
2023-02-07 00:00:00-05:00,252.84241675056464,260.83926569165476,252.40568326679633,259.66497802734375,50841400
2023-02-08 00:00:00-05:00,265.13852274513965,268.59347315321855,258.35476105655573,258.85943603515625,54686000
2023-02-09 00:00:00-05:00,265.7207756113508,265.89548673151216,255.04536048337422,255.84117126464844,42375100
2023-02-10 00:00:00-05:00,253.8129283971957,256.2973870828881,252.96860457424884,255.33660888671875,25818500
2023-02-13 00:00:00-05:00,259.742590569191,266.49720913120274,259.26702917112374,263.3139953613281,44630900
2023-02-14 00:00:00-05:00,264.624192764422,266.85631358119707,261.3342091005598,264.1389465332031,37047900
2023-02-15 00:00:00-05:00,261.05478666212923,263.39953537520864,258.9727165508735,262.0277099609375,28922400
2023-02-16 00:00:00-05:00,256.8711498021807,259.5175018592182,254.80855755164183,255.05178833007812,29603600
2023-02-17 00:00:00-05:00,252.36654467181947,253.04757304733442,249.06832101285343,251.07254028320312,30000100
2023-02-21 00:00:00-05:00,247.58947974202172,248.5721416274502,244.77773242454728,245.8284912109375,28397400
2023-02-22 00:00:00-05:00,247.21003358389876,247.45326436545926,243.56157186049097,244.69989013671875,22491100
2023-02-23 00:00:00-05:00,248.64026115369037,249.88560171481558,243.6978093067613,247.8716583251953,29219100
2023-02-24 00:00:00-05:00,243.19187704458037,244.2037105882477,241.38223939221282,242.47190856933594,24990900
2023-02-27 00:00:00-05:00,245.6242009691581,245.97445391978178,242.6373195783351,243.386474609375,21190000
2023-02-28 00:00:00-05:00,242.32598969202303,244.68046206564443,241.99518451978517,242.66650390625,22491000
2023-03-01 00:00:00-05:00,243.9701913432016,244.13558648881542,239.1347623459425,239.60177612304688,27565300
2023-03-02 00:00:00-05:00,239.8742178244938,244.5928864350576,238.95966764159195,244.3107452392578,24808200
2023-03-03 00:00:00-05:00,245.3614953141732,248.69861464364337,244.58315381318207,248.37754821777344,30760100
2023-03-06 00:00:00-05:00,249.4866301457016,253.07671828137393,249.04881777819617,249.9147186279297,24109800
2023-03-07 00:00:00-05:00,249.36018084473946,250.71255821742662,246.528985881538,247.26840209960938,21473200
2023-03-08 00:00:00-05:00,247.16140250674363,247.6478641053872,244.01886473628258,246.8306121826172,17340200
2023-03-09 00:00:00-05:00,248.8931916251687,252.53191447494493,244.76799238551584,245.4879608154297,26653400
2023-03-10 00:00:00-05:00,244.28156241943404,245.9452528022764,240.89579379056408,241.85897827148438,28333900
2023-03-13 00:00:00-04:00,240.7011840514009,250.92661597294014,239.0764041542882,247.04464721679688,33339700
2023-03-14 00:00:00-04:00,249.79804988364143,254.00108554117946,248.93214876608812,253.72866821289062,33620300
2023-03-15 00:00:00-04:00,252.9405940179142,259.26459506275955,252.19142412250247,258.25274658203125,46028000
2023-03-16 00:00:00-04:00,258.0289293565625,269.0716125790634,256.15119488258745,268.72137451171875,54768800
2023-03-17 00:00:00-04:00,270.7256186044692,275.65831665347815,268.8381452248547,271.8639221191406,69527400
2023-03-20 00:00:00-04:00,269.4802407516752,269.96670228330714,262.543294560003,264.8588562011719,43466600
2023-03-21 00:00:00-04:00,267.4371343013886,267.5538803349331,262.2222505034053,266.3669128417969,34558700
2023-03-22 00:00:00-04:00,265.99725863151093,273.4304078552026,264.8102908645804,264.9173278808594,34873300
2023-03-23 00:00:00-04:00,270.4142324494357,273.4497475874127,267.7484328177196,270.1418151855469,36610900
2023-03-24 00:00:00-04:00,269.7332022897182,273.03142599171395,267.8262812456373,272.9730529785156,28172000
2023-03-27 00:00:00-04:00,272.90492269572303,273.8389205347129,268.0597550905618,268.896484375,26840200
2023-03-28 00:00:00-04:00,268.3225140934646,268.6630431725957,264.6837609123016,267.7776794433594,21878600
2023-03-29 00:00:00-04:00,271.4066545555062,273.5276497515444,270.87155865821495,272.9147033691406,25087000
2023-03-30 00:00:00-04:00,276.53391335276035,276.7576666390423,273.85837511849326,276.3587646484375,25053400
2023-03-31 00:00:00-04:00,276.04750748202,281.4374805787577,275.33726286422353,280.4937438964844,32766000
2023-04-03 00:00:00-04:00,278.7619010121522,280.46451634607917,276.26151134425334,279.45269775390625,24883300
2023-04-04 00:00:00-04:00,279.4527167048261,282.58553031935185,277.9349590223858,279.404052734375,25824300
2023-04-05 00:00:00-04:00,278.11008412867955,279.3748723279069,275.25942646851195,276.6409606933594,22064800
2023-04-06 00:00:00-04:00,275.5415966022882,284.171421432575,274.39355424617895,283.7044372558594,29770300
2023-04-10 00:00:00-04:00,281.37905051464327,281.7585047337455,277.0008970457906,281.55419921875,23103000
2023-04-11 00:00:00-04:00,278.0127315105797,278.2365144767618,274.01403245876395,275.1717834472656,27276600
2023-04-12 00:00:00-04:00,277.07878271017614,279.2386732168352,274.32539366289427,275.81396484375,27403400
2023-04-13 00:00:00-04:00,275.91126538247534,282.05040792429327,275.50265429718814,281.9920349121094,24222700
2023-04-14 00:00:00-04:00,279.22891147364464,280.6688482565068,276.00853859815146,278.3922119140625,20987900
2023-04-17 00:00:00-04:00,282.07960200286976,283.7043967289592,278.4116924129814,280.9801940917969,23836200
2023-04-18 00:00:00-04:00,283.6751943988744,283.86005216252715,279.23866745372095,280.56182861328125,20161800
2023-04-19 00:00:00-04:00,278.24623650358313,281.22337847869596,276.8355159823551,280.6396484375,17150300
2023-04-20 00:00:00-04:00,277.52633742538336,281.20398586251105,277.3609274204324,278.363037109375,23244400
2023-04-21 00:00:00-04:00,277.2928296281938,278.51869257683563,275.3956176560884,278.02252197265625,21676400
2023-04-24 00:00:00-04:00,274.45190651995864,277.234482358,271.173160031667,274.14056396484375,26611000
2023-04-25 00:00:00-04:00,271.9417767926592,273.9751827450711,267.9138604386518,267.9625244140625,45772200
2023-04-26 00:00:00-04:00,288.66631890750085,291.45860367890464,284.80381270160626,287.372314453125,64599200
2023-04-27 00:00:00-04:00,287.95608640380885,296.9361784067996,287.2555804982626,296.576171875,46462600
2023-04-28 00:00:00-04:00,295.77839869337646,300.56516432614853,295.0973405603856,298.9403991699219,36469600
2023-05-01 00:00:00-04:00,298.65820207273595,300.2440714597597,296.887474923344,297.286376953125,21294100
2023-05-02 00:00:00-04:00,299.4267555695925,300.8082894344899,295.68099653684254,297.140380859375,26404400
2023-05-03 00:00:00-04:00,298.31766627691815,300.25377368049993,295.85617210321027,296.15777587890625,22360800
2023-05-04 00:00:00-04:00,297.94789378702626,299.4267555695925,295.18479636598147,297.140380859375,22519900
2023-05-05 00:00:00-04:00,297.4420521379096,303.5228215296377,296.03130176252597,302.2385559082031,28197100
2023-05-08 00:00:00-04:00,301.7326922255804,301.8008039789724,297.80207398264633,300.2927551269531,21318600
2023-05-09 00:00:00-04:00,299.66030098483304,301.6450723308815,298.0160586463366,298.6873779296875,21340800
2023-05-10 00:00:00-04:00,300.2635487654328,304.52495706862396,299.33928955394174,303.8536376953125,30078000
2023-05-11 00:00:00-04:00,301.7034562423544,302.6958271056149,297.9674351385275,301.7131652832031,31680200
2023-05-12 00:00:00-04:00,302.14127044452766,302.2385686971637,298.29824184109515,300.60406494140625,19774700
2023-05-15 00:00:00-04:00,300.73054195833356,301.50886857686805,299.26141854774806,301.0807800292969,16336500
2023-05-16 00:00:00-04:00,301.4407550392499,305.2157014683238,301.4407550392499,303.2990417480469,26730300
2023-05-17 00:00:00-04:00,304.49841357542465,306.5850053814175,302.9870680194989,306.1657409667969,24315000
2023-05-18 00:00:00-04:00,306.6824666262682,311.07995152372933,305.8926785291236,310.5729064941406,27276000
2023-05-19 00:00:00-04:00,308.83734438329236,310.7972045125446,308.47658062453104,310.3974304199219,27546700
2023-05-22 00:00:00-04:00,310.65094892902596,314.5413890695808,310.0756729757329,313.16656494140625,24115700
2023-05-23 00:00:00-04:00,312.0452341385488,314.66812088311536,307.38449657033,307.3942565917969,30797200
2023-05-24 00:00:00-04:00,306.8774884337067,308.6033161721185,304.8103574976606,306.0194396972656,23384900
2023-05-25 00:00:00-04:00,315.175173290878,318.7438600972789,312.0160206042334,317.788330078125,43301700
2023-05-26 00:00:00-04:00,315.93572275471354,325.0816974555801,315.79923121389265,324.5844421386719,36630600
2023-05-30 00:00:00-04:00,326.866039835357,327.3632951279749,322.2735326633113,322.9463195800781,29503100
2023-05-31 00:00:00-04:00,323.9994366236467,327.5583638731274,319.1631662469999,320.1967468261719,45950600
2023-06-01 00:00:00-04:00,317.7980281716673,325.2084138620462,316.61822604492374,324.2821044921875,26773900
2023-06-02 00:00:00-04:00,325.91052805965796,329.07944119711163,324.2529308237524,327.0318298339844,25873800
2023-06-05 00:00:00-04:00,326.8562514071327,330.1129147289543,326.31022580563945,327.55828857421875,21307100
2023-06-06 00:00:00-04:00,326.9635018339944,327.00251216553283,323.8823700342451,325.35467529296875,20396200
2023-06-07 00:00:00-04:00,323.37532887108034,326.1444673202271,314.45362725824225,315.3116760253906,40717100
2023-06-08 00:00:00-04:00,315.8576718437754,318.49031851672504,315.2823959646681,317.1447448730469,23277700
2023-06-09 00:00:00-04:00,316.8815191818162,321.7567696311191,316.3160032224107,318.6366271972656,22529000
2023-06-12 00:00:00-04:00,320.3819407440362,323.8141360540533,317.0472861489783,323.57037353515625,24260300
2023-06-13 00:00:00-04:00,326.12502581181246,328.5724112174238,322.1468342809254,325.94952392578125,22951300
2023-06-14 00:00:00-04:00,325.9982505458626,330.58099797009817,324.50642506625707,328.92340087890625,26003800
2023-06-15 00:00:00-04:00,329.0599201554074,341.11152517053205,328.78690731624766,339.4149475097656,38899100
2023-06-16 00:00:00-04:00,342.55453717316414,342.70078870657477,333.4183243934552,333.788818359375,46552000
2023-06-20 00:00:00-04:00,330.84420359010136,333.54508130008793,327.48026928452794,329.6156311035156,26375400
2023-06-21 00:00:00-04:00,327.9775897528391,329.3036733312241,323.784886322757,325.2377014160156,25117800
2023-06-22 00:00:00-04:00,325.783726576518,331.6340270315193,325.0231887076145,331.2342529296875,23556800
2023-06-23 00:00:00-04:00,326.01765736840554,329.52784282060935,325.1303881799699,326.66119384765625,23146900
2023-06-26 00:00:00-04:00,325.39361735508953,327.7239708817494,320.29409623731664,320.4013671875,21520600
2023-06-27 00:00:00-04:00,323.58012686208883,327.76310031619386,321.0840008711868,326.2225341796875,24354100
2023-06-28 00:00:00-04:00,326.3102386492254,329.5474118113246,325.48144019271336,327.4705505371094,20259500
2023-06-29 00:00:00-04:00,326.358946806659,327.72401072843235,324.32109606698276,326.6904602050781,16997000
2023-06-30 00:00:00-04:00,329.32315064368396,334.17891054970244,328.78688502474677,332.0435485839844,26832800
2023-07-03 00:00:00-04:00,330.7272007694062,332.3945278816647,328.17257461621756,329.55712890625,12508700
2023-07-05 00:00:00-04:00,326.7295145394102,333.12584042536054,326.3785108077479,329.7131652832031,18172400
2023-07-06 00:00:00-04:00,328.8842999586327,334.43233594271175,327.12922214467216,332.7552490234375,28161200
2023-07-07 00:00:00-04:00,330.8539462339244,333.2623207283037,328.5918232764179,328.80633544921875,21214800
2023-07-10 00:00:00-04:00,326.25178071727987,326.8660670625544,319.4166697574399,323.5508728027344,32791400
2023-07-11 00:00:00-04:00,322.800041689948,324.55511973893175,318.84134117994995,324.17486572265625,26698200
2023-07-12 00:00:00-04:00,328.201859758283,333.12585071299276,327.2950703339859,328.7868957519531,29995300
2023-07-13 00:00:00-04:00,331.08793512161674,335.1636364816071,330.5613998542952,334.110595703125,20567200
2023-07-14 00:00:00-04:00,338.9176246633776,342.66181307865304,335.71946186556954,336.6262512207031,28352700
2023-07-17 00:00:00-04:00,337.05526407197954,338.33257714303016,333.6621092446477,337.1040344238281,20363900
2023-07-18 00:00:00-04:00,337.20150526147,357.62881326178683,333.63284869185065,350.52069091796875,64738600
2023-07-19 00:00:00-04:00,352.72436118966306,353.4166384044317,343.6466474604791,346.22076416015625,39732900
2023-07-20 00:00:00-04:00,344.74845393864297,349.0386682151087,336.7530316118285,338.2156066894531,33778400
2023-07-21 00:00:00-04:00,340.4386749626526,341.55997642385313,331.35120253084744,335.1929016113281,69405400
2023-07-24 00:00:00-04:00,337.2210689969038,338.2643797019485,333.7693834548789,336.49951171875,26678100
2023-07-25 00:00:00-04:00,338.4496449197473,343.11041322520174,336.460564028573,342.2231140136719,41637700
2023-07-26 00:00:00-04:00,332.92109821610006,336.0705206538034,324.79891447113727,329.3426513671875,58383700
2023-07-27 00:00:00-04:00,331.9850652931189,332.81383406452954,320.84022015182325,322.46856689453125,39635300
2023-07-28 00:00:00-04:00,325.3449560601863,331.52676966933615,324.8574310459994,329.92767333984375,28484900
2023-07-31 00:00:00-04:00,328.5138989953868,329.27443689751834,325.0426931980882,327.5388488769531,25446000
2023-08-01 00:00:00-04:00,326.827001708787,330.0934250583603,325.37418677597503,327.94830322265625,18311900
2023-08-02 00:00:00-04:00,325.3059494426346,325.3059494426346,318.2173166114524,319.3288879394531,27761300
2023-08-03 00:00:00-04:00,317.86625965352187,321.64945793431025,317.8175190621743,318.5097961425781,18253700
2023-08-04 00:00:00-04:00,323.5995783751702,326.7782506968959,319.0753323772253,319.60186767578125,23741500
2023-08-07 00:00:00-04:00,320.17717126140934,322.8487988022052,319.3483727907042,321.8737487792969,17741500
2023-08-08 00:00:00-04:00,318.802307526203,320.54765518196075,314.94111824721926,317.9150085449219,22327600
2023-08-09 00:00:00-04:00,318.3245710835293,318.94858760325343,313.03978705069517,314.19036865234375,22373300
2023-08-10 00:00:00-04:00,317.8857952635295,320.0699275319088,313.16655676040074,314.8728942871094,20113700
2023-08-11 00:00:00-04:00,312.2695668882884,314.3659187348988,311.2457463891283,313.0008544921875,24355500
2023-08-14 00:00:00-04:00,313.37132372944086,315.974690482468,312.09398089474894,315.9552001953125,18836100
2023-08-15 00:00:00-04:00,314.9411611661193,316.9790121676308,312.89355014228914,313.82958984375,16966300
2023-08-16 00:00:00-04:00,313.45831419457073,316.9954936708588,312.48119971164607,313.0674743652344,20698900
2023-08-17 00:00:00-04:00,313.2042944549321,314.50384363723833,308.97337191344144,309.6280517578125,21257200
2023-08-18 00:00:00-04:00,307.29267431715726,311.0936633520083,304.4199558180871,309.2371520996094,24755000
2023-08-21 00:00:00-04:00,310.65396660689254,315.3831966115051,309.78435031765304,314.5135803222656,24040000
2023-08-22 00:00:00-04:00,318.0507585907704,318.61747186045255,314.1032077999083,315.080322265625,16084600
2023-08-23 00:00:00-04:00,316.40917150691627,321.66605140677217,316.0573948399172,319.5163879394531,21166400
2023-08-24 00:00:00-04:00,325.23261059147694,325.359640264457,312.6375886963296,312.6473693847656,23281400
2023-08-25 00:00:00-04:00,314.11298756039173,317.9139473148537,311.5040788241883,315.58843994140625,21684100
2023-08-28 00:00:00-04:00,318.20700554926117,318.68578195249006,314.35717331736856,316.2918701171875,14808500
2023-08-29 00:00:00-04:00,314.51363868595456,321.45115801127633,314.51363868595456,320.8941955566406,19284600
2023-08-30 00:00:00-04:00,321.14816243481806,322.26205720426236,318.97896754783574,321.2654113769531,15222100
2023-08-31 00:00:00-04:00,321.6661110110973,323.33696848625215,319.3014807588833,320.2590637207031,26411000
2023-09-01 00:00:00-04:00,323.7277442108601,324.3921747944003,319.30141751711045,321.1383972167969,14942000
2023-09-05 00:00:00-04:00,321.47058500611996,327.1867092747721,321.13836974277154,325.91644287109375,18553900
2023-09-06 00:00:00-04:00,325.75036744875047,326.80563776371406,322.62358978658284,325.2618103027344,17535800
2023-09-07 00:00:00-04:00,323.7081941893977,325.45720725929107,321.49990640162497,322.3597717285156,18381000
2023-09-08 00:00:00-04:00,322.53566438985524,328.4667555070914,321.92007759322064,326.6199951171875,19530100
2023-09-11 00:00:00-04:00,329.52203220068384,330.6750497904705,327.75345762157895,330.2060241699219,16583300
2023-09-12 00:00:00-04:00,328.13454656577954,329.08234867340195,323.89387388585794,324.1772155761719,17565500
2023-09-13 00:00:00-04:00,323.7277558674077,329.1409777651763,323.59097536312447,328.3690490722656,16544400
2023-09-14 00:00:00-04:00,331.38835303568044,333.0592103619418,328.8674109262189,330.94866943359375,20267000
2023-09-15 00:00:00-04:00,329.20939816193993,329.6783939916595,322.1057573596053,322.6627197265625,37679800
2023-09-18 00:00:00-04:00,320.29809265490445,322.8385960925468,318.89104551464607,321.5292663574219,16834200
2023-09-19 00:00:00-04:00,318.7054373268487,321.85174708859677,317.0834237409372,321.128662109375,16505900
2023-09-20 00:00:00-04:00,321.96892330963425,322.04707932853614,313.1748951347457,313.4289245605469,21436500
2023-09-21 00:00:00-04:00,311.95350556074925,317.9041277757012,307.79098930609734,312.2173156738281,35560400
2023-09-22 00:00:00-04:00,313.96639594173394,314.0934255806642,308.9147015377864,309.7550354003906,21447900
2023-09-25 00:00:00-04:00,309.34464808220946,310.39994834578414,307.7910397456029,310.2729187011719,17836000
2023-09-26 00:00:00-04:00,307.9180220612958,308.65085775757245,302.92495267803366,304.9964599609375,26297600
2023-09-27 00:00:00-04:00,305.1528159801847,307.1070447852302,302.6025617027996,305.6316223144531,19410100
2023-09-28 00:00:00-04:00,303.8728115871533,308.2600757204857,302.3680768122536,306.4621887207031,19683600
2023-09-29 00:00:00-04:00,310.4780935014134,312.1587314237549,307.77149741019485,308.52386474609375,24147300
2023-10-02 00:00:00-04:00,309.0417636602757,314.5233913479347,307.96693177846345,314.4354248046875,20570000
2023-10-03 00:00:00-04:00,313.48759919542874,314.03481069195016,304.0877634575696,306.2178955078125,21033500
2023-10-04 00:00:00-04:00,306.84323355961436,312.71570064039577,306.8139213204077,311.660400390625,20720100
2023-10-05 00:00:00-04:00,311.78745935358154,312.6571055637684,307.6933472507753,312.05126953125,16965600
2023-10-06 00:00:00-04:00,309.30553078090355,321.65627028707706,309.0612521971817,319.77044677734375,25673600
2023-10-09 00:00:00-04:00,317.3179038998877,322.7408769349448,315.78382712320234,322.2718811035156,19891200
2023-10-10 00:00:00-04:00,323.3858260604153,323.5226364118613,320.17114063147403,320.8746643066406,20557100
2023-10-11 00:00:00-04:00,323.6300480505899,325.20321772099476,321.60744393030456,324.8123779296875,20063200
2023-10-12 00:00:00-04:00,323.0046828962765,325.9946502834495,321.1970154685532,323.5811767578125,19313100
2023-10-13 00:00:00-04:00,324.7732817040409,326.190079660526,318.8910340646987,320.2297058105469,21072400
2023-10-16 00:00:00-04:00,323.4737360067268,328.44727494049874,323.03405238313746,325.0273742675781,22158000
2023-10-17 00:00:00-04:00,322.0471583622745,325.828586634413,319.9170559493173,324.46063232421875,18338500
2023-10-18 00:00:00-04:00,324.88074324116036,327.909803713785,320.78663169696983,322.5552062988281,23153600
2023-10-19 00:00:00-04:00,324.54860184439923,329.17036454357265,323.3369893071052,323.73760986328125,25052100
2023-10-20 00:00:00-04:00,324.12841643957864,324.3238512632102,318.0019193859901,319.1940002441406,25027700
2023-10-23 00:00:00-04:00,318.0214287466955,325.1152889172781,316.96615830256553,321.7833251953125,24374700
2023-10-24 00:00:00-04:00,323.7179434195226,324.2455934709326,320.1026385377484,322.965576171875,31153600
2023-10-25 00:00:00-04:00,337.12405114410626,338.27706897512115,329.89340944141463,332.8736267089844,55053800
2023-10-26 00:00:00-04:00,332.7465699625012,333.81162115649903,319.4578072066944,320.3860778808594,37828500
2023-10-27 00:00:00-04:00,322.8679522434815,329.0140110865285,320.88441090808146,322.26214599609375,29856500
2023-10-30 00:00:00-04:00,325.7796837612077,331.6814625082959,324.2358264617481,329.5904235839844,22828100
2023-10-31 00:00:00-04:00,331.0952774404079,331.2418386618225,327.03047725787985,330.3721923828125,20265300
2023-11-01 00:00:00-04:00,332.0136865785613,339.46907368839175,331.8768762591472,338.14996337890625,28158800
2023-11-02 00:00:00-04:00,339.29318001958046,340.8467882699962,336.87970636333785,340.3484802246094,24348100
2023-11-03 00:00:00-04:00,341.6285766521629,346.2796516124654,339.38119521826854,344.72601318359375,23637700
2023-11-06 00:00:00-05:00,345.36116666188184,349.3575617902242,345.2634492382275,348.37066650390625,23828300
2023-11-07 00:00:00-05:00,351.1749086935178,354.16487636600215,349.4454269438777,352.279052734375,25833900
2023-11-08 00:00:00-05:00,353.4027369651116,355.54261993465985,352.2985928972702,354.8879699707031,26767800
2023-11-09 00:00:00-05:00,354.00856480709007,356.441600143659,352.11296032697913,352.4354248046875,24847300
2023-11-10 00:00:00-05:00,353.2170514609085,361.6300213922687,352.80668013888885,361.2098693847656,28042100
2023-11-13 00:00:00-05:00,359.7930947254669,360.03737334526807,357.5261819771122,358.288330078125,19986500
2023-11-14 00:00:00-05:00,362.51919694143055,363.43768679672274,358.94295491704753,361.7961120605469,27683900
2023-11-15 00:00:00-05:00,363.5193564786247,365.3306930182784,359.4365063311856,361.9430236816406,26860100
2023-11-16 00:00:00-05:00,363.2060393855787,368.48338982170065,362.4423444484434,368.3071594238281,27182300
2023-11-17 00:00:00-05:00,365.80071110392805,366.5448349860827,359.32888905208205,362.11932373046875,40157000
2023-11-20 00:00:00-05:00,363.4606399313925,370.95073116555085,363.24523724780994,369.5506286621094,52465100
2023-11-21 00:00:00-05:00,367.81760182816333,368.35609354646346,363.36268990163154,365.2719421386719,28423100
2023-11-22 00:00:00-05:00,370.0988850281661,371.85147806167527,367.1322205576516,369.9520263671875,23345300
2023-11-24 00:00:00-05:00,369.44288626548433,370.0695230751344,367.2986899991627,369.5408020019531,10176600
2023-11-27 00:00:00-05:00,368.90443134275364,372.68376401378913,368.33656782207504,370.6961669921875,22179200
2023-11-28 00:00:00-05:00,370.4415726583984,374.994370396148,370.25554172918464,374.7006530761719,20453100
2023-11-29 00:00:00-05:00,375.738494499301,376.2671856758015,369.5505906614915,370.9311218261719,28963400
2023-11-30 00:00:00-05:00,370.5786340328009,372.1451961390215,367.6217700935787,370.9898681640625,30554400
2023-12-01 00:00:00-05:00,368.8848238631299,370.25555453657734,363.54872995472044,366.6818542480469,33040500
2023-12-04 00:00:00-05:00,361.3849305128498,361.79613477265366,355.3145134346435,361.4241027832031,32063300
2023-12-05 00:00:00-05:00,358.7902991826528,365.2816906598943,357.9776315061035,364.7333984375,23065000
2023-12-06 00:00:00-05:00,365.73212951183393,366.35873644463544,360.3372921206186,361.0911865234375,21182100
2023-12-07 00:00:00-05:00,360.5331119373255,363.68580733396766,358.6630319776083,363.1962585449219,23118900
2023-12-08 00:00:00-05:00,361.4828850941495,366.6329187107603,360.53315912391304,366.4077453613281,20154400
2023-12-11 00:00:00-05:00,360.77793808950827,363.8327181906465,358.44768073859893,363.5389709472656,27708800
2023-12-12 00:00:00-05:00,363.0983520859286,366.59373770012405,362.7164896784692,366.5545654296875,24838300
2023-12-13 00:00:00-05:00,368.16024372357776,369.74640682649743,363.0199816736299,366.54473876953125,30955500
2023-12-14 00:00:00-05:00,365.50693426286074,365.9475401487158,356.5188251808004,358.28118896484375,43277500
2023-12-15 00:00:00-05:00,359.1819317961551,364.6159110894826,358.6238390376856,362.9808349609375,78502300
2023-12-18 00:00:00-05:00,361.7276536100702,365.20343845853677,360.9737292655857,364.8607482910156,21802900
2023-12-19 00:00:00-05:00,363.7249858043668,365.4580078125,362.1094806161989,365.4580078125,20603700
2023-12-20 00:00:00-05:00,367.1616214647713,368.1700908565403,362.78505374172363,362.8731689453125,26316700
2023-12-21 00:00:00-05:00,364.7726511936181,366.58398798641923,362.3053356484184,365.732177734375,17708000
2023-12-22 00:00:00-05:00,365.86921479028837,367.3378613138971,364.91948884316713,366.7503967285156,17107500
2023-12-26 00:00:00-05:00,367.1615944273694,369.0610461329153,365.69294804965995,366.8287048339844,12673100
2023-12-27 00:00:00-05:00,365.8790671975805,367.22042643188433,365.0174563341664,366.2511291503906,14905400
2023-12-28 00:00:00-05:00,367.5238451750327,368.59105792655595,366.3391454974242,367.43572998046875,14327000
2023-12-29 00:00:00-05:00,368.140698335078,369.2764551389083,365.67338313483896,368.17987060546875,18730800
2024-01-02 00:00:00-05:00,366.0454121665628,368.0427796247224,359.1036138103624,363.117919921875,25258600
2024-01-03 00:00:00-05:00,361.2967846745382,365.45794912599047,360.8072359155438,362.8535461425781,23083500
2024-01-04 00:00:00-05:00,362.9220617620248,365.30126137357655,359.4952207170188,360.2491149902344,20901500
2024-01-05 00:00:00-05:00,361.2577023688884,364.283110867307,358.8393297020389,360.0632019042969,21004600
2024-01-08 00:00:00-05:00,361.58074269539895,367.35744261436474,361.2968258961624,366.85809326171875,23134000
2024-01-09 00:00:00-05:00,364.23413165308716,368.13092123395006,363.4312643972459,367.93511962890625,20830000
2024-01-10 00:00:00-05:00,368.50297659226095,376.1399561660862,368.45403366179033,374.7691955566406,25514200
2024-01-11 00:00:00-05:00,377.9316910243427,382.5138608324762,372.4291670394017,376.59033203125,27850800
2024-01-12 00:00:00-05:00,377.43234537080764,380.55566927985785,376.6099069263744,380.3500671386719,21661200
2024-01-16 00:00:00-05:00,385.43155133047776,385.79381264906647,379.5177936668549,382.1123962402344,27202300
2024-01-17 00:00:00-05:00,379.87031666196907,381.9557695556543,376.7665639671979,381.32916259765625,22234100
2024-01-18 00:00:00-05:00,383.5320922463087,385.7546329209657,381.96553019541545,385.63714599609375,23392100
2024-01-19 00:00:00-05:00,387.48767542805655,390.33685302734375,385.2749052923237,390.33685302734375,29331100
2024-01-22 00:00:00-05:00,391.6586277842315,392.2460923450514,385.36303712070327,388.2220153808594,27016900
2024-01-23 00:00:00-05:00,387.4778603727062,391.0319893054533,385.69589563777015,390.56201171875,20525900
2024-01-24 00:00:00-05:00,393.1468390669837,397.1513444657461,392.07962632176026,394.1455078125,24867000
2024-01-25 00:00:00-05:00,395.8688262817169,398.50260173156875,394.1162328683906,396.4073181152344,21021200
2024-01-26 00:00:00-05:00,395.9177133168471,397.680107020746,394.0182614789132,395.4869079589844,17803300
2024-01-29 00:00:00-05:00,397.57235261817027,401.4104281984527,395.8785030835569,401.1558532714844,24510200
2024-01-30 00:00:00-05:00,403.64283177462937,404.41629745270484,397.9542764658384,400.0495300292969,33477600
2024-01-31 00:00:00-05:00,398.45356335794276,406.6388350866889,388.907361460185,389.2696228027344,47871100
2024-02-01 00:00:00-05:00,393.4307745878308,399.4718199134869,393.40140285508346,395.34002685546875,30657700
2024-02-02 00:00:00-05:00,395.36939499914837,404.0246140998081,395.12462060191353,402.62451171875,28256700
2024-02-05 00:00:00-05:00,401.33212452419457,402.5657971362689,395.5456537728456,397.17095947265625,25352300
2024-02-06 00:00:00-05:00,397.39611409161796,399.44242436350055,394.4881932042721,397.0142517089844,18382600
2024-02-07 00:00:00-05:00,398.9235643671154,405.640160164174,398.88439209328425,405.3953857421875,22340500
2024-02-08 00:00:00-05:00,405.3953275824479,406.87377444064305,403.9071100669644,405.4540710449219,21225300
2024-02-09 00:00:00-05:00,406.57025541446654,412.02383590927224,406.4135962217608,411.75946044921875,22032800
2024-02-12 00:00:00-05:00,411.769283442755,411.94551383927785,406.0807287884979,406.580078125,21202900
2024-02-13 00:00:00-05:00,396.4758362047706,401.49861232810986,394.95824667886694,397.8269958496094,27824900
2024-02-14 00:00:00-05:00,400.2792461565028,402.01544302317166,396.8460672009255,401.672119140625,20401200
2024-02-15 00:00:00-05:00,400.3478557485238,401.31894521125486,396.5713534874336,398.7980041503906,21825500
2024-02-16 00:00:00-05:00,400.17133095818804,400.49504745207923,395.73763633762957,396.3457946777344,22296500
2024-02-20 00:00:00-05:00,395.5414273661721,396.76756266074034,390.4112964520626,395.10003662109375,24307900
2024-02-21 00:00:00-05:00,392.5301035768011,394.609624467944,389.63641199991355,394.501708984375,18518900
2024-02-22 00:00:00-05:00,402.3587758261095,404.9483581581281,400.7697091781749,403.7908935546875,27009900
2024-02-23 00:00:00-05:00,407.73411674298126,407.92046175721333,401.162019956702,402.505859375,16295900
2024-02-26 00:00:00-05:00,403.60445096908654,404.29109863437077,399.58272164729414,399.7593078613281,16193500
2024-02-27 00:00:00-05:00,400.20071277924296,400.52442923735737,396.13976854109416,399.7004699707031,14835800
2024-02-28 00:00:00-05:00,400.3871530513853,401.48576558617054,397.5817696096978,399.9359436035156,13183100
2024-02-29 00:00:00-05:00,400.83840861479064,406.2922567290195,398.17033666477636,405.7429504394531,31947300
2024-03-01 00:00:00-05:00,403.41813008815376,407.93031407980567,403.0355914321904,407.5673828125,17823400
2024-03-04 00:00:00-05:00,405.54671909934444,409.3820740419509,404.4481066223211,406.99847412109375,17596000
2024-03-05 00:00:00-05:00,406.0567462440755,406.3412180011649,392.991071894389,394.9626770019531,26919200
2024-03-06 00:00:00-05:00,395.2765339863949,397.4247250969949,390.7839881082766,394.413330078125,22344100
2024-03-07 00:00:00-05:00,398.3664041641416,401.95653150490796,394.5604758378121,401.3287658691406,18718500
2024-03-08 00:00:00-05:00,400.17124800230863,402.5843034085502,396.6105469173114,398.4644775390625,18002200
2024-03-11 00:00:00-04:00,396.051557611515,397.9348848449285,393.5992867821094,396.7970275878906,16120800
2024-03-12 00:00:00-04:00,399.8378319323999,407.6360648031442,399.02369122398767,407.3515930175781,22457000
2024-03-13 00:00:00-04:00,410.1177430442753,410.19620253246603,403.5947092048327,407.1750183105469,17115900
2024-03-14 00:00:00-04:00,412.21684262615895,419.6521433696343,410.009799228429,417.1017761230469,34157300
2024-03-15 00:00:00-04:00,411.28501994441507,414.53182378938754,404.9091164524236,408.4698181152344,45079900
2024-03-18 00:00:00-04:00,406.34123515822085,412.69753127897746,405.8802070917239,409.3526306152344,20106000
2024-03-19 00:00:00-04:00,409.8528643144651,413.61957818454806,407.61639479250874,413.3645324707031,19837900
2024-03-20 00:00:00-04:00,413.94328882066856,417.82767717758037,412.6288753346162,417.11163330078125,17860100
2024-03-21 00:00:00-04:00,421.6237557740876,422.5948752417206,419.004747660182,421.17254638671875,21296200
2024-03-22 00:00:00-04:00,421.49625883993525,421.6531778067011,417.9355573407252,420.5545654296875,17648500
2024-03-25 00:00:00-04:00,417.12140106535213,419.2499850699005,413.5606994442316,414.7868347167969,18060500
2024-03-26 00:00:00-04:00,417.48430243445387,417.85705232022457,413.3056540804049,413.59991455078125,16725600
2024-03-27 00:00:00-04:00,416.3367294110972,416.3465480734724,411.0104044220357,413.3841857910156,16705000
2024-03-28 00:00:00-04:00,412.92315255513495,413.81578270674646,411.1182848623514,412.687744140625,21871200
2024-04-01 00:00:00-04:00,415.856044584665,419.720825298805,414.15906261710444,416.4642028808594,16316000
2024-04-02 00:00:00-04:00,412.08929633397446,414.3159769269491,409.86264567594,413.3939208984375,17912000
2024-04-03 00:00:00-04:00,411.7166269488562,415.17923184367993,411.0888313055727,412.4228820800781,16502300
2024-04-04 00:00:00-04:00,416.8762213933396,420.4859867966176,409.5978983516999,409.9019775390625,19370900
2024-04-05 00:00:00-04:00,411.9913032872843,418.3672072160066,410.3335658710208,417.3960876464844,16554800
2024-04-08 00:00:00-04:00,417.0527692258899,419.12247124179834,415.21844567326013,416.48382568359375,14272400
2024-04-09 00:00:00-04:00,418.2984589003378,419.5736274756939,413.5704746022745,418.1415100097656,12496900
2024-04-10 00:00:00-04:00,414.1296507389469,415.93451830181,411.68719880938414,415.1792297363281,16216600
2024-04-11 00:00:00-04:00,417.69033834286756,421.1725504908495,414.2963744060529,419.7600402832031,17966400
2024-04-12 00:00:00-04:00,415.9541310748391,417.06256218596104,411.75584496590756,413.8451843261719,19253800
2024-04-15 00:00:00-04:00,418.4555144671929,418.671315504876,405.53693812965497,405.7429504394531,20273500
2024-04-16 00:00:00-04:00,406.6550977488978,410.4119627811132,405.8311384974836,406.6648864746094,16765600
2024-04-17 00:00:00-04:00,409.2839508985917,410.8828360715611,402.4960529094379,403.97723388671875,15855500
2024-04-18 00:00:00-04:00,402.79031869935466,404.02627254838046,396.2378594372626,396.5517272949219,21029900
2024-04-19 00:00:00-04:00,396.3162928123119,397.73862151107056,390.175798614413,391.5000305175781,30565800
2024-04-22 00:00:00-04:00,392.441727661041,395.1588624515417,388.1944084543801,393.304931640625,20286900
2024-04-23 00:00:00-04:00,396.52234656320184,400.40676483693346,395.3648819975192,399.7887878417969,15734500
2024-04-24 00:00:00-04:00,401.7407287200192,404.59517495198185,399.01380533371923,401.2502746582031,15065300
2024-04-25 00:00:00-04:00,386.5072408836068,392.2553782643455,380.62179192671005,391.4216003417969,40586500
2024-04-26 00:00:00-04:00,404.30094095620495,405.1150815807432,398.01331587991365,398.5626220703125,29694700
2024-04-29 00:00:00-04:00,397.5130677635141,398.56264677395114,391.56876617151903,394.5703430175781,19582100
2024-04-30 00:00:00-04:00,393.82481984555585,394.4820415046003,381.74005368851095,381.89697265625,28781400
2024-05-01 00:00:00-04:00,385.11433904555116,394.05042796595137,382.85826224732904,387.3998718261719,23562500
2024-05-02 00:00:00-04:00,390.067981051651,392.2946320183516,387.1154376190438,390.2445373535156,17709400
2024-05-03 00:00:00-04:00,394.59976579857647,399.37678414031285,394.1877711661832,398.8961486816406,17446700
2024-05-06 00:00:00-04:00,400.9560656726651,406.02734455936377,398.61168058742396,405.6448059082031,16996600
2024-05-07 00:00:00-04:00,406.74340224425765,406.75322090554647,401.27973632622934,401.52496337890625,20018200
2024-05-08 00:00:00-04:00,400.3773092630151,404.3597941214035,398.9451617518151,402.7020568847656,11792300
2024-05-09 00:00:00-04:00,402.73150019277335,404.84044690561177,401.28956389363333,404.4480895996094,14689700
2024-05-10 00:00:00-04:00,405.0562460600837,407.44966453116945,403.93799631140473,406.8218688964844,13402300
2024-05-13 00:00:00-04:00,410.029454744504,410.3629599472109,402.9767222457907,405.82135009765625,15440200
2024-05-14 00:00:00-04:00,404.1538152820149,409.5193847249845,403.69278719697195,408.6071472167969,15109300
2024-05-15 00:00:00-04:00,410.66092785109674,416.46855556809163,410.0418362179186,415.7511901855469,22239500
2024-05-16 00:00:00-04:00,414.4932929120021,418.05061009835623,413.0684287524078,413.69732666015625,17530100
2024-05-17 00:00:00-04:00,415.2205635959117,415.5939858480529,410.7886784280323,412.930908203125,15352200
2024-05-20 00:00:00-04:00,412.9308753558347,419.3772369114519,412.71468512121004,417.9720153808594,16272100
2024-05-21 00:00:00-04:00,419.4362019217813,425.4698558470045,417.4905197677202,421.6079406738281,21453300
2024-05-22 00:00:00-04:00,422.6397422694005,424.91956115828395,419.7310254046841,423.0622863769531,18073700
2024-05-23 00:00:00-04:00,425.4698880093599,426.0889796466093,418.0506847119264,419.6033020019531,17211700
2024-05-24 00:00:00-04:00,419.7900037534496,423.59296088139126,417.05816150216543,422.70855712890625,11855300
2024-05-28 00:00:00-04:00,422.1877338257991,423.35712243524114,419.2102222377172,422.86578369140625,15718000
2024-05-29 00:00:00-04:00,418.3159892619867,423.4750461602697,418.3159892619867,421.7357177734375,15517100
2024-05-30 00:00:00-04:00,416.9500050085169,416.9500050085169,407.0642728541054,407.4868469238281,28394500
2024-05-31 00:00:00-04:00,409.5308671519035,409.5308671519035,397.50290358954135,407.9389343261719,47995300
2024-06-03 00:00:00-04:00,408.3319723384426,409.21637607324783,401.83648858598,406.3567810058594,17484700
2024-06-04 00:00:00-04:00,405.2856495851976,409.226195718034,402.58328662384173,408.86260986328125,14348900
2024-06-05 00:00:00-04:00,410.57245747625547,416.7338342090642,409.08860495020656,416.6650695800781,16988000
2024-06-06 00:00:00-04:00,416.6651146111646,417.9425834215114,413.2945078470223,417.166259765625,14861300
2024-06-07 00:00:00-04:00,418.8171717087438,418.89577271534046,415.67259164399417,416.50787353515625,13621700
2024-06-10 00:00:00-04:00,417.34318081391007,420.6646058483147,416.54721437209554,420.458251953125,13982900
2024-06-11 00:00:00-04:00,418.10958577165815,425.3224341996882,417.8835591764401,425.1848449707031,14551100
2024-06-12 00:00:00-04:00,427.7792397175461,435.71926189584553,425.7450897945803,433.4197998046875,22366200
2024-06-13 00:00:00-04:00,433.21335923548196,435.709368351957,431.7589858154619,433.9306945800781,15960600
2024-06-14 00:00:00-04:00,430.68790003484014,435.4637283515464,429.15492551069684,434.9035949707031,13582000
2024-06-17 00:00:00-04:00,434.9232138540311,443.1285766509554,433.08561180023855,440.60308837890625,20790000
2024-06-18 00:00:00-04:00,441.919864030814,442.3424381224516,437.1833815521162,438.6082458496094,17112500
2024-06-20 00:00:00-04:00,438.5689831798124,438.7950098147065,433.62611625090886,437.9794006347656,19877400
2024-06-21 00:00:00-04:00,439.63028836717615,442.77483854275334,438.7753636944757,441.98870849609375,34187100
2024-06-24 00:00:00-04:00,442.00833058442447,444.9072412251996,438.677069430459,439.9152526855469,15913700
2024-06-25 00:00:00-04:00,440.48515617122325,443.6002568065394,439.01114003233465,443.1383972167969,16413400
2024-06-26 00:00:00-04:00,441.22215886891127,445.7424809709231,440.42619256271684,444.3274230957031,16507000
2024-06-27 00:00:00-04:00,444.3470860716105,448.267989524247,443.9441847148766,445.0054931640625,14806300
2024-06-28 00:00:00-04:00,445.22171482768863,447.4916975183524,438.6770788922511,439.2077331542969,28362300
2024-07-01 00:00:00-04:00,440.88808384173325,449.447196335744,437.94005138791704,448.81829833984375,17662800
2024-07-02 00:00:00-04:00,445.3494912239479,451.62878536550966,445.26102385148636,451.32415771484375,13979800
2024-07-03 00:00:00-04:00,450.25294411965916,453.03390786655945,449.94831653572453,452.7882385253906,9932800
2024-07-05 00:00:00-04:00,451.6484251718753,460.2370475569388,451.01952711906966,459.4607238769531,16000300
2024-07-08 00:00:00-04:00,458.4682018620652,459.59830504287737,456.41440936822374,458.16357421875,12962300
2024-07-09 00:00:00-04:00,458.9104170237532,459.23468742094946,450.0663190511327,451.57965087890625,17207200
2024-07-10 00:00:00-04:00,453.2305038870679,458.37972423311413,450.91136946375343,458.1733703613281,18196100
2024-07-11 00:00:00-04:00,454.9600551032178,456.72886266734906,443.7280281074878,446.823486328125,23111200
2024-07-12 00:00:00-04:00,446.45981604032585,448.4546499899947,442.84357035631416,445.6933288574219,16324300
2024-07-15 00:00:00-04:00,445.44771219074863,449.3391368001631,443.61011000854984,446.0962829589844,14429400
2024-07-16 00:00:00-04:00,446.3518119574386,446.4304129687703,438.9227718455909,441.73321533203125,17175700
2024-07-17 00:00:00-04:00,434.92324477920374,437.14410559537976,431.5723108003405,435.8371276855469,21778000
2024-07-18 00:00:00-04:00,436.6429610062861,436.94758866304596,426.87514326717604,432.7417297363281,20794800
2024-07-19 00:00:00-04:00,425.5976003585523,433.4983352820313,424.51664918921864,429.5381164550781,20940400
2024-07-22 00:00:00-04:00,434.13713868906143,436.8984603038917,431.30702244593317,435.2672119140625,15808800
2024-07-23 00:00:00-04:00,436.2106092622352,440.62285236820446,435.42447912623294,437.1441650390625,13107100
2024-07-24 00:00:00-04:00,432.82027904039575,433.8324355773718,420.183031900693,421.4703369140625,26805800
2024-07-25 00:00:00-04:00,421.3721232816147,422.35480083589914,410.2777152857788,411.15228271484375,29943800
2024-07-26 00:00:00-04:00,410.95572197330205,421.49002544679837,410.04180915234855,417.9032287597656,23583800
2024-07-29 00:00:00-04:00,424.1039132176947,424.66404655168895,417.3431176712943,419.33795166015625,15125800
2024-07-30 00:00:00-04:00,420.3107725606888,421.6177202883819,410.1302192518137,415.59393310546875,32687600
2024-07-31 00:00:00-04:00,413.2159307737182,414.47375690208054,405.06952507333295,411.1031799316406,42891400
2024-08-01 00:00:00-04:00,413.50088916463085,420.05533154219523,405.9342601346404,409.8846130371094,30296400
2024-08-02 00:00:00-04:00,405.34465060644726,407.8111808388244,397.335834619087,401.4139404296875,29437900
2024-08-05 00:00:00-04:00,382.42860065253456,394.09297731515574,378.9007621776494,388.30499267578125,40709200
2024-08-06 00:00:00-04:00,393.07100276300895,398.6427974223072,391.59698650264767,392.687744140625,24946500
2024-08-07 00:00:00-04:00,401.56129474356715,402.9763225660977,390.5847753290331,391.52813720703125,20650900
2024-08-08 00:00:00-04:00,395.46877762031824,398.8295182344643,393.01208360865684,395.7144470214844,20203000
2024-08-09 00:00:00-04:00,397.03114540515713,400.98149772413467,395.29181721770595,398.9866638183594,19276700
2024-08-12 00:00:00-04:00,400.008700380632,401.6792641246606,397.23754263585204,399.7630310058594,16762900
2024-08-13 00:00:00-04:00,402.49490035510087,407.762067699129,402.4752575998139,406.8383483886719,19414300
2024-08-14 00:00:00-04:00,407.61460282522484,410.484034234621,405.30533476037385,409.638916015625,18267000
2024-08-15 00:00:00-04:00,413.27150876832536,414.5611340262228,411.16480439429694,414.4823913574219,20752100
2024-08-16 00:00:00-04:00,414.05909962624725,414.787581998409,410.81040112271256,411.96221923828125,22775600
2024-08-19 00:00:00-04:00,412.4446299731582,415.19125033166955,409.9835081573214,414.97467041015625,15234000
2024-08-20 00:00:00-04:00,415.14201975205145,419.23729981689326,415.082955234779,418.19378662109375,16387600
2024-08-21 00:00:00-04:00,417.48497282390196,419.7689009161739,415.1616884163413,417.5440673828125,16067300
2024-08-22 00:00:00-04:00,417.76066831830366,420.1529016775488,408.1622927487291,409.0876770019531,19361900
2024-08-23 00:00:00-04:00,410.4954583139899,412.74000030450156,405.68148941527863,410.30841064453125,18493800
2024-08-26 00:00:00-04:00,409.89487877847426,410.7907306533513,404.94310328054127,407.0596618652344,13152800
2024-08-27 00:00:00-04:00,406.43949576869113,407.9161688910183,403.8700989564779,407.4042663574219,13492900
2024-08-28 00:00:00-04:00,408.4280692350888,408.5461982686738,400.97578558888256,404.2146301269531,14882700
2024-08-29 00:00:00-04:00,408.4871383812944,415.48655408743093,404.2146347079457,406.6954345703125,17045200
2024-08-30 00:00:00-04:00,409.1368642535232,410.99745657650817,405.7208262421071,410.6529235839844,24308300
2024-09-03 00:00:00-04:00,411.41094371784055,413.3503087826454,400.7001374742272,403.0726623535156,20313600
2024-09-04 00:00:00-04:00,399.59758459335677,404.8446830658677,398.0815251485243,402.54107666015625,15135800
2024-09-05 00:00:00-04:00,401.28095677141835,406.67574622741506,399.8141378862011,402.03900146484375,14195500
2024-09-06 00:00:00-04:00,402.6985610672717,404.26383081056673,394.5670056307313,395.4530334472656,19609500
2024-09-09 00:00:00-04:00,400.9068736495872,402.2949499033103,395.89603343829765,399.4105224609375,15295100
2024-09-10 00:00:00-04:00,401.8519747424291,409.85551750473985,401.3597503882825,407.7586669921875,19594300
2024-09-11 00:00:00-04:00,409.03843011648604,417.39638986900843,403.21048066101315,416.461181640625,19266900
2024-09-12 00:00:00-04:00,416.72697057085117,420.7238298297295,413.2223356546228,420.3595886230469,17395700
2024-09-13 00:00:00-04:00,419.20778281644255,425.11447510259467,418.84354159900835,423.8937683105469,15874600
2024-09-16 00:00:00-04:00,423.9035976857479,426.7880250402565,421.5606050753592,424.632080078125,13834700
2024-09-17 00:00:00-04:00,433.3838900790578,434.9786922694464,425.54765628869114,428.38287353515625,18874200
2024-09-18 00:00:00-04:00,428.235163297131,429.249144206207,423.7165475930165,424.1103210449219,18898000
2024-09-19 00:00:00-04:00,434.3683366283435,434.6341269777226,430.1056566789826,431.8678283691406,21706600
2024-09-20 00:00:00-04:00,430.4206942067389,432.4092699149114,427.46734788448686,428.5010070800781,55167100
2024-09-23 00:00:00-04:00,427.52638627626743,429.67247726227924,423.6968964015023,426.76837158203125,15128900
2024-09-24 00:00:00-04:00,426.2662748026867,426.61083784634445,419.4735849772464,422.495849609375,17015800
2024-09-25 00:00:00-04:00,423.14556440453987,426.384408985251,421.9051794925785,425.3901062011719,13396400
2024-09-26 00:00:00-04:00,428.3237537072511,428.53047950890726,422.45644824495844,424.6025390625,14492000
2024-09-27 00:00:00-04:00,424.8093096047705,425.1341945131492,420.82230422369577,421.3637390136719,14896100
2024-09-30 00:00:00-04:00,421.5507517579481,423.7264049247719,418.7549211722127,423.6082458496094,16807300
2024-10-01 00:00:00-04:00,421.78703621784,421.81656847562806,412.2969368087723,414.147705078125,19092900
2024-10-02 00:00:00-04:00,416.00832438993655,416.24461251055664,410.22961524498584,410.6430969238281,16582300
2024-10-03 00:00:00-04:00,411.1353013004486,413.02542591560956,407.84724636027164,410.062255859375,13686400
2024-10-04 00:00:00-04:00,411.73584330216534,413.22237055628017,408.51670664481577,409.5897521972656,19169700
2024-10-07 00:00:00-04:00,409.5306729821077,410.6233966552464,402.6395318501973,403.171142578125,20919800
2024-10-08 00:00:00-04:00,404.5099645290717,409.19594995144206,401.82243880752753,408.2607116699219,19229300
2024-10-09 00:00:00-04:00,409.3928021729279,413.84252930935924,407.8570646785986,410.9679260253906,14974300
2024-10-10 00:00:00-04:00,408.77263914925425,410.859665558973,406.7249690560659,409.3731384277344,13848400
2024-10-11 00:00:00-04:00,409.66850956364067,410.64310419410805,406.82343830885475,409.845703125,14144900
2024-10-14 00:00:00-04:00,411.27316710591384,417.4456803506331,411.0270549042709,412.62188720703125,16653100
2024-10-15 00:00:00-04:00,415.61453317923247,415.9098858066577,408.80216519233556,412.22802734375,18900200
2024-10-16 00:00:00-04:00,408.71353454058965,409.8850007237477,404.09646824766287,409.64874267578125,15508900
2024-10-17 00:00:00-04:00,415.79171565844746,415.9295528895068,409.12700914123224,410.23944091796875,14820000
2024-10-18 00:00:00-04:00,410.6529471112624,413.12389293089865,409.78662744422246,411.6570739746094,17145300
2024-10-21 00:00:00-04:00,409.6488187127166,412.4446496235521,407.3156799270225,412.2674560546875,14206100
2024-10-22 00:00:00-04:00,411.9819772653469,423.88395989968774,411.53899332193106,420.8617248535156,25482200
2024-10-23 00:00:00-04:00,424.1595460644349,424.37612597688815,415.95910173602493,417.9969177246094,19654400
2024-10-24 00:00:00-04:00,418.71552307399537,419.3554387186423,415.8310957950025,418.1248779296875,13581600
2024-10-25 00:00:00-04:00,420.1233311665373,425.7937351729216,419.9362835126177,421.49169921875,16899100
2024-10-28 00:00:00-04:00,424.9471252042487,425.2227696357769,419.670464602579,419.9559631347656,14882400
2024-10-29 00:00:00-04:00,421.34405104712135,426.4336641349943,419.1782518516455,425.2326354980469,17644100
2024-10-30 00:00:00-04:00,430.6372663836306,431.68077966192817,425.3803136298507,425.8036193847656,29749100
2024-10-31 00:00:00-04:00,408.9006246633273,409.6882017012257,399.9815212546983,400.03076171875,53971000
2024-11-01 00:00:00-04:00,402.64935394725995,409.0384161036912,401.162826864631,403.9881896972656,24230400
2024-11-04 00:00:00-05:00,403.42706781751014,404.0374512515174,399.26286901744754,402.10791015625,19672300
2024-11-05 00:00:00-05:00,402.0192756499378,408.4477238969609,401.7337771398714,405.06121826171875,17626000
2024-11-06 00:00:00-05:00,406.0063586804049,413.91148078515863,404.13588205792996,413.6456604003906,26681800
2024-11-07 00:00:00-05:00,414.7285393416903,420.2119257079772,413.35031719618456,418.8139953613281,19901800
2024-11-08 00:00:00-05:00,418.70569909892066,419.8673412736044,415.22074253188157,415.96893310546875,16891400
2024-11-11 00:00:00-05:00,415.9492116532179,418.20360735923634,409.53061759674426,411.5093688964844,24503300
2024-11-12 00:00:00-05:00,411.7456911405818,417.8394313280264,410.7120319666306,416.45135498046875,19401200
2024-11-13 00:00:00-05:00,415.0829808583345,422.6533640239858,411.7062988498683,418.5876159667969,21502200
2024-11-14 00:00:00-05:00,418.3906594438851,421.5113747579457,413.4684163916041,420.25128173828125,30246900
2024-11-15 00:00:00-05:00,413.2912534776132,416.2248913266483,407.2073678244848,408.54620361328125,28247600
2024-11-18 00:00:00-05:00,408.4182293083614,411.8933320342017,405.6913172118432,409.2944030761719,24727000
2024-11-19 00:00:00-05:00,406.68560375296545,411.4405079817959,405.1498661250552,411.2928466796875,18133500
2024-11-20 00:00:00-05:00,410.3870777929387,410.800559418531,404.19488776660336,409.0285339355469,19191700
2024-11-21 00:00:00-05:00,413.80284233986384,414.0790385036892,404.71793020151534,407.26287841796875,20780200
2024-11-22 00:00:00-05:00,405.7832472742104,411.73135363774225,405.4774597411712,411.3367919921875,24814600
2024-11-25 00:00:00-05:00,412.698073057269,415.36138685697927,409.21601445717323,413.1025085449219,27691100
2024-11-26 00:00:00-05:00,413.8916059444426,423.21327891734404,413.16166540924917,422.1775207519531,23458900
2024-11-27 00:00:00-05:00,419.33665679394954,421.42789081016514,416.28862504102557,417.2454528808594,18332400
2024-11-29 00:00:00-05:00,414.384847961252,419.10980447039015,412.1259395107062,417.7090759277344,16271900
2024-12-02 00:00:00-05:00,415.84480464200857,427.11957037187784,415.5883259829179,425.12701416015625,20207200
2024-12-03 00:00:00-05:00,424.00241788094525,426.5967051479557,421.93093157664276,425.3439636230469,18302000
2024-12-04 00:00:00-05:00,427.1490975254907,433.698935348809,426.754535872994,431.4794921875,26009400
2024-12-05 00:00:00-05:00,431.9727342727058,438.62119043191433,430.2465005729482,436.60888671875,21697800
2024-12-06 00:00:00-05:00,436.2932487182639,440.0416601576814,435.7704476881531,437.5460205078125,18821000
2024-12-09 00:00:00-05:00,436.5891402244184,442.2413029263077,434.51765390142566,439.9626770019531,19144400
2024-12-10 00:00:00-05:00,438.35480554213524,443.5137582543868,435.60268777878343,437.3091735839844,18469500
2024-12-11 00:00:00-05:00,438.0194510528632,444.23391032066826,438.0194510528632,442.8923645019531,19200200
2024-12-12 00:00:00-05:00,443.0106891858234,449.96496224230685,443.0106891858234,443.45458984375,20834800
2024-12-13 00:00:00-05:00,442.34983294961415,445.2992167545738,439.5286583553318,441.1957092285156,20177800
2024-12-16 00:00:00-05:00,441.1957234184863,446.03904550783295,439.2327587604127,445.4570617675781,23598800
2024-12-17 00:00:00-05:00,444.88489699979203,449.1067696297947,443.46445105856475,448.28802490234375,22733500
2024-12-18 00:00:00-05:00,445.19070178831043,446.50262602359174,431.08488976149135,431.44989013671875,24444500
2024-12-19 00:00:00-05:00,435.6224481744677,437.1612597390131,430.39443838506674,431.09478759765625,22963700
2024-12-20 00:00:00-05:00,427.22806088809443,437.71370316583733,422.80892156271733,430.6706848144531,64263700
2024-12-23 00:00:00-05:00,430.80874434392524,431.70638949616176,426.9518413679703,429.3389892578125,19152500
2024-12-24 00:00:00-05:00,428.74709084992185,433.6298778354008,428.2933464556966,433.363525390625,7164500
2024-12-26 00:00:00-05:00,433.1169536147247,434.9517090842379,430.70024449975995,432.1601257324219,8194200
2024-12-27 00:00:00-05:00,428.6978084898888,429.3093836032803,420.5598497453618,424.6830749511719,18117700
2024-12-30 00:00:00-05:00,420.27376177490316,421.7435167493127,416.17025429217676,419.0604553222656,13158700
2024-12-31 00:00:00-05:00,420.31326102478425,420.93470998738326,414.9471377359365,415.7757263183594,13246500
2025-01-02 00:00:00-05:00,419.7509500092328,420.2836247921959,409.21600045312425,412.89532470703125,16896500
2025-01-03 00:00:00-05:00,415.3613950253171,418.27134378737713,413.8423310893823,417.6005859375,16662900
2025-01-06 00:00:00-05:00,422.1874160873605,428.4215926337743,419.7016505493917,422.0394592285156,20573600
2025-01-07 00:00:00-05:00,423.1738138555601,424.80139942668757,415.0851648128758,416.63385009765625,18139100
2025-01-08 00:00:00-05:00,417.70906128958796,421.171402275518,415.81515330470927,418.79412841796875,15054600
2025-01-10 00:00:00-05:00,418.8631375574346,418.94203783823525,409.3836345721572,413.2602844238281,20201100
2025-01-13 00:00:00-05:00,409.6007014640922,412.8164377086338,406.690782868284,411.52423095703125,17604800
2025-01-14 00:00:00-05:00,412.1357932076061,414.03957499111027,405.14208486737954,410.0248718261719,16935900
2025-01-15 00:00:00-05:00,413.43790279096226,422.3353935398116,412.5895665870108,420.5203857421875,19637800
2025-01-16 00:00:00-05:00,422.8779150872359,423.6571645662551,418.6264508238549,418.8138427734375,15300000
2025-01-17 00:00:00-05:00,428.1947398206691,428.57945778773313,422.35515456567043,423.2034606933594,26197500
2025-01-21 00:00:00-05:00,424.3575582513444,425.0480336398343,419.82002384260585,422.6806335449219,26085700
2025-01-22 00:00:00-05:00,431.6175824572203,441.1957044539868,430.0787709144918,440.1402587890625,27803800
2025-01-23 00:00:00-05:00,435.9972543675129,440.6827452232724,435.50404480374874,440.6432800292969,18389300
2025-01-24 00:00:00-05:00,439.11439458237174,440.5841496239721,435.40544858930485,438.0293273925781,15549500
2025-01-27 00:00:00-05:00,418.2516146753107,429.28964793288844,417.74853125025015,428.6583251953125,35647800
2025-01-28 00:00:00-05:00,428.69779052094407,442.29064589853647,425.52151949148305,441.1266784667969,23491700
2025-01-29 00:00:00-05:00,440.62355690140845,440.8109789415141,434.41897223898974,436.32275390625,23581400
2025-01-30 00:00:00-05:00,413.08272804700266,417.11717867451154,407.548931179693,409.35406494140625,54586300
2025-01-31 00:00:00-05:00,413.28996411007114,414.97673266362114,409.2752303832896,409.4231872558594,34161900
2025-02-03 00:00:00-05:00,406.0101743775102,409.7684293585694,403.11009933813943,405.33941650390625,25679100
2025-02-04 00:00:00-05:00,407.0853452090854,408.29865167160733,404.1753965052981,406.7696838378906,20532100
2025-02-05 00:00:00-05:00,406.74994863541014,408.20982973334895,404.82641922275565,407.67718505859375,16316700
2025-02-06 00:00:00-05:00,408.3775613386283,412.5205341470821,408.3775613386283,410.1728515625,16309800
2025-02-07 00:00:00-05:00,410.8238533335017,412.96436600470287,402.5576561425311,404.18524169921875,22886800
2025-02-10 00:00:00-05:00,408.0914590052598,409.8176925215145,405.33937124502273,406.6217041015625,20817900
2025-02-11 00:00:00-05:00,404.0767525043344,406.88802298158646,403.74134350470337,405.852294921875,18140600
2025-02-12 00:00:00-05:00,401.6797299133385,405.17166210079324,398.87830316572246,403.4848937988281,19121700
2025-02-13 00:00:00-05:00,401.4725759938153,405.41825241635894,400.8412533167097,404.9645080566406,23891700
2025-02-14 00:00:00-05:00,402.25188608897315,403.3566707547541,400.3678218416371,402.8831787109375,22758500
2025-02-18 00:00:00-05:00,402.4590098668831,405.0237056562673,400.9793811541372,404.0767517089844,21423100
2025-02-19 00:00:00-05:00,402.34067225656025,409.8473079963777,402.11378500109834,409.1370849609375,24114200
2025-02-20 00:00:00-05:00,410.47144681938056,414.4447923675228,407.75335474991726,411.30169677734375,23508700
2025-02-21 00:00:00-05:00,412.4976421272199,413.1993956224997,403.15730762956775,403.47357177734375,27524800
2025-02-24 00:00:00-05:00,403.7700887978409,404.62009578289485,394.6867174896375,399.3124084472656,26443700
2025-02-25 00:00:00-05:00,396.44608593506547,397.25657880262406,392.09714469383994,393.283203125,29387400
2025-02-26 00:00:00-05:00,393.3919053914201,398.9170410828285,389.6755229646048,395.0919494628906,19619000
2025-02-27 00:00:00-05:00,396.61410618114576,401.03224256641477,387.6197164134029,387.97552490234375,21127400
2025-02-28 00:00:00-05:00,388.10398215130573,393.01631660620876,382.0846478468725,392.38372802734375,32845700
2025-03-03 00:00:00-05:00,394.1925192721913,394.1925192721913,381.67940898205217,383.98236083984375,23007700
2025-03-04 00:00:00-05:00,378.9514723277071,388.02495119005715,376.57932513123166,384.10101318359375,29342900
2025-03-05 00:00:00-05:00,384.82247395089007,397.00942552278195,384.29862476159957,396.366943359375,23433100
2025-03-06 00:00:00-05:00,389.70521049036057,397.4838909032578,388.12376908504734,392.2849426269531,23304600
2025-03-07 00:00:00-05:00,387.76795648683793,390.2191619837315,381.0666253730808,388.7464599609375,22034100
2025-03-10 00:00:00-04:00,381.3631114017718,381.9166113327009,372.8431337183802,375.7490234375,32840100
2025-03-11 00:00:00-04:00,374.6024568394266,381.5212357256429,372.536710763017,376.03564453125,30380200
2025-03-12 00:00:00-04:00,378.5066728711865,380.7503233781215,374.55308456142495,378.82293701171875,24253600
2025-03-13 00:00:00-04:00,378.7142611357114,380.8492026304598,373.0705217726956,374.37518310546875,20473000
2025-03-14 00:00:00-04:00,375.3734195488383,385.7021804869834,375.10656321193693,384.0515441894531,19952800
2025-03-17 00:00:00-04:00,382.2131473268013,388.1533930243756,381.09625384575537,384.18994140625,22474300
2025-03-18 00:00:00-04:00,382.57886557924786,382.87537263830677,376.67813379609476,379.0700378417969,19486900
2025-03-19 00:00:00-04:00,381.0567221702146,385.158563988563,379.54447585576617,383.3201599121094,19185500
2025-03-20 00:00:00-04:00,381.26425870483627,387.24407880313566,378.83281046953476,382.35150146484375,18470500
2025-03-21 00:00:00-04:00,378.77352451177876,387.194656647968,378.3583844724842,386.7202453613281,39675900
2025-03-24 00:00:00-04:00,390.81219242783766,390.81219242783766,385.2870564688155,388.51910400390625,21004500
2025-03-25 00:00:00-04:00,389.34940942223693,391.7610706609813,388.0842623065983,390.57501220703125,15775000
2025-03-26 00:00:00-04:00,390.4168571879551,390.72325787798576,384.0614710304359,385.4452209472656,16108400
2025-03-27 00:00:00-04:00,385.6033351411741,387.6888383797828,382.9050004114053,386.048095703125,13766800
2025-03-28 00:00:00-04:00,383.5771084434194,384.6149434292676,372.55648752516225,374.40478515625,21632000
2025-03-31 00:00:00-04:00,368.2174556076631,372.6948931611048,362.97893300010196,371.0343933105469,35184700
2025-04-01 00:00:00-04:00,370.30297052308924,378.4078388750376,368.89946352111616,377.7554931640625,19689500
2025-04-02 00:00:00-04:00,373.5844861787052,380.61197570359644,372.25014394283687,377.70611572265625,16092600
2025-04-03 00:00:00-04:00,370.4413834397649,373.1001742376296,365.06450042697054,368.7808532714844,30198000
2025-04-04 00:00:00-04:00,359.90508852348376,370.2437151131995,355.3090474323727,355.66485595703125,49209900
2025-04-07 00:00:00-04:00,346.808801297969,366.6953473866903,340.78946619633433,353.7077941894531,50425000
2025-04-08 00:00:00-04:00,363.98712785508354,369.3145725706382,346.18608632628985,350.4460754394531,35868900
2025-04-09 00:00:00-04:00,349.43791334353114,388.66739600040677,349.00301621371585,385.95916748046875,50199700
2025-04-10 00:00:00-04:00,377.6269854135807,379.44563241847453,363.5324334212975,376.92523193359375,38024400
2025-04-11 00:00:00-04:00,376.2235219485835,385.5243129890287,374.493826861171,383.9429016113281,23839200
2025-04-14 00:00:00-04:00,388.6575040815548,390.0709046779098,379.75203666792555,383.3102722167969,19251200
2025-04-15 00:00:00-04:00,384.0021677861047,387.3429548173336,379.702634359307,381.2544250488281,17199900
2025-04-16 00:00:00-04:00,376.25312290658945,377.1821883945702,363.7301188576812,367.2982177734375,21967800
2025-04-17 00:00:00-04:00,369.41342738591277,369.97682098932336,362.6330375516977,363.5126953125,21120200
2025-04-21 00:00:00-04:00,358.6102367890087,360.25097956592975,351.54320368031085,354.9531555175781,20807300
2025-04-22 00:00:00-04:00,359.1637542302739,363.5028019496421,355.68457702509073,362.5638427734375,19485000
2025-04-23 00:00:00-04:00,371.6965961898571,375.9763723537339,368.69186067990836,370.0459899902344,20545500
2025-04-24 00:00:00-04:00,371.3408006891215,383.9428636514652,370.8367085183124,382.8061828613281,22232300
2025-04-25 00:00:00-04:00,382.5096738423667,387.60980644654984,380.1375268589871,387.30340576171875,18973200
2025-04-28 00:00:00-04:00,387.4121350910717,388.1830836548117,382.15388522315925,386.6214294433594,16579400
2025-04-29 00:00:00-04:00,386.75978890275064,390.5157161336794,385.8504804253008,389.468017578125,14974000
2025-04-30 00:00:00-04:00,385.7713871677669,392.0576085897077,379.97939447353656,390.6738586425781,36461100
2025-05-01 00:00:00-04:00,426.1078502028247,431.91962985286955,419.9699127886788,420.464111328125,58938100
2025-05-02 00:00:00-04:00,426.7305579775838,434.3412277785372,425.0008630376841,430.2294921875,30757400
2025-05-05 00:00:00-04:00,427.84743296236513,434.40051033348516,427.0962415401901,431.1091613769531,20136100
2025-05-06 00:00:00-04:00,427.18521188154574,432.65104629505106,426.16716413896285,428.2823181152344,15104200
2025-05-07 00:00:00-04:00,428.8061738000786,433.0365119798482,426.10783898687293,428.3218688964844,23295300
2025-05-08 00:00:00-04:00,432.8487322038109,438.5221520354275,430.60508165893515,433.0859680175781,23491300
2025-05-09 00:00:00-04:00,434.8946881691784,435.6260923106028,430.82249727884243,433.6394348144531,15324200
2025-05-12 00:00:00-04:00,440.7657862582039,444.15598092637396,434.6772567640601,444.0472717285156,22821900
2025-05-13 00:00:00-04:00,442.5844751269483,445.4409573721911,440.19254074927665,443.9287109375,23618800
2025-05-14 00:00:00-04:00,442.940276452347,448.6334230518337,442.940276452347,447.6845703125,19902800
2025-05-15 00:00:00-04:00,446.3576953837484,451.7246558325709,446.0210270484144,448.6946105957031,21992300
2025-05-16 00:00:00-04:00,447.6251542704443,449.91254071320964,444.3376746324017,449.82342529296875,23849800
2025-05-19 00:00:00-04:00,446.46663650360125,455.0913715701619,446.3874026485213,454.37841796875,21336500
2025-05-20 00:00:00-04:00,451.13050930908776,453.8535912700005,449.87295142774695,453.6852722167969,15441800
2025-05-21 00:00:00-04:00,450.12052955644793,453.2991005803846,447.38753565613104,448.1401062011719,19216900
2025-05-22 00:00:00-04:00,450.4967994491365,455.74490907390424,449.4570590917957,450.40765380859375,18025600
2025-05-23 00:00:00-04:00,445.5754438212613,449.2491205375805,444.51591011589574,445.7734680175781,16883500
2025-05-27 00:00:00-04:00,452.0118204825961,456.4380677238799,451.65532857824905,456.18060302734375,20974300
2025-05-28 00:00:00-04:00,456.7054113344306,457.9926743719098,452.45739496057166,452.8831787109375,17086300
2025-05-29 00:00:00-04:00,457.0321797296883,457.2005290082406,450.8532686393741,454.1902770996094,13974800
2025-05-30 00:00:00-04:00,455.2200705832806,457.16087682654637,451.08099341488645,455.8537902832031,34770500
2025-06-02 00:00:00-04:00,452.66535029783114,457.58667299374565,452.41779739511384,457.44805908203125,16626500
2025-06-03 00:00:00-04:00,456.9529759669727,459.5968543955761,456.3489311405408,458.43829345703125,15743800
2025-06-04 00:00:00-04:00,459.4582306475514,461.1316908447896,458.4878122988585,459.3294982910156,14162700
2025-06-05 00:00:00-04:00,460.40879598021155,465.05289099241804,459.487906406924,463.1021728515625,20131700
2025-06-06 00:00:00-04:00,465.4885564998141,468.70674412433226,464.1913817517478,465.7757263183594,15285600
2025-06-09 00:00:00-04:00,465.1024554626714,468.7959258262165,464.03300988597726,468.1225891113281,16469900
2025-06-10 00:00:00-04:00,466.5778015728124,468.1720277278758,462.38919566775553,466.3104553222656,15375900
2025-06-11 00:00:00-04:00,465.4193094086897,470.81597545897466,465.0628476886827,467.9938659667969,16399200
2025-06-12 00:00:00-04:00,470.37032681118086,475.7174938929388,468.88500933710617,474.1826477050781,18950600
2025-06-13 00:00:00-04:00,471.7467626653197,474.48963821321644,468.1324959807857,470.3109436035156,16814500
2025-06-16 00:00:00-04:00,470.55842728964666,475.98479752096426,470.3504913231842,474.4499816894531,15626100
2025-06-17 00:00:00-04:00,470.7466055851971,474.0539088222925,469.4395189734987,473.36077880859375,15414100
2025-06-18 00:00:00-04:00,473.3211507460615,476.29178558337986,469.81579317674493,475.5392150878906,17526500
2025-06-20 00:00:00-04:00,477.50979012623617,478.72773115460745,472.2022397987241,472.72705078125,37576200
2025-06-23 00:00:00-04:00,473.5290716918197,482.97569863590195,467.8848838113984,481.2428283691406,24864000
2025-06-24 00:00:00-04:00,484.1640031375646,487.0356109071577,482.0350238939456,485.3126220703125,22305600
2025-06-25 00:00:00-04:00,487.22371720850634,489.7190395262925,484.5996625495302,487.4514465332031,17495100
2025-06-26 00:00:00-04:00,488.15456314430565,493.1650318097281,487.98621386300664,492.580810546875,21578900
2025-06-27 00:00:00-04:00,492.6797669341534,494.41263722515527,488.20402140418383,491.0855407714844,34539200
2025-06-30 00:00:00-04:00,492.17476425163517,495.8583524786177,490.48148071954876,492.5411376953125,28369000
2025-07-01 00:00:00-04:00,491.61039147776194,493.1749126279045,486.17413905224953,487.233642578125,19945400
2025-07-02 00:00:00-04:00,485.1937811955959,488.66943364597034,483.9164299655294,486.28302001953125,16319600
2025-07-03 00:00:00-04:00,488.9763901568408,495.2345347518064,488.6100166980764,493.9571533203125,13984800
2025-07-07 00:00:00-04:00,492.51150669264047,493.8680919045582,490.38255755326566,492.8481750488281,13981600
2025-07-08 00:00:00-04:00,492.3728680843929,493.32349309723224,489.2735005525455,491.7589416503906,11846600
2025-07-09 00:00:00-04:00,495.40288075164045,501.8194631786975,494.8483646402868,498.58148193359375,18659500
2025-07-10 00:00:00-04:00,498.12595942487985,499.502368126141,492.8778497571002,496.57135009765625,16492100
2025-07-11 00:00:00-04:00,493.590838682584,500.0866251667708,492.92738353199496,498.39337158203125,16459500
2025-07-14 00:00:00-04:00,496.6109349689791,499.0369655948213,496.1257409313552,498.09625244140625,12058800
2025-07-15 00:00:00-04:00,498.09622485625505,503.3245408608939,497.8684955298327,500.86883544921875,14927200
2025-07-16 00:00:00-04:00,500.23514183467364,501.760076321519,496.97736708309617,500.67083740234375,15154400
2025-07-17 00:00:00-04:00,500.7302212088446,508.34495123446135,500.67081092720053,506.6913146972656,17503100
2025-07-18 00:00:00-04:00,509.4440643876484,509.6025320949179,502.4630844244223,505.05743408203125,21209700
2025-07-21 00:00:00-04:00,501.7501069031347,507.0774803175347,500.60145783110823,505.06732177734375,14066800
2025-07-22 00:00:00-04:00,505.96840625923335,506.19616579872985,500.3241882324219,500.3241882324219,13868600
2025-07-23 00:00:00-04:00,501.78972599996087,501.8293429250601,495.79895793496456,500.9183349609375,16396600
2025-07-24 00:00:00-04:00,503.7899711970312,508.6420022469781,502.334358860161,505.87933349609375,16107000
2025-07-25 00:00:00-04:00,507.4537274302719,513.2167663968169,505.3643953860848,508.681640625,19125700
2025-07-28 00:00:00-04:00,509.04804137949895,509.9590192096989,505.1267813382861,507.4834899902344,14308000
2025-07-29 00:00:00-04:00,510.4838436674275,512.5533521818816,506.5526719682665,507.55279541015625,16469200
2025-07-30 00:00:00-04:00,510.127348903314,510.89974304598894,504.45345515414937,508.21624755859375,26380400
2025-07-31 00:00:00-04:00,549.7952354974353,550.0131135040644,526.6936395202101,528.2779541015625,51617300
2025-08-01 00:00:00-04:00,529.7632787074629,530.5554360086387,515.7616702567567,518.9798583984375,28977600
2025-08-04 00:00:00-04:00,523.0991177691142,532.981410508703,522.960473635689,530.39697265625,25349000
2025-08-05 00:00:00-04:00,531.9218555369729,532.0406760929504,522.0791498987046,522.5841674804688,19171600
2025-08-06 00:00:00-04:00,525.70337986457,526.4955370830186,518.9006307843745,519.8016967773438,21355700
2025-08-07 00:00:00-04:00,521.6434435727333,522.9208551796034,512.483986539974,515.7418212890625,16079100
2025-08-08 00:00:00-04:00,517.4845087014622,519.5243419856868,514.3257315807846,516.9299926757812,15531000
2025-08-11 00:00:00-04:00,517.1875004407061,522.4257584225397,514.6327376205326,516.6627197265625,20194400
2025-08-12 00:00:00-04:00,518.6233183732385,525.7825288027884,517.5836082950698,524.0595703125,18667000
2025-08-13 00:00:00-04:00,526.901545781552,527.4857972911225,514.2862580919234,515.4844360351562,19619200
2025-08-14 00:00:00-04:00,517.445017549053,520.8018496782777,515.0487221853349,517.3657836914062,20269100
2025-08-15 00:00:00-04:00,517.6529556536844,520.9503168823401,513.9990723038397,515.078369140625,25213300
2025-08-18 00:00:00-04:00,516.4845535034275,517.7024945692299,508.98864359035275,512.0384521484375,23760600
2025-08-19 00:00:00-04:00,509.9589996924715,510.11740696385556,503.5721224631474,504.7801818847656,21481000
2025-08-20 00:00:00-04:00,504.87920872605446,505.9981527246316,499.5023667236012,500.76983642578125,27723000
2025-08-21 00:00:00-04:00,499.57959198776825,503.48744166230597,498.617506554828,500.1250915527344,18443300
2025-08-22 00:00:00-04:00,500.13506667774504,506.5621975190336,498.3100856343386,503.09075927734375,24324200
2025-08-25 00:00:00-04:00,502.4956437530773,504.04291093011733,500.00611695670057,500.1449890136719,21638600
2025-08-26 00:00:00-04:00,500.24412923099453,500.8590951140394,494.44189267773186,497.9430847167969,30835700
2025-08-27 00:00:00-04:00,497.9034268047853,503.1502662118434,495.8205578102606,502.604736328125,17277900
2025-08-28 00:00:00-04:00,502.95187030654046,506.91922816363694,501.3748491905692,505.4810791015625,18015600
2025-08-29 00:00:00-04:00,504.5090702372647,505.44140176386463,500.3730863144936,502.5551452636719,20961600
2025-09-02 00:00:00-04:00,496.38587753866574,501.87074834041937,492.75574161607386,500.9979248046875,18128000
2025-09-03 00:00:00-04:00,499.6788070917271,503.64616490840893,498.220801883355,501.22607421875,16345100
2025-09-04 00:00:00-04:00,500.18467308127,504.00326140342247,499.04406365219614,503.8247375488281,15509500
2025-09-05 00:00:00-04:00,504.9157608525771,507.7920894589463,488.3520284612672,490.9605712890625,31994800
2025-09-08 00:00:00-04:00,494.0451377441344,497.1099483047291,490.990285532587,494.1344299316406,16771000
2025-09-09 00:00:00-04:00,497.33805669614713,498.15137232357364,493.63851485593227,494.34271240234375,14410500
2025-09-10 00:00:00-04:00,498.8754600894228,499.1234199731124,492.6665349159027,496.2867431640625,21611800
2025-09-11 00:00:00-04:00,498.15138006137016,499.0638857033828,493.8170463660224,496.9215087890625,18881600
2025-09-12 00:00:00-04:00,502.5154742767582,508.367321245748,499.73833579713096,505.73895263671875,23624900
2025-09-15 00:00:00-04:00,504.6379958107742,511.26344571936806,502.8625947427051,511.15435791015625,17143800
2025-09-16 00:00:00-04:00,512.6619733694059,513.0090929577493,504.449544036503,504.8859558105469,19711900
2025-09-17 00:00:00-04:00,506.4530503919847,507.1175961354426,501.80132099339164,505.8579406738281,15816600
2025-09-18 00:00:00-04:00,507.31595138937655,508.883074673213,503.5172196080818,504.30078125,18913700
2025-09-19 00:00:00-04:00,506.39357782967863,515.0622454615835,506.1456179521661,513.7034301757812,52474100
2025-09-22 00:00:00-04:00,511.38257317258103,513.5149918534414,508.3574141571104,510.2518615722656,20009300
2025-09-23 00:00:00-04:00,509.60711582016205,510.3907077578639,503.17008724169204,505.0744323730469,19799600
2025-09-24 00:00:00-04:00,506.21501140620444,508.29784998729696,502.7832554652563,505.98687744140625,13533700
2025-09-25 00:00:00-04:00,504.15198973027213,505.84805701475193,500.9186136455738,502.8923645019531,15786500
2025-09-26 00:00:00-04:00,505.8976246789574,509.74596656687834,502.4856945681329,507.28619384765625,16213100
2025-09-29 00:00:00-04:00,507.3258652143003,512.6321819161793,504.7272507672145,510.4005432128906,17617800
2025-09-30 00:00:00-04:00,509.05168089535164,513.9315141469417,505.5009089039439,513.7232666015625,19728200
2025-10-01 00:00:00-04:00,510.5989067561486,516.2623314762835,507.51430077675985,515.4688720703125,22632300
2025-10-02 00:00:00-04:00,513.4157691025699,517.3434144406598,506.51254498360566,511.53125,21222900
2025-10-03 00:00:00-04:00,512.8800919259904,516.2424417743944,510.7972535535121,513.1280517578125,15112300
2025-10-06 00:00:00-04:00,514.377848960065,526.6965386672223,513.9712214168786,524.256591796875,21388600
2025-10-07 00:00:00-04:00,523.9788663400786,525.4765536672338,517.1847899970462,519.7040405273438,14615200
2025-10-08 00:00:00-04:00,519.0097599169904,522.6497936321297,518.8213080060119,520.56689453125,13363400
2025-10-09 00:00:00-04:00,518.0773939158137,520.0511445409561,513.1777050939771,518.1369018554688,18343600
2025-10-10 00:00:00-04:00,515.3994727403434,519.3073226434543,505.47115003636685,506.790283203125,24133800
2025-10-13 00:00:00-04:00,512.1958293204747,512.1958293204747,507.50444767633473,509.8551025390625,14284200
2025-10-14 00:00:00-04:00,506.06619700641784,511.07500383118867,501.87070570435134,509.3789367675781,14684300
2025-10-15 00:00:00-04:00,510.75768630195654,512.9694689959882,505.83814063109804,509.2401428222656,14694700
2025-10-16 00:00:00-04:00,508.3970522124076,512.6321652486282,503.983354813105,507.4349365234375,15559600
2025-10-17 00:00:00-04:00,504.8859867353243,511.2734052578957,503.1700935064365,509.3889465332031,19867800
2025-10-20 00:00:00-04:00,510.4104293345006,514.4670788802013,509.2400661752128,512.5726318359375,14665600
2025-10-21 00:00:00-04:00,513.2769402267872,514.4572316509175,508.8533142722573,513.4356079101562,15586200
2025-10-22 00:00:00-04:00,516.8971212574951,520.9437823737373,513.4851913413816,516.2920532226562,18962700
2025-10-23 00:00:00-04:00,518.1964698863214,519.6743010066873,514.3778516149157,516.3119506835938,14023500
2025-10-24 00:00:00-04:00,518.5237205252405,521.0628270774097,516.4607380708425,519.3370361328125,15532400
2025-10-27 00:00:00-04:00,527.4404441110845,530.2175826339089,524.6930292943027,527.1825561523438,18734700
2025-10-28 00:00:00-04:00,545.5116410650497,549.2012543795508,536.356983260493,537.6463623046875,29986700
2025-10-29 00:00:00-04:00,540.4929039137475,541.8120671168963,532.3498815675878,537.1305541992188,36023000
2025-10-30 00:00:00-04:00,526.150935240438,530.6042843733296,517.8591725476514,521.469482421875,41023100
2025-10-31 00:00:00-04:00,524.5640198650095,525.0004316167937,510.896444053691,513.5843505859375,34006400
2025-11-03 00:00:00-05:00,515.5680119038287,520.676008789008,510.3906395365282,512.8107299804688,22374700
2025-11-04 00:00:00-05:00,507.5838081580189,511.342858187808,503.6957838776707,510.1328430175781,20958700
2025-11-05 00:00:00-05:00,509.11117977922714,510.6287232020861,502.4460174356622,503.02130126953125,23024300
2025-11-06 00:00:00-05:00,501.53353925537283,501.5732213085109,491.7639146320967,493.04339599609375,27406500
2025-11-07 00:00:00-05:00,492.89463000746537,495.30479262227396,489.2248119110569,492.76568603515625,24019800
2025-11-10 00:00:00-05:00,495.95940345274505,502.7138276367279,494.72950196106785,501.8707580566406,26101500
2025-11-11 00:00:00-05:00,500.68055811559174,505.4414057875519,498.2505695472254,504.5289001464844,17980000
2025-11-12 00:00:00-05:00,505.203338237195,507.494515261433,495.0469117437556,506.9688415527344,26574900
2025-11-13 00:00:00-05:00,506.1455939798088,509.3095642884979,497.1992129195551,499.1828918457031,25273100
2025-11-14 00:00:00-05:00,494.1641988801248,507.4250879884235,493.38063720960855,506.01666259765625,28505700
2025-11-17 00:00:00-05:00,504.300789978241,507.94082387806293,500.7896697837805,503.3486022949219,19092800
2025-11-18 00:00:00-05:00,491.3275301094218,498.87544447228873,482.8076324047851,489.76043701171875,33815100
2025-11-19 00:00:00-05:00,486.1005289347495,491.14898819063853,478.88983663624714,483.14483642578125,23245300
2025-11-20 00:00:00-05:00,489.60385435710714,490.45844852333465,472.50235794747454,475.41387939453125,26802500
2025-11-21 00:00:00-05:00,475.48346109105705,475.9008266883901,465.31794169549005,469.1436767578125,31769200
2025-11-24 00:00:00-05:00,472.0055061050608,473.89352206444323,465.0694984877541,471.0118103027344,34421000
2025-11-25 00:00:00-05:00,471.08136597664605,476.12932719889915,461.9592459889855,473.9829406738281,28019800
2025-11-26 00:00:00-05:00,483.24419169180504,485.2315832491155,478.16642081896737,482.4393005371094,25709100
2025-11-28 00:00:00-05:00,484.5260924315005,489.5243812398697,483.5820692635899,488.9082946777344,14386700
2025-12-01 00:00:00-05:00,485.3608038657598,486.77183499200703,481.59468809959253,483.6715087890625,23964000
2025-12-02 00:00:00-05:00,483.6516286444489,490.38888506208144,483.2541563831954,486.91094970703125,19562700
2025-12-03 00:00:00-05:00,473.3171775583083,481.18723109312356,472.2042431453193,474.7182922363281,34615100
2025-12-04 00:00:00-05:00,476.7355071807625,478.2856702042714,473.4861025034468,477.8086853027344,22318200
2025-12-05 00:00:00-05:00,479.47806435073966,480.35252146637674,475.8610275749173,480.1140441894531,22608700
2025-12-08 00:00:00-05:00,481.8331998835391,489.1964595164875,481.32640529111774,487.9245300292969,21965900
2025-12-09 00:00:00-05:00,486.01663804004494,489.0175885389743,485.4204144751398,488.918212890625,14696100
2025-12-10 00:00:00-05:00,480.97857754952304,481.19719183884354,472.084987996716,475.5430603027344,35756200
2025-12-11 00:00:00-05:00,473.6252433732215,482.96597801292137,472.86007818396723,480.422119140625,24669200
2025-12-12 00:00:00-05:00,476.79515128743174,479.4085762318817,473.3370788032073,475.5132751464844,21248100
2025-12-15 00:00:00-05:00,477.0733729131614,477.6894594742654,469.5411415575728,471.82666015625,23727700
2025-12-16 00:00:00-05:00,468.93498123657525,474.87729294411884,467.9114757916915,473.3867492675781,20705600
2025-12-17 00:00:00-05:00,473.903466892556,476.9739832708393,472.0055042784347,473.1184387207031,24527200
2025-12-18 00:00:00-05:00,475.1754171439269,486.51349034093164,474.87732052138307,480.9289245605469,28573500
2025-12-19 00:00:00-05:00,484.2875835443981,484.7745151206103,479.44828972039977,482.856689453125,70836100
2025-12-22 00:00:00-05:00,483.05539282771,485.6489546100234,479.6470235443271,481.86297607421875,16963000
2025-12-23 00:00:00-05:00,481.9226163967179,484.7546252629152,481.6841087754749,483.78082275390625,14683600
2025-12-24 00:00:00-05:00,482.61817584356095,486.0762481946253,481.77352833631136,484.94342041015625,5855900
2025-12-26 00:00:00-05:00,483.64171061957336,485.04282544173617,482.8964387136479,484.6354064941406,8842200
2025-12-29 00:00:00-05:00,481.80333660098637,485.27135560420123,481.1276307272214,484.02923583984375,10893400
2025-12-30 00:00:00-05:00,482.8666136001516,486.5929730105466,482.43933166580535,484.4068603515625,13944500
2025-12-31 00:00:00-05:00,484.7645645601486,485.06269150087525,480.25317705215497,480.5711669921875,15601600
2026-01-02 00:00:00-05:00,481.3363251826272,481.6046121327098,467.1960229709088,469.95849609375,25571600
2026-01-05 00:00:00-05:00,471.071443053882,473.0687813775576,466.5401924921144,469.86907958984375,25250300
2026-01-06 00:00:00-05:00,470.81304872472026,475.7219083069673,466.78859294331005,475.4933776855469,23037700
2026-01-07 00:00:00-05:00,476.73551614076564,486.6128550141313,474.936929133209,480.422119140625,25564200
2026-01-08 00:00:00-05:00,478.20618966596595,479.6172511411785,472.86010104573086,475.0959167480469,18162600
2026-01-09 00:00:00-05:00,471.07145138115897,476.7951491709672,469.2231916595613,476.258544921875,18491000
2026-01-12 00:00:00-05:00,473.6649886945649,477.95773148860775,472.68120923483104,474.1717529296875,23519900
2026-01-13 00:00:00-05:00,471.68751939768345,472.7805908527595,463.01257439213845,467.70281982421875,28545800
2026-01-14 00:00:00-05:00,463.51936213123724,465.24841354789686,454.2879494306214,456.4840087890625,28184300
2026-01-15 00:00:00-05:00,461.1940901109254,461.32327541703046,453.02590941718984,453.7811279296875,23225800
2026-01-16 00:00:00-05:00,454.94376661538865,460.2699922453042,453.6023014516422,456.9609680175781,34246700
2026-01-20 00:00:00-05:00,448.37541805572727,453.92022725149957,446.44764578645413,451.65460205078125,26130000
2026-01-21 00:00:00-05:00,449.74670883889326,449.8361378186282,435.9144504613163,441.3102111816406,37980500
2026-01-22 00:00:00-05:00,444.79810039972057,449.9851935867555,441.89652570286836,448.2959289550781,25349400
2026-01-23 00:00:00-05:00,449.02131930234236,468.1301005814363,447.6897705604439,463.0125732421875,38000200
2026-01-26 00:00:00-05:00,462.3766075757791,471.2602507862521,459.0874767807031,467.3152770996094,29291200
2026-01-27 00:00:00-05:00,470.7137217228436,479.82589540353166,470.17711748937944,477.5503234863281,29213900
2026-01-28 00:00:00-05:00,480.1637149068934,480.69037244143027,474.9865685400099,478.59368896484375,36875400
2026-01-29 00:00:00-05:00,437.2162272399066,439.7104135269112,418.36581575660404,430.76715087890625,128855300
2026-01-30 00:00:00-05:00,436.4013853645445,436.8286672682951,423.7615739365565,427.5773620605469,58566800
2026-02-02 00:00:00-05:00,427.5276741085398,428.02452201181774,419.58805431821895,420.70098876953125,42219900
2026-02-03 00:00:00-05:00,419.34957819955315,419.3893041977899,405.9843574339844,408.6176452636719,61424100
2026-02-04 00:00:00-05:00,408.4089957411405,417.15350712085007,406.6600813351222,411.5788879394531,45012400
2026-02-05 00:00:00-05:00,404.87144402823185,405.7260079125925,389.8467674620769,391.1882629394531,66289200
2026-02-06 00:00:00-05:00,396.6535630940219,399.25704122003975,390.4429643868461,398.61114501953125,53515300
2026-02-09 00:00:00-05:00,402.2977759502542,412.2744908996196,398.3428555009064,410.99261474609375,45480500
2026-02-10 00:00:00-05:00,416.9746165751398,421.009018998737,410.09825878894065,410.6646423339844,44857900
2026-02-11 00:00:00-05:00,413.5563153661985,413.8345489802859,398.4819668946231,401.8207702636719,42491000
2026-02-12 00:00:00-05:00,402.44681466699853,403.6392618034954,395.50089045865866,399.3067321777344,40802400
2026-02-13 00:00:00-05:00,401.90028127287496,402.98340606348665,395.54060384789733,398.7900085449219,34091600
2026-02-17 00:00:00-05:00,396.7032617740463,397.9950542597942,392.04282577248057,394.3581237792969,32078800
2026-02-18 00:00:00-05:00,395.6201070500213,400.02217209191446,393.8215201082963,397.0808410644531,23223400
2026-02-19 00:00:00-05:00,399.07278661262325,402.7976819572589,395.0690225854118,396.8517761230469,28234000
2026-02-20 00:00:00-05:00,394.51123443489973,398.5050592846536,393.56508699389525,395.6267395019531,34015200
2026-02-23 00:00:00-05:00,393.405742102137,393.7642745182822,381.55377772275136,382.9182434082031,43238300
2026-02-24 00:00:00-05:00,382.5895619940176,387.78846403174964,380.1693467763097,387.429931640625,33884700
2026-02-25 00:00:00-05:00,388.95376053046306,399.84960746436826,388.5852587696308,398.9831237792969,43625500
2026-02-26 00:00:00-05:00,403.0765245044552,405.8453028142193,397.1306190557743,400.0986022949219,34405900
2026-02-27 00:00:00-05:00,389.30236795593413,395.2183958601928,388.30640407164015,391.15484619140625,51367200
2026-03-02 00:00:00-05:00,391.2743390590049,399.57073485574693,389.0533591512552,396.9413757324219,35474900
2026-03-03 00:00:00-05:00,391.5532542396072,405.05852201627056,391.0851500003899,402.2996826171875,38199200
2026-03-04 00:00:00-05:00,399.6504140582061,409.3710312257941,398.69429724653685,403.5645751953125,35808000
2026-03-05 00:00:00-05:00,402.78771732924594,409.9486695143622,402.7677785996419,409.0224304199219,39001300
2026-03-06 00:00:00-05:00,407.54843921074234,411.38287590243635,406.8612216895844,407.30938720703125,31123900
2026-03-09 00:00:00-04:00,403.2857003455267,408.55432729115563,401.8714182880504,407.757568359375,30131900
2026-03-10 00:00:00-04:00,408.37506928692744,408.5443965203919,401.30371964643086,404.122314453125,31706400
2026-03-11 00:00:00-04:00,403.9330670994013,407.35918518479474,399.96912002302975,403.245849609375,25512100
2026-03-12 00:00:00-04:00,402.9968458288957,404.4808221962511,400.0886180975,400.2380065917969,27263900
2026-03-13 00:00:00-04:00,399.3815063856616,403.16615688192843,392.65875035547907,393.9534912109375,26848000
2026-03-16 00:00:00-04:00,396.4633374914087,399.01300251860397,393.1965772756644,398.33575439453125,27733700
2026-03-17 00:00:00-04:00,398.6544574759768,402.7677932271478,396.1446394015159,397.7979431152344,26228300
2026-03-18 00:00:00-04:00,395.5271224277118,396.3936061005556,389.42185925959103,390.20867919921875,25908500
2026-03-19 00:00:00-04:00,388.52551763585893,390.90585551603124,385.4977789148814,387.4498596191406,25138800
2026-03-20 00:00:00-04:00,385.2288602760525,385.43800417098345,378.58576812261686,380.3287048339844,50853200
2026-03-23 00:00:00-04:00,382.3505545919761,385.64719283721575,380.1395134056624,381.4541931152344,29680100
2026-03-24 00:00:00-04:00,380.8167328036651,380.9263046350485,370.34917314154325,371.2355651855469,42733600
2026-03-25 00:00:00-04:00,375.39872248264555,375.5381416220395,368.13813722010167,369.5424499511719,31181200
2026-03-26 00:00:00-04:00,369.32332012922615,373.2075730440749,363.7160388213271,364.4928894042969,36836600
2026-03-27 00:00:00-04:00,360.43934753557875,360.9871459448897,355.07111764854045,355.3300476074219,37883400
2026-03-30 00:00:00-04:00,360.43933630538186,363.88536295562653,354.84202394218255,357.5111999511719,44797000
2026-03-31 00:00:00-04:00,363.07862179545566,371.3949263066763,361.6046146993887,368.67596435546875,45244400
2026-04-01 00:00:00-04:00,371.98254731341393,372.48052926345224,366.7139201659809,367.8791809082031,29417200
2026-04-02 00:00:00-04:00,365.7278929006101,372.1319638369453,362.680245817395,371.9526672363281,24099100
2026-04-06 00:00:00-04:00,371.9825539180967,372.22160592655575,368.0086676124431,371.3750305175781,16146600
2026-04-07 00:00:00-04:00,368.8452727581139,370.9467724245638,365.080530373921,370.78741455078125,21443300
2026-04-08 00:00:00-04:00,383.4261612830284,383.44606961738685,369.91092498913014,372.8191223144531,33064800
2026-04-09 00:00:00-04:00,370.9965328148009,371.9924966612836,365.5685176937085,371.5642395019531,30435300
2026-04-10 00:00:00-04:00,371.47460743717505,374.1238749235223,368.5365019241105,369.37310791015625,28111100
2026-04-13 00:00:00-04:00,372.10205289266787,382.98796126737693,369.5225100750242,382.8186340332031,35745800
2026-04-14 00:00:00-04:00,386.3543213772784,393.09698589720546,384.95994763093,391.5233459472656,37504500
2026-04-15 00:00:00-04:00,396.3936283702306,412.69755239260473,395.1287651714373,409.5602722167969,45063400
2026-04-16 00:00:00-04:00,418.16537187855886,419.12151906860663,410.4765600541581,418.56378173828125,41642400
2026-04-17 00:00:00-04:00,423.10539315661504,429.83808848207923,418.99205736838906,421.0835876464844,48568200
2026-04-20 00:00:00-04:00,419.4501847919345,421.6213787702164,414.6197538627068,416.38262939453125,27582200
2026-04-21 00:00:00-04:00,418.5438369146158,425.45582843737157,415.516128706763,422.4480285644531,32048500
2026-04-22 00:00:00-04:00,424.4698510786937,431.9495495900464,421.9600330275293,431.1726989746094,29378200
2026-04-23 00:00:00-04:00,418.19529609754903,421.9500690544079,409.7495112929088,414.0719909667969,38308000
2026-04-24 00:00:00-04:00,415.28707116170386,423.23487407473965,414.12178001797366,422.90618896484375,27457400
2026-04-27 00:00:00-04:00,420.6752229306716,425.38611256831246,415.3866572294081,423.1053771972656,30867300
2026-04-28 00:00:00-04:00,422.8563830057505,428.1847957314844,420.197146128082,427.5174865722656,30438100
2026-04-29 00:00:00-04:00,422.8663369761165,425.0973167681131,418.59367375245296,422.746826171875,38288300
2026-04-30 00:00:00-04:00,409.15192465494977,412.74737011555624,396.4035989759817,406.1341552734375,70909400
2026-05-01 00:00:00-04:00,411.1338775963461,415.4264794885345,408.7834174283456,412.76727294921875,31372400
2026-05-04 00:00:00-04:00,409.87897009526375,419.0816663151199,409.14193618030583,411.9505615234375,28066500
2026-05-05 00:00:00-04:00,413.6437044066962,415.09780308537887,407.1500007946646,409.7196044921875,25700900
2026-05-06 00:00:00-04:00,406.3532485673598,416.73120520087787,403.4748984673602,412.2891845703125,30285900
2026-05-07 00:00:00-04:00,418.41437649189606,426.25263786097554,417.06984955189336,419.07171630859375,34942400
2026-05-08 00:00:00-04:00,415.70537649227293,416.9403619714099,412.32904436576047,413.44451904296875,33383800
2026-05-11 00:00:00-04:00,406.22377045102496,411.02432350049145,403.86334099070683,410.99444580078125,35657900
2026-05-12 00:00:00-04:00,412.8071154720842,413.8229876767416,404.9987623844293,406.1241760253906,38594200
2026-05-13 00:00:00-04:00,401.57265715241186,404.6700902960666,399.41140211310335,403.57452392578125,29667100
2026-05-14 00:00:00-04:00,402.8474630718804,410.17774231087935,399.2619871856725,407.7774658203125,27077500
2026-05-15 00:00:00-04:00,412.5979239362014,426.4418454559798,411.2434277199191,420.2170715332031,50771200
2026-05-18 00:00:00-04:00,414.93848271907115,423.40417602339767,413.9325494355234,421.83056640625,32564100
2026-05-19 00:00:00-04:00,428.16486989475214,430.9535870211983,414.808990493047,415.7352600097656,33018700
2026-05-20 00:00:00-04:00,412.49835957243755,420.3963455784958,409.63991780241736,419.36053466796875,27864000
2026-05-21 00:00:00-04:00,423.9518891931334,425.5388979071037,414.92886694253497,418.3025207519531,31393500
2026-05-22 00:00:00-04:00,418.7517174636334,423.60257118762803,415.54772693408205,417.7835388183594,22390300
2026-05-26 00:00:00-04:00,415.6475333356961,418.9812539216563,412.24393696715845,415.248291015625,30398000
2026-05-27 00:00:00-04:00,410.23773822181624,415.15846763645,408.8104019854481,411.8946228027344,28901500
2026-05-28 00:00:00-04:00,412.2040283766931,428.68298564682067,411.89461329838434,426.18768310546875,47250500
2026-05-29 00:00:00-04:00,431.7372486144539,449.48383969057267,431.54760317786213,449.3940124511719,79654400
2026-06-01 00:00:00-04:00,463.96658383705716,465.4438139523178,457.40892124774234,459.6546936035156,53628900
2026-06-02 00:00:00-04:00,446.0403151791343,452.64787129328397,439.6024225764256,440.48077392578125,37036800
2026-06-03 00:00:00-04:00,437.62618910935214,439.56254639446627,423.45285793258154,426.53704833984375,39037000
2026-06-04 00:00:00-04:00,434.9911260035114,435.33048350032107,425.60879436274143,427.2456970214844,26899500
2026-06-05 00:00:00-04:00,427.5351398188391,428.66302140752947,413.6213308264138,415.8870849609375,34782200
2026-06-08 00:00:00-04:00,413.3618539280056,416.37616844333525,407.79232157753756,410.9663391113281,32086700
2026-06-09 00:00:00-04:00,408.26144336727174,411.20591258759293,397.7312786929967,402.6520080566406,35317300
2026-06-10 00:00:00-04:00,397.80110870103243,404.2789346443135,396.41373636313654,396.61334228515625,32576000
2026-06-11 00:00:00-04:00,394.46741202742857,396.1043451719433,383.278483574852,389.6065673828125,47224100
2026-06-12 00:00:00-04:00,390.6945042817559,391.003919361718,381.55171206615995,390.00579833984375,34865800
2026-06-15 00:00:00-04:00,396.05442037645633,400.99513175706005,392.11186050588947,399.0088806152344,32266400
2026-06-16 00:00:00-04:00,395.0463355104342,396.094350419825,389.9559121071713,393.0899963378906,31506800
2026-06-17 00:00:00-04:00,389.51671695343225,389.6364865987809,376.6110198431126,378.1980285644531,41987800
2026-06-18 00:00:00-04:00,377.11008548581106,380.6534028700893,372.5786075934489,378.6871032714844,59714200
2026-06-22 00:00:00-04:00,375.0339909424311,380.9129385065033,366.3802985575179,366.6497802734375,45171100
2026-06-23 00:00:00-04:00,371.6802994138851,376.51120135394876,369.9735210485466,373.23736572265625,40647600
2026-06-24 00:00:00-04:00,370.87185096853153,378.16811350773463,364.09460041679364,364.7733154296875,44509900
2026-06-25 00:00:00-04:00,362.0883479855026,363.5456265920902,348.54386902384044,352.1670227050781,66179000
2026-06-26 00:00:00-04:00,356.4789138154501,375.90234020580533,354.762144454129,372.2691955566406,186201600
2026-06-29 00:00:00-04:00,376.790685328561,379.7850483907747,359.2237492715265,367.8774719238281,51229900
2026-06-30 00:00:00-04:00,370.3328407149792,373.44697342275583,366.7595808670141,372.319091796875,44945700
2026-07-01 00:00:00-04:00,380.1144231011508,388.09939143880604,374.18561213385976,383.5579528808594,48065800
2026-07-02 00:00:00-04:00,383.7575696594082,391.4630649298244,382.97903650468743,389.7562561035156,42128900
2026-07-06 00:00:00-04:00,386.31276024010407,388.418780928489,380.5036887115837,386.0133056640625,34224500
2026-07-07 00:00:00-04:00,391.75251064257776,394.8267404517197,387.4905448392632,388.109375,29297500
2026-07-08 00:00:00-04:00,383.3084264217563,384.58602015004215,380.6134873969759,382.6197204589844,25908300
2026-07-09 00:00:00-04:00,373.74643420118315,383.92725049460796,372.64849496928053,383.6377868652344,31083200
2026-07-10 00:00:00-04:00,387.07131223677504,391.1736053926777,380.783162110783,384.37640380859375,24644600
2026-07-13 00:00:00-04:00,387.02143811329415,392.91034623109437,383.4281962321871,390.2553405761719,28914900
2026-07-14 00:00:00-04:00,382.1007052927433,387.46061042423804,377.93852713765,384.20672607421875,27863900
2026-07-15 00:00:00-04:00,387.07132248997675,398.2103568181361,385.6739591427675,394.8866271972656,36253700
2026-07-16 00:00:00-04:00,397.56157784187184,405.2271399033625,391.31333055964967,400.3463439941406,37047400
2026-07-17 00:00:00-04:00,394.1180409920291,397.64143734197864,388.6583483977542,393.08001708984375,33049800
2026-07-20 00:00:00-04:00,390.67455694621333,402.4224305318551,388.91785418191677,401.53411865234375,27915800
2026-07-21 00:00:00-04:00,398.0606303262699,400.7156358198418,395.57531880381754,397.00262451171875,24126600
2026-07-22 00:00:00-04:00,398.8291961465565,400.246541441447,386.2329133568751,389.6065673828125,28142500
2026-07-23 00:00:00-04:00,389.23725659651495,391.04385321150613,376.68090752842744,380.8630065917969,30351800
2026-07-24 00:00:00-04:00,386.32274187573427,388.29903252889795,379.9347732203772,380.9828186035156,27659400
2026-07-27 00:00:00-04:00,389.3470355932277,393.45931979821836,387.2609663085435,388.368896484375,27856200
2026-07-28 00:00:00-04:00,392.4212554523594,399.56780545733704,390.5647345556998,392.61090087890625,32367500
2026-07-29 00:00:00-04:00,392.6607942930367,400.4960502148319,388.00954678983055,389.8061828613281,47209000
2026-07-30 00:00:00-04:00,437.07720086969465,457.8281459885008,431.6274684759506,450.2524108886719,110160700
2026-07-31 00:00:00-04:00,449.1544591210436,465.962813447145,448.4857046349594,463.8468017578125,60846000
2026-08-03 00:00:00-04:00,475.2353605631651,490.7261876465455,474.10747895013026,486.73370361328125,66762100
2026-08-04 00:00:00-04:00,479.99640781848416,498.50158065157444,478.2696778930625,491.884033203125,50455500
2026-08-05 00:00:00-04:00,495.42733843271316,497.3038108374591,484.7674131728324,486.5440673828125,33388900
2026-08-06 00:00:00-04:00,487.6319998350186,500.61756372489685,487.60205742358346,498.9207458496094,36441500
2026-08-07 00:00:00-04:00,498.2719734340298,504.23075699317457,497.79289485093346,499.0505065917969,28846200
2026-08-10 00:00:00-04:00,502.4940586092805,512.7647021753171,501.32624359045303,505.109130859375,31206100
2026-08-11 00:00:00-04:00,503.3823542433026,504.38047525067043,498.61133704649393,502.86334228515625,23049800
2026-08-12 00:00:00-04:00,499.0505227551261,500.557695253814,490.59643643442394,491.5047302246094,29001500
2026-08-13 00:00:00-04:00,492.34314786956145,500.3979918654044,492.0836571155829,495.9463806152344,23039000
2026-08-14 00:00:00-04:00,495.42733437790497,499.07050046550256,492.991947114923,494.4691467285156,16217600
2026-08-17 00:00:00-04:00,489.21906226283284,491.73431632358415,477.51109147171053,479.44744873046875,29635800
2026-08-18 00:00:00-04:00,480.6352093836093,483.36006030134655,476.2534434403709,480.72503662109375,24087600
2026-08-19 00:00:00-04:00,479.16797047398614,488.3806080919379,478.4592826108848,483.3999938964844,19961900
2026-08-20 00:00:00-04:00,483.29998779296875,484.1600036621094,479.5,481.1499938964844,20020800
2026-08-21 00:00:00-04:00,479.8800048828125,486.3599853515625,478.5299987792969,483.239990234375,22510800
2026-08-24 00:00:00-04:00,483.2099914550781,490.6099853515625,481.8599853515625,487.30999755859375,17230800
2026-08-25 00:00:00-04:00,485.44000244140625,492.44000244140625,484.29998779296875,491.7099914550781,19519000
2026-08-26 00:00:00-04:00,487.8500061035156,497.3999938964844,487.30999755859375,496.3699951171875,20758900
2026-08-27 00:00:00-04:00,494.8800048828125,506.4800109863281,490.0799865722656,505.05999755859375,28688800
2026-08-28 00:00:00-04:00,505.3299865722656,517.780029296875,504.8699951171875,513.530029296875,29207300
2026-08-31 00:00:00-04:00,510.3800048828125,512.1900024414062,506.3900146484375,507.2900085449219,27208900
2026-09-01 00:00:00-04:00,497.5199890136719,505.9700012207031,496.7799987792969,501.0199890136719,21046900
2026-09-02 00:00:00-04:00,499.8500061035156,500.2699890136719,493.80999755859375,496.82000732421875,15336100
2026-09-03 00:00:00-04:00,501.6600036621094,515.6500244140625,500.79998779296875,510.1199951171875,24125900
2026-09-04 00:00:00-04:00,510.0,511.0,499.3599853515625,499.70001220703125,18101800
2026-09-08 00:00:00-04:00,493.010009765625,495.19000244140625,490.1499938964844,493.95001220703125,18882300
2026-09-09 00:00:00-04:00,493.07000732421875,494.3900146484375,489.79998779296875,491.6499938964844,12889600
2026-09-10 00:00:00-04:00,488.32000732421875,494.5199890136719,486.0,492.44000244140625,16038800
2026-09-11 00:00:00-04:00,495.6499938964844,498.9700012207031,492.5799865722656,495.6300048828125,14510500
2026-09-14 00:00:00-04:00,497.05999755859375,509.95001220703125,495.3399963378906,505.4100036621094,23091900
2026-09-15 00:00:00-04:00,500.05999755859375,505.8999938964844,495.5400085449219,497.1199951171875,17794600
2026-09-16 00:00:00-04:00,493.0299987792969,495.9700012207031,487.2300109863281,490.29998779296875,16670300
2026-09-17 00:00:00-04:00,497.79998779296875,501.4700012207031,493.1700134277344,497.75,17841600
2026-09-18 00:00:00-04:00,497.9700012207031,498.6499938964844,491.1000061035156,493.7799987792969,39544100
