Date,Open,High,Low,Close,Volume
2021-09-20 00:00:00-04:00,21.053264860277913,21.339006884996316,20.571388169869678,21.020410537719727,349440000
2021-09-21 00:00:00-04:00,21.323081688701794,21.33104602969822,20.858130525552628,21.15283203125,204688000
2021-09-22 00:00:00-04:00,21.272302669855954,21.86369765838028,21.103048096770816,21.84478187561035,268726000
2021-09-23 00:00:00-04:00,22.04291208043508,22.43618040031982,21.79400836896139,22.383413314819336,248555000
2021-09-24 00:00:00-04:00,21.973217562960425,22.0518716003552,21.765134441649685,21.984169006347656,217655000
2021-09-27 00:00:00-04:00,21.61479768356571,21.703408104868426,21.23148763384745,21.565017700195312,245215000
2021-09-28 00:00:00-04:00,21.12096960542121,21.32507053002053,20.560436939331986,20.608226776123047,343069000
2021-09-29 00:00:00-04:00,20.84817598919537,20.924838000257065,20.377248680273436,20.427030563354492,218394000
2021-09-30 00:00:00-04:00,20.676926507135207,20.973620032961403,20.59727740414024,20.625154495239258,221009000
2021-10-01 00:00:00-04:00,20.659003463241838,20.7675247129361,20.114401382383377,20.651039123535156,240978000
2021-10-04 00:00:00-04:00,20.414083578048384,20.451917043098803,19.469245817551954,19.645469665527344,345635000
2021-10-05 00:00:00-04:00,19.86251797851901,20.557457131881208,19.76693827984998,20.36132049560547,279282000
2021-10-06 00:00:00-04:00,20.03176974378131,20.629137078715868,19.99194424199397,20.60922622680664,297202000
2021-10-07 00:00:00-04:00,20.99950393304236,21.22849675315436,20.880031234621082,20.982580184936523,256919000
2021-10-08 00:00:00-04:00,21.00846717095083,21.113006266424186,20.683896542065902,20.73965072631836,151258000
2021-10-11 00:00:00-04:00,20.484773437642136,20.970632383544228,20.421053017517437,20.604246139526367,163388000
2021-10-12 00:00:00-04:00,20.73666197268602,20.964657828842242,20.437978323976292,20.580350875854492,162134000
2021-10-13 00:00:00-04:00,20.826267780379947,20.897952540851815,20.622166840732383,20.84717559814453,180652000
2021-10-14 00:00:00-04:00,21.194648710999132,21.659599896985824,21.029376283806112,21.6506404876709,243589000
2021-10-15 00:00:00-04:00,21.714358431793613,21.834828112212975,21.567008625168985,21.766130447387695,226994000
2021-10-18 00:00:00-04:00,21.653624540532604,22.19324752272249,21.5490835543678,22.124549865722656,189494000
2021-10-19 00:00:00-04:00,22.178310762287502,22.280859708119866,21.940360443621927,22.192251205444336,161473000
2021-10-20 00:00:00-04:00,22.207188763908334,22.334627718556206,21.885605224072492,22.006074905395508,146276000
2021-10-21 00:00:00-04:00,22.000101009958392,22.61140883432753,21.98616246311229,22.592491149902344,187590000
2021-10-22 00:00:00-04:00,22.72291945031227,23.028572443151834,22.46206920518055,22.626344680786133,249384000
2021-10-25 00:00:00-04:00,22.872258622224397,23.25258344955109,22.67014969676888,23.06441307067871,230235000
2021-10-26 00:00:00-04:00,23.88380198609397,25.148233144137606,23.81908649717466,24.60860824584961,485898000
2021-10-27 00:00:00-04:00,24.36667464722999,24.97997251638669,24.175515291453934,24.343774795532227,245990000
2021-10-28 00:00:00-04:00,24.768903437739628,24.840588199418896,24.41546066539416,24.831626892089844,234204000
2021-10-29 00:00:00-04:00,24.89136000637363,25.596255323739626,24.89036493868352,25.454877853393555,292503000
2021-11-01 00:00:00-04:00,25.536524276050844,25.780448839610433,25.116373947615195,25.713743209838867,265740000
2021-11-02 00:00:00-04:00,25.70876724972974,26.56101256170564,25.68686246202582,26.285226821899414,294112000
2021-11-03 00:00:00-04:00,26.553042329347175,26.666542716501237,26.119950495850016,26.48135757446289,239910000
2021-11-04 00:00:00-04:00,27.109596719532924,31.22745940153133,26.999083410913848,29.670318603515625,1153631000
2021-11-05 00:00:00-04:00,30.05461467183272,31.262294386463584,29.281021793167827,29.621522903442383,851260000
2021-11-08 00:00:00-05:00,30.01678837668219,30.963618188602332,29.775849037020173,30.668916702270508,503101000
2021-11-09 00:00:00-05:00,32.140431924829684,32.16830901202429,29.832596497880946,30.52255630493164,646746000
2021-11-10 00:00:00-05:00,29.227262149282613,30.714709797083966,28.65179591122643,29.329809188842773,636206000
2021-11-11 00:00:00-05:00,30.334391912355496,30.45585665879576,29.646422105832695,30.256732940673828,332172000
2021-11-12 00:00:00-05:00,29.87840015502357,30.545462142052177,29.500065470388805,30.256732940673828,413054000
2021-11-15 00:00:00-05:00,30.41801896863416,30.509614574948284,29.11874154072653,29.893329620361328,384909000
2021-11-16 00:00:00-05:00,29.62850151207324,30.25673306637881,29.57573253019145,30.070552825927734,264484000
2021-11-17 00:00:00-05:00,30.28460666991569,30.375209109979387,28.673702083946914,29.132680892944336,428508000
2021-11-18 00:00:00-05:00,32.225063319518526,32.616337669436994,31.183648858814088,31.536096572875977,781711000
2021-11-19 00:00:00-05:00,32.101608157533384,32.94290388231008,31.76509100701343,32.840354919433594,533867000
2021-11-22 00:00:00-05:00,33.37001812058742,34.49506385982345,31.76011037964673,31.81586456298828,754335000
2021-11-23 00:00:00-05:00,31.39671157119762,32.218094514763855,30.744583214227514,31.606786727905273,532163000
2021-11-24 00:00:00-05:00,31.323032237725272,32.71091813220103,30.792368699348174,32.53071212768555,435162000
2021-11-26 00:00:00-05:00,32.457034628286934,32.56655284259445,31.21251827008266,31.36484718322754,283069000
2021-11-29 00:00:00-05:00,32.22406792574834,33.265478577950766,31.895513237231377,33.229637145996094,454964000
2021-11-30 00:00:00-05:00,33.02353371406536,33.206728683147546,31.724258479576022,32.53269577026367,622066000
2021-12-01 00:00:00-05:00,33.07737601000796,33.1470772684117,31.24621379716434,31.300979614257812,484368000
2021-12-02 00:00:00-05:00,31.080927792073595,32.33953899053349,30.892732466486468,31.989038467407227,472890000
2021-12-03 00:00:00-05:00,31.863574209549956,31.992025853618237,30.00154575602389,30.56214714050293,544325000
2021-12-06 00:00:00-05:00,29.75260913184593,30.11207010956424,27.918463234495462,29.9089412689209,658938000
2021-12-07 00:00:00-05:00,30.825026722109563,32.310666695449044,30.520329586656192,32.28875732421875,593053000
2021-12-08 00:00:00-05:00,31.8625799412448,32.15233969224195,31.287043097460884,31.690317153930664,475551000
2021-12-09 00:00:00-05:00,31.59870204936308,32.06769651903593,30.29827039453706,30.36000633239746,488507000
2021-12-10 00:00:00-05:00,31.017194834238797,31.171534691574287,29.733690792322534,30.06925392150879,488825000
2021-12-13 00:00:00-05:00,30.12003462160517,30.164842841094565,27.99612729686803,28.040935516357422,598344000
2021-12-14 00:00:00-05:00,27.580907982463,28.555734222401295,27.13382283364954,28.216188430786133,667035000
2021-12-15 00:00:00-05:00,28.27891988260038,30.369967183258264,27.71931562363803,30.32914161682129,698297000
2021-12-16 00:00:00-05:00,31.01918703981043,31.027152355261656,27.97322876019045,28.265974044799805,707366000
2021-12-17 00:00:00-05:00,27.865689688111814,28.79869516682683,27.64164857062036,27.68247413635254,713758000
2021-12-20 00:00:00-05:00,27.188587940382853,28.02400974051841,27.02927023764738,27.60082244873047,461847000
2021-12-21 00:00:00-05:00,28.25303433423604,28.99585421850797,27.28418102866078,28.951045989990234,524385000
2021-12-22 00:00:00-05:00,28.767827479708327,29.428996155845503,28.327710555903725,29.274656295776367,395184000
2021-12-23 00:00:00-05:00,29.628141300237914,29.9308460734299,29.305523238717626,29.51363182067871,343022000
2021-12-27 00:00:00-05:00,29.53354885530447,30.95446509890773,29.51363366651382,30.81307029724121,403686000
2021-12-28 00:00:00-05:00,31.178501216751027,31.196424124096993,29.884042641533675,30.19272232055664,420591000
2021-12-29 00:00:00-05:00,30.143934262767104,30.41776144298987,29.240799693853926,29.873092651367188,343139000
2021-12-30 00:00:00-05:00,29.699835409860693,30.32715053513794,29.41406024985419,29.459863662719727,308864000
2021-12-31 00:00:00-05:00,29.54749135107495,29.9019745214391,29.2059532443293,29.285612106323242,266530000
2022-01-03 00:00:00-05:00,29.687887165643172,30.58006706522169,29.658014384020838,29.992582321166992,391547000
2022-01-04 00:00:00-05:00,30.147920339641463,30.338106033190847,28.228140493093743,29.165128707885742,527154000
2022-01-05 00:00:00-05:00,28.825579893631648,29.290589869699456,27.415618321755158,27.48631477355957,498064000
2022-01-06 00:00:00-05:00,27.522156879900578,28.316754959283724,26.949609518873476,28.057863235473633,454186000
2022-01-07 00:00:00-05:00,28.02102409273095,28.300826210955492,26.941644095796043,27.130834579467773,409939000
2022-01-10 00:00:00-05:00,26.467671784773447,27.351886299717222,25.53466639311799,27.283180236816406,594681000
2022-01-11 00:00:00-05:00,27.20651282406831,27.94535000609593,26.724577023199927,27.698406219482422,404089000
2022-01-12 00:00:00-05:00,27.94733620165416,28.473084959973825,27.490293505962637,27.879627227783203,383413000
2022-01-13 00:00:00-05:00,28.258008185903833,28.358577413604603,26.38502715764647,26.461700439453125,540171000
2022-01-14 00:00:00-05:00,26.18787012536713,27.08104705883841,26.098253685229988,26.827133178710938,395832000
2022-01-18 00:00:00-05:00,26.148046566250244,26.524435305727852,25.660135800028776,25.79256820678711,424270000
2022-01-19 00:00:00-05:00,25.96781525631739,26.42983583830402,24.94519334293258,24.960128784179688,488315000
2022-01-20 00:00:00-05:00,25.196118325519468,25.469945494898944,23.97534359217132,24.04703712463379,435181000
2022-01-21 00:00:00-05:00,23.40678161092132,24.717171038870582,23.163822382731063,23.274349212646484,718958000
2022-01-24 00:00:00-05:00,22.234800479522537,23.280323256927787,20.79894871741768,23.272357940673828,913982000
2022-01-25 00:00:00-05:00,22.44988020196596,22.84518895116685,21.906208409712576,22.22882652282715,664616000
2022-01-26 00:00:00-05:00,23.140916602745857,23.954432781138927,22.20492373788374,22.674911499023438,755959000
2022-01-27 00:00:00-05:00,23.467523671999473,23.89270329457415,21.582592522124454,21.850446701049805,573353000
2022-01-28 00:00:00-05:00,21.918151515078176,22.76054528347654,21.205204558448763,22.74262237548828,543774000
2022-01-31 00:00:00-05:00,23.083165646073763,24.404509712140047,22.953720720505,24.381607055664062,564680000
2022-02-01 00:00:00-05:00,24.996973791149287,25.03779935981821,23.788148758594023,24.532960891723633,518925000
2022-02-02 00:00:00-05:00,25.6840327601272,25.706933518845947,24.448322405650178,25.13438606262207,543419000
2022-02-03 00:00:00-05:00,24.353731309724164,24.970091884308065,23.67862224760551,23.845905303955078,410178000
2022-02-04 00:00:00-05:00,23.869797957184883,24.529971431012495,23.531247360390374,24.21531867980957,354829000
2022-02-07 00:00:00-05:00,24.268090747101677,25.074636814466327,24.098815458966705,24.622573852539062,376868000
2022-02-08 00:00:00-05:00,24.255148284706152,25.122435194530542,23.877764383475125,25.00095558166504,410359000
2022-02-09 00:00:00-05:00,25.512761692954534,26.611059748632012,25.244909456729868,26.591144561767578,524282000
2022-02-10 00:00:00-05:00,25.884175827584478,26.81020934447509,25.490859383243375,25.713903427124023,513200000
2022-02-11 00:00:00-05:00,25.805516257430106,26.040510211965525,23.671652563120524,23.846900939941406,605472000
2022-02-14 00:00:00-05:00,23.831961302784133,24.768949487290513,23.653723589292724,24.163541793823242,440424000
2022-02-15 00:00:00-05:00,24.8426335224846,26.431829912184345,24.67833795995591,26.382043838500977,699869000
2022-02-16 00:00:00-05:00,26.14705136160018,26.468674277270747,25.443064769746623,26.39797592163086,732676000
2022-02-17 00:00:00-05:00,25.52072674309447,25.675066590866578,24.06197445592718,24.402515411376953,810595000
2022-02-18 00:00:00-05:00,24.562831248228793,24.879476296810182,23.001517271399226,23.54120635986328,761255000
2022-02-22 00:00:00-05:00,22.936793337243518,23.96140567068865,22.901942706800956,23.290279388427734,633422000
2022-02-23 00:00:00-05:00,23.700519613094333,24.052015226751326,22.205919711751882,22.29155158996582,566511000
2022-02-24 00:00:00-05:00,20.92540185101815,23.698527839821597,20.800934789045943,23.64674949645996,735801000
2022-02-25 00:00:00-05:00,23.619872153634248,24.113755971900215,23.281321506147055,24.054012298583984,528866000
2022-02-28 00:00:00-05:00,23.889710379569376,24.559841369753713,23.605925632639202,24.281034469604492,477319000
2022-03-01 00:00:00-05:00,24.187438016478104,24.27307180434672,23.033378906753704,23.376907348632812,412056000
2022-03-02 00:00:00-05:00,23.658748421485516,24.309075054496567,23.31914479926627,24.120847702026367,389642000
2022-03-03 00:00:00-05:00,24.16267940977901,24.226418496205614,23.37292639017765,23.616924285888672,365095000
2022-03-04 00:00:00-05:00,23.288271806116654,23.583059575930694,22.389963970849855,22.842105865478516,431415000
2022-03-07 00:00:00-05:00,22.723588025963124,22.938705239521745,21.24267619990399,21.264585494995117,450821000
2022-03-08 00:00:00-05:00,21.221763621611906,22.281406917450838,20.56546109047921,21.42592430114746,557467000
2022-03-09 00:00:00-05:00,22.295352427006858,23.124942518382856,22.15592615939423,22.91978645324707,492742000
2022-03-10 00:00:00-05:00,22.438767569291258,22.6947154875098,21.792424138907304,22.565248489379883,428066000
2022-03-11 00:00:00-05:00,22.927757657361386,23.050255244866698,21.95575312916382,22.009532928466797,367209000
2022-03-14 00:00:00-04:00,21.779474563363422,22.170865393438028,21.072381995476352,21.2426815032959,385354000
2022-03-15 00:00:00-04:00,21.42990862446335,22.943686459312385,21.23471186606526,22.878952026367188,491996000
2022-03-16 00:00:00-04:00,23.40379479526486,24.49630397600163,23.077138455679332,24.39571762084961,671422000
2022-03-17 00:00:00-04:00,24.021260266549067,24.74030282145656,23.808135623978337,24.664615631103516,471941000
2022-03-18 00:00:00-04:00,24.69747741085638,26.460231824316143,24.523194587296928,26.34470558166504,730719000
2022-03-21 00:00:00-04:00,26.398489377058596,27.040849423539733,25.860699040597943,26.62455940246582,591727000
2022-03-22 00:00:00-04:00,26.6175847985813,27.126494456861913,25.965267440901066,26.415416717529297,547007000
2022-03-23 00:00:00-04:00,26.019044893201844,26.503055368285953,25.470301882639813,25.52906036376953,502120000
2022-03-24 00:00:00-04:00,26.058885884967737,28.20406749144338,25.800945365640167,28.03476333618164,877379000
2022-03-25 00:00:00-04:00,27.771838389654814,28.241906210807365,27.159356339542615,27.578632354736328,579016000
2022-03-28 00:00:00-04:00,27.642377303838558,28.134354526494057,27.094627668908103,28.10348129272461,425494000
2022-03-29 00:00:00-04:00,28.577532381283703,28.827504327820737,27.865459189769126,28.538692474365234,488984000
2022-03-30 00:00:00-04:00,28.188127761519787,28.37934117490672,27.390406364194966,27.576641082763672,463487000
2022-03-31 00:00:00-04:00,27.66826906522798,28.132361016808318,27.15836589385924,27.174299240112305,523440000
2022-04-01 00:00:00-04:00,27.26292982553601,27.383434753860264,26.159466050606216,26.602643966674805,517235000
2022-04-04 00:00:00-04:00,26.61858452561167,27.44518668797612,26.504055527761597,27.247997283935547,397120000
2022-04-05 00:00:00-04:00,27.142430269538746,27.207164711525582,25.714300606563835,25.824846267700195,436615000
2022-04-06 00:00:00-04:00,24.83192419404275,25.196425073376112,23.904735802768805,24.30708122253418,703833000
2022-04-07 00:00:00-04:00,24.340946042246006,24.620795851372538,23.381888921729562,24.10890007019043,557992000
2022-04-08 00:00:00-04:00,23.81909236344926,23.825068318317854,22.967592876759955,23.02435874938965,524781000
2022-04-11 00:00:00-04:00,22.123063188914138,22.228628253478472,21.571330249174363,21.82727813720703,575207000
2022-04-12 00:00:00-04:00,22.44474204972869,22.631972169880864,21.194878517496804,21.415969848632812,662258000
2022-04-13 00:00:00-04:00,21.639050491837658,22.407889437860018,21.36716738576446,22.112104415893555,516943000
2022-04-14 00:00:00-04:00,22.412867562077835,22.683755302120506,21.076362421603775,21.17097282409668,569097000
2022-04-18 00:00:00-04:00,21.113213152266766,21.9975764845038,20.992708207900467,21.69382667541504,525701000
2022-04-19 00:00:00-04:00,21.631084290617952,22.281410987109858,21.226746193463015,22.107128143310547,512781000
2022-04-20 00:00:00-04:00,22.42482103543778,22.57719456880331,21.11321307776146,21.394058227539062,468974000
2022-04-21 00:00:00-04:00,21.620128118741523,22.30033264038632,19.918124725646763,20.10037612915039,656209000
2022-04-22 00:00:00-04:00,20.219884332875687,20.402135741058334,19.42017210608827,19.435110092163086,624713000
2022-04-25 00:00:00-04:00,19.123394685988696,19.8633531842539,19.017829608738282,19.82052993774414,641566000
2022-04-26 00:00:00-04:00,19.637279366940014,19.706992498806468,18.593569308178367,18.71108627319336,653143000
2022-04-27 00:00:00-04:00,18.52186437824128,19.088535288837406,18.21512658445252,18.339614868164062,499460000
2022-04-28 00:00:00-04:00,18.8893550683818,19.95497647373352,18.41430844686625,19.701019287109375,570327000
2022-04-29 00:00:00-04:00,19.32257448999954,20.045602297833724,18.441197185099483,18.4710750579834,500435000
2022-05-02 00:00:00-04:00,18.46509951842047,19.493869793767686,18.315713949725147,19.453039169311523,572049000
2022-05-03 00:00:00-04:00,19.320586249014987,19.743847662826795,19.05467900868322,19.521759033203125,475751000
2022-05-04 00:00:00-04:00,19.84144044981811,20.316487014368857,18.67423744950525,20.250757217407227,648855000
2022-05-05 00:00:00-04:00,19.785669950252917,19.843431175196322,18.424265535645223,18.766857147216797,626331000
2022-05-06 00:00:00-04:00,18.65929999241693,19.432122333318322,17.916353624000763,18.598548889160156,633297000
2022-05-09 00:00:00-04:00,17.9601754415391,18.180269513135514,16.75811575231476,16.880613327026367,644455000
2022-05-10 00:00:00-04:00,17.61658525253339,18.12350232079174,16.955303927577983,17.52297019958496,761474000
2022-05-11 00:00:00-04:00,17.275983917823066,17.68032194709463,16.500173704044624,16.561918258666992,670167000
2022-05-12 00:00:00-04:00,16.15260613492584,16.719277132650767,15.503275671521447,16.10878562927246,708728000
2022-05-13 00:00:00-04:00,16.71927867526598,17.854611494178222,16.525077208824772,17.633520126342773,670437000
2022-05-16 00:00:00-04:00,17.437326772978906,17.715184003331498,17.035976596007032,17.193328857421875,521446000
2022-05-17 00:00:00-04:00,18.000007771051944,18.29579278898957,17.561810417904773,18.10258674621582,585830000
2022-05-18 00:00:00-04:00,17.632518279068112,18.04382762467623,16.794961603480765,16.8686580657959,545161000
2022-05-19 00:00:00-04:00,16.867668789295024,17.614598669841808,16.665498750139765,17.053903579711914,621310000
2022-05-20 00:00:00-04:00,17.26104864553038,17.33872845520384,15.69050380184821,16.625659942626953,739105000
2022-05-23 00:00:00-04:00,16.207377095601466,16.845753691955995,16.112766693765444,16.82882308959961,639889000
2022-05-24 00:00:00-04:00,16.44241318228326,16.529056923699873,15.715401091996485,16.08786964416504,588550000
2022-05-25 00:00:00-04:00,15.954421301148022,17.040954810049584,15.934502716862164,16.9055118560791,781132000
2022-05-26 00:00:00-04:00,15.97034965113775,18.017932366337,15.956407026409044,17.77791976928711,996575000
2022-05-27 00:00:00-04:00,18.111552116018746,18.80370666474349,18.02590373672392,18.733993530273438,738379000
2022-05-31 00:00:00-04:00,18.902295884702053,19.121396425746433,18.274875925211305,18.595558166503906,664100000
2022-06-01 00:00:00-04:00,18.64734816521392,18.97499986864279,18.047811461986903,18.2450008392334,544514000
2022-06-02 00:00:00-04:00,18.217119410706687,19.538686849184053,18.12350434729059,19.511796951293945,648656000
2022-06-03 00:00:00-04:00,19.003887309829665,19.25286391841899,18.446178338920216,18.643367767333984,598779000
2022-06-06 00:00:00-04:00,19.06065056239769,19.25783996366541,18.488003681659272,18.709095001220703,422406000
2022-06-07 00:00:00-04:00,18.396382141540013,18.92222057056187,18.11354434422296,18.84852409362793,388914000
2022-06-08 00:00:00-04:00,18.726002870282798,19.105523955961853,18.4630280486972,18.575590133666992,363252000
2022-06-09 00:00:00-04:00,18.409237816459715,18.859482332873327,17.970945836791113,17.97791862487793,395574000
2022-06-10 00:00:00-04:00,17.531659275414107,17.6282827443318,16.803496864291528,16.908090591430664,465248000
2022-06-13 00:00:00-04:00,15.9378697072585,16.248658440141707,15.54539961251888,15.586240768432617,604153000
2022-06-14 00:00:00-04:00,15.669912860368118,16.003612016416973,15.35215136745031,15.774505615234375,469680000
2022-06-15 00:00:00-04:00,16.032502129668625,16.802501270573813,15.864158686622957,16.462825775146484,563936000
2022-06-16 00:00:00-04:00,15.798414650179138,15.880096970510953,15.34119733013796,15.540420532226562,545749000
2022-06-17 00:00:00-04:00,15.587234197190497,15.932886820587377,15.268477150817528,15.818333625793457,630334000
2022-06-21 00:00:00-04:00,16.41102839784153,16.94195781559774,16.34329164963761,16.50167465209961,483089000
2022-06-22 00:00:00-04:00,16.162992114105894,16.59729988882193,16.117171209417034,16.296472549438477,437135000
2022-06-23 00:00:00-04:00,16.454851986991518,16.5205956784527,15.79143880496092,16.16199493408203,463680000
2022-06-24 00:00:00-04:00,16.43592735057394,17.073441500432935,16.24666462485629,17.05949592590332,472153000
2022-06-27 00:00:00-04:00,17.24477402510874,17.2627037776178,16.561437091028537,16.80349349975586,427968000
2022-06-28 00:00:00-04:00,16.83437454206532,17.135201879170452,15.883083017438073,15.919939994812012,461149000
2022-06-29 00:00:00-04:00,15.752592549454855,15.758568817578366,15.111093222281093,15.481648445129395,482352000
2022-06-30 00:00:00-04:00,15.301351073584014,15.506551472546047,14.804289165625038,15.100135803222656,686070000
2022-07-01 00:00:00-04:00,14.84114455708728,15.004507273555733,14.336113363533372,14.466604232788086,577610000
2022-07-05 00:00:00-04:00,14.119955710684517,14.91286420559904,14.000421809691066,14.905891418457031,651397000
2022-07-06 00:00:00-04:00,14.951714146500859,15.259514268350555,14.73157165387112,15.071248054504395,529066000
2022-07-07 00:00:00-04:00,15.395981666093258,15.883082152996206,15.329241452564782,15.796420097351074,492903000
2022-07-08 00:00:00-04:00,15.370082202682903,15.974725437074959,15.329241049958439,15.776497840881348,467972000
2022-07-11 00:00:00-04:00,15.465707871427929,15.466704390913305,14.97960300654342,15.093160629272461,437321000
2022-07-12 00:00:00-04:00,15.208709354081796,15.37107648181063,14.819227931417547,15.023431777954102,458483000
2022-07-13 00:00:00-04:00,14.533344477991491,15.315296025509971,14.408829876158077,15.105114936828613,521918000
2022-07-14 00:00:00-04:00,15.049330705933693,15.412913068607052,14.670806250969452,15.312305450439453,456235000
2022-07-15 00:00:00-04:00,15.59819449374581,15.720716063425629,15.38502478396033,15.700794219970703,385935000
2022-07-18 00:00:00-04:00,16.23869663998441,16.83138547101321,15.939862350377403,16.038476943969727,670517000
2022-07-19 00:00:00-04:00,16.42197842711906,17.043555736438872,16.10919863361357,16.926013946533203,702366000
2022-07-20 00:00:00-04:00,16.88119289080597,17.86336417339984,16.735759920763662,17.737852096557617,760538000
2022-07-21 00:00:00-04:00,17.815549700814543,18.073542834559365,17.476869827222348,17.979907989501953,557049000
2022-07-22 00:00:00-04:00,17.823517582725398,17.897229633267205,17.07045276387724,17.251747131347656,536671000
2022-07-25 00:00:00-04:00,16.95291172337914,17.057505436276674,16.584349553933702,16.95789337158203,480748000
2022-07-26 00:00:00-04:00,16.823418108378,16.853302299081996,16.414014765426856,16.468801498413086,397865000
2022-07-27 00:00:00-04:00,16.965860804114296,17.86635161594308,16.84732342255859,17.720918655395508,569776000
2022-07-28 00:00:00-04:00,17.905203475930218,18.069561793152403,17.37228103230231,17.914167404174805,474646000
2022-07-29 00:00:00-04:00,17.743827026455214,18.173153093615777,17.623296613411778,18.09246826171875,435460000
2022-08-01 00:00:00-04:00,18.111397333511174,18.772820437934747,17.920143444250357,18.36939239501953,476469000
2022-08-02 00:00:00-04:00,18.05162533582695,18.86445649184929,18.02174115290596,18.454055786132812,489527000
2022-08-03 00:00:00-04:00,18.11338707008379,18.8943430004141,18.06656870107235,18.81963348388672,418146000
2022-08-04 00:00:00-04:00,18.77580669644715,19.199155581116848,18.68715160109545,19.140384674072266,409652000
2022-08-05 00:00:00-04:00,18.73695646403008,19.154330026144063,18.59351654169447,18.91526222229004,386068000
2022-08-08 00:00:00-04:00,17.43403710855411,18.168174706690454,17.175046511530418,17.723905563354492,981859000
2022-08-09 00:00:00-04:00,17.18500716001782,17.379249624350564,16.65905763199982,17.019651412963867,668263000
2022-08-10 00:00:00-04:00,17.62927686575505,18.047646040112355,17.249755809744542,18.0267276763916,597422000
2022-08-11 00:00:00-04:00,18.06059303930121,18.634356491462075,17.80658220790549,17.872325897216797,509327000
2022-08-12 00:00:00-04:00,18.089478966160975,18.645312642416616,17.883282081436935,18.6363468170166,478094000
2022-08-15 00:00:00-04:00,18.628381495120706,19.089582944835495,18.540723865569156,18.95809555053711,457666000
2022-08-16 00:00:00-04:00,18.846528100303107,19.067666130006987,18.42915457848667,18.805686950683594,451240000
2022-08-17 00:00:00-04:00,18.451071242381392,18.615429517874343,18.074538853147352,18.2637996673584,446799000
2022-08-18 00:00:00-04:00,18.229934589865376,18.791743657859055,18.11239277422747,18.700101852416992,415447000
2022-08-19 00:00:00-04:00,18.33452409224492,18.448081715081848,17.700994191090388,17.779687881469727,441588000
2022-08-22 00:00:00-04:00,17.42208217251165,17.489818903609883,16.900116815044345,16.967853546142578,409593000
2022-08-23 00:00:00-04:00,16.923028743581053,17.397180176245477,16.904101521089547,17.114282608032227,369986000
2022-08-24 00:00:00-04:00,16.94594102007404,17.33841210925702,16.829396656993374,17.155126571655273,522661000
2022-08-25 00:00:00-04:00,16.778593660983034,17.87731128814007,16.767636693793882,17.843442916870117,770691000
2022-08-26 00:00:00-04:00,17.78765381801354,17.854393065362842,16.17394414971314,16.196855545043945,769127000
2022-08-29 00:00:00-04:00,15.957791581811284,16.274555614443177,15.705773773179859,15.739641189575195,496132000
2022-08-30 00:00:00-04:00,15.898025221954772,15.9767179755962,15.123046421676525,15.407936096191406,530181000
2022-08-31 00:00:00-04:00,15.324259904969264,15.479654254742409,14.900910096286847,15.035386085510254,573710000
2022-09-01 00:00:00-04:00,14.153824316249922,14.324160780710457,13.21847139112477,13.882881164550781,1178865000
2022-09-02 00:00:00-04:00,14.045246540395883,14.115969978398423,13.53822233999636,13.594005584716797,743157000
2022-09-06 00:00:00-04:00,13.67767991813969,13.725493859595561,13.299155414870102,13.412713050842285,535751000
2022-09-07 00:00:00-04:00,13.514346107743526,13.788360189278626,13.298124529340985,13.664804458618164,512657000
2022-09-08 00:00:00-04:00,13.410721079373277,13.95775250797317,13.321044715093802,13.93981647491455,624873000
2022-09-09 00:00:00-04:00,14.106212791082108,14.42207597350915,14.075324813847546,14.33538818359375,486612000
2022-09-12 00:00:00-04:00,14.31745676821465,14.49481775493603,14.147069690827237,14.45296859741211,484159000
2022-09-13 00:00:00-04:00,13.752489132610048,13.87205855128794,13.052010885075777,13.083895683288574,714956000
2022-09-14 00:00:00-04:00,13.206455290226598,13.242326402784114,12.866678912295647,13.080907821655273,588507000
2022-09-15 00:00:00-04:00,12.968311791958639,13.185529223484204,12.744118551602249,12.882619857788086,523625000
2022-09-16 00:00:00-04:00,12.696292115324688,13.16460641916656,12.571740509534544,13.150656700134277,670751000
2022-09-19 00:00:00-04:00,12.965323203760738,13.414705581325622,12.96333052263512,13.333995819091797,569685000
2022-09-20 00:00:00-04:00,13.167594240345288,13.43463249948038,13.010161038264972,13.12873363494873,524818000
2022-09-21 00:00:00-04:00,13.165603203916465,13.98066875064519,13.06297204241683,13.213430404663086,807679000
2022-09-22 00:00:00-04:00,13.0231175678942,13.101834665990093,12.383421176362736,12.51594352722168,759162000
2022-09-23 00:00:00-04:00,12.375446418238019,12.565761238087397,12.21303103372741,12.471101760864258,663309000
2022-09-26 00:00:00-04:00,12.446190542220997,12.613588087290958,12.17018381342835,12.184133529663086,547343000
2022-09-27 00:00:00-04:00,12.462133804063294,12.690312407168465,12.214027440777055,12.368471145629883,553854000
2022-09-28 00:00:00-04:00,12.365482557221197,12.77700114543241,12.309683684312093,12.690313339233398,542414000
2022-09-29 00:00:00-04:00,12.403349347169673,12.455162870322383,11.90315015073606,12.176167488098145,532763000
2022-09-30 00:00:00-04:00,12.043640707800058,12.58768254393533,12.031683671272111,12.095454216003418,565638000
2022-10-03 00:00:00-04:00,12.302707349793115,12.632520270226914,12.06157490606244,12.46711540222168,547478000
2022-10-04 00:00:00-04:00,12.832801128271297,13.17257847359488,12.832801128271297,13.119768142700195,584182000
2022-10-05 00:00:00-04:00,12.864686858561551,13.273215984590474,12.575727163303043,13.161617279052734,507131000
2022-10-06 00:00:00-04:00,13.172577350446693,13.607013197671234,13.055996476257599,13.082900047302246,644157000
2022-10-07 00:00:00-04:00,12.460141479897947,12.624549544676155,11.978874322115674,12.03268051147461,672478000
2022-10-10 00:00:00-04:00,11.993820717893747,12.080508526082841,11.367077348214593,11.628137588500977,698699000
2022-10-11 00:00:00-04:00,11.51952842526829,11.803505925509853,11.242525784323794,11.544439315795898,667482000
2022-10-12 00:00:00-04:00,11.537465911080686,11.692905516404727,11.304305077714478,11.458748817443848,492590000
2022-10-13 00:00:00-04:00,10.931645390841727,12.03467479522763,10.77421216389864,11.917098045349121,850103000
2022-10-14 00:00:00-04:00,12.013749105457423,12.067555297007958,11.163809311742797,11.186726570129395,713432000
2022-10-17 00:00:00-04:00,11.476683331813856,11.905141179135784,11.475687466268546,11.845355987548828,580774000
2022-10-18 00:00:00-04:00,12.299719755620746,12.44718861782601,11.576324213052954,11.924072265625,659362000
2022-10-19 00:00:00-04:00,11.836386661619711,12.305697731615245,11.791548012253855,12.007769584655762,523131000
2022-10-20 00:00:00-04:00,12.069547352328092,12.723194242073287,12.061575677964084,12.150257110595703,652398000
2022-10-21 00:00:00-04:00,12.05459908996754,12.453164696180927,11.844356542780744,12.421278953552246,609494000
2022-10-24 00:00:00-04:00,12.46313123131559,12.664406275262714,12.02072372059677,12.553804397583008,517457000
2022-10-25 00:00:00-04:00,12.64846488467942,13.252291014913888,12.618571815177777,13.213430404663086,505482000
2022-10-26 00:00:00-04:00,12.822836454280946,13.339973788252896,12.662413746395243,12.849739074707031,532953000
2022-10-27 00:00:00-04:00,13.581105480931186,13.78835950903757,13.074927446921608,13.12873363494873,583113000
2022-10-28 00:00:00-04:00,13.056992449696667,13.800316631997058,13.014146482029867,13.78437328338623,521040000
2022-10-31 00:00:00-04:00,13.728575742782882,13.788360930226967,13.24930122851385,13.448583602905273,486341000
2022-11-01 00:00:00-04:00,13.761458357625319,13.875049746891053,13.470505974860513,13.494420051574707,432817000
2022-11-02 00:00:00-04:00,13.800318290781895,14.159026573083835,13.163610543300285,13.171581268310547,672628000
2022-11-03 00:00:00-04:00,12.996212781616933,13.731565367636188,12.909524971705448,13.372856140136719,500065000
2022-11-04 00:00:00-04:00,13.935828645472183,14.177956971752689,13.647864854214127,14.105218887329102,612576000
2022-11-07 00:00:00-05:00,14.176959603652595,14.360299555911872,13.903943306481167,14.2496976852417,410061000
2022-11-08 00:00:00-05:00,14.74790715863396,14.837584472787446,14.165005566889713,14.54962158203125,595292000
2022-11-09 00:00:00-05:00,14.111198522670565,14.160023489846735,13.709644264687311,13.726583480834961,454414000
2022-11-10 00:00:00-05:00,14.746908614064782,15.71641777595713,14.494815934563771,15.693500518798828,700819000
2022-11-11 00:00:00-05:00,15.750296571579392,16.330208574296904,15.426462616385566,16.268430709838867,655487000
2022-11-14 00:00:00-05:00,16.159822116780518,16.480667518589406,15.864883468839679,16.23654556274414,527852000
2022-11-15 00:00:00-05:00,16.66201530534491,16.93702431634431,16.323234794348377,16.606216430664062,545876000
2022-11-16 00:00:00-05:00,16.1040250035794,16.303306431643236,15.816061182952085,15.852928161621094,649547000
2022-11-17 00:00:00-05:00,15.658627572163233,16.20765162732223,15.47927296101109,15.620763778686523,710894000
2022-11-18 00:00:00-05:00,15.908725591523805,15.94459765168975,15.065760685221573,15.353724479675293,492072000
2022-11-21 00:00:00-05:00,15.092664200239714,15.42148033094182,15.025904158444272,15.262054443359375,404739000
2022-11-22 00:00:00-05:00,15.273015617031902,16.000397462317586,15.067754251325974,15.98046875,472866000
2022-11-23 00:00:00-05:00,16.040252289045704,16.467714217291594,15.990432410924427,16.459741592407227,427241000
2022-11-25 00:00:00-05:00,16.259461822201303,16.427854276789194,16.113985671814362,16.211633682250977,167934000
2022-11-28 00:00:00-05:00,15.968512050766721,16.298325994560756,15.668593078367639,15.77022647857666,303741000
2022-11-29 00:00:00-05:00,15.770224418844657,15.874848252781751,15.464326492119582,15.58289909362793,298384000
2022-11-30 00:00:00-05:00,15.644694063052635,16.873586217572935,15.545027852999587,16.866609573364258,565298000
2022-12-01 00:00:00-05:00,16.942357240042217,17.20746973093648,16.579569825193857,17.077903747558594,470977000
2022-12-02 00:00:00-05:00,16.603489123219873,16.876576265200864,16.390201516412013,16.819765090942383,371389000
2022-12-05 00:00:00-05:00,16.623419660375163,16.938366605030453,16.417108738331706,16.554649353027344,352255000
2022-12-06 00:00:00-05:00,16.474918055552177,16.51777403742583,15.766286867339783,15.933727264404297,352694000
2022-12-07 00:00:00-05:00,15.719445161170468,16.132066147916248,15.614794545863099,16.066286087036133,372388000
2022-12-08 00:00:00-05:00,16.218777273371813,17.121758517727503,15.905822476444317,17.111791610717773,515456000
2022-12-09 00:00:00-05:00,17.102819869864998,17.5244106979877,16.918436852955416,16.94434928894043,465338000
2022-12-12 00:00:00-05:00,16.9802285062354,17.47955848372448,16.741028482869503,17.4765682220459,457328000
2022-12-13 00:00:00-05:00,18.469251865722775,18.727389611689624,17.651984541709513,18.011781692504883,656589000
2022-12-14 00:00:00-05:00,17.92705944978632,18.191177653739228,17.36194948910425,17.615102767944336,496888000
2022-12-15 00:00:00-05:00,17.08886734621949,17.26228734409324,16.64435432424313,16.8955135345459,478542000
2022-12-16 00:00:00-05:00,16.80780430040909,16.98421452775994,16.355316696171542,16.515779495239258,478232000
2022-12-19 00:00:00-05:00,16.516777854754576,16.55365331311345,16.091200695343332,16.19983673095703,354039000
2022-12-20 00:00:00-05:00,16.01047265280894,16.25565325018952,15.799180110626692,16.031402587890625,403260000
2022-12-21 00:00:00-05:00,16.060304842306547,16.571595897427166,16.048343794868938,16.446014404296875,325025000
2022-12-22 00:00:00-05:00,16.040369896727526,16.084223899243984,14.832408745526728,15.287885665893555,565045000
2022-12-23 00:00:00-05:00,15.145364705042043,15.287887857410231,14.833407942608575,15.1553316116333,349326000
2022-12-27 00:00:00-05:00,15.023771479202395,15.049684866029649,14.009163010503425,14.073946952819824,464902000
2022-12-28 00:00:00-05:00,13.88059315527946,14.214476922152242,13.837736217329413,13.989230155944824,351066000
2022-12-29 00:00:00-05:00,14.354009920900088,14.634072755943127,14.179592867751314,14.554339408874512,354923000
2022-12-30 00:00:00-05:00,14.28623425846336,14.580251302126825,14.185570989377842,14.565301895141602,310490000
2023-01-03 00:00:00-05:00,14.801513863050983,14.94603115548883,14.049029532918041,14.26729965209961,401277000
2023-01-04 00:00:00-05:00,14.518459253168668,14.803505525216863,14.193545359327329,14.699851989746094,431324000
2023-01-05 00:00:00-05:00,14.442713107430109,14.515469810414057,14.100855645137985,14.217466354370117,389168000
2023-01-06 00:00:00-05:00,14.425769075047109,14.959983243102146,13.987235680701085,14.809486389160156,405044000
2023-01-09 00:00:00-05:00,15.233068483772803,16.00249525698764,15.090544411674909,15.575922012329102,504231000
2023-01-10 00:00:00-05:00,15.455326689560788,15.908810437445068,15.42044347056914,15.855987548828125,384101000
2023-01-11 00:00:00-05:00,15.787217661590548,15.974590928995806,15.511140262906103,15.947680473327637,353285000
2023-01-12 00:00:00-05:00,16.046348710283624,16.581557963434708,15.440374057820266,16.455978393554688,551409000
2023-01-13 00:00:00-05:00,16.223754839739726,16.865609768709138,16.111132436686006,16.84268569946289,447287000
2023-01-17 00:00:00-05:00,16.842685620041838,17.66892351620741,16.842685620041838,17.643009185791016,511102000
2023-01-18 00:00:00-05:00,17.608130198283973,17.813443145734695,17.224412859359354,17.3190975189209,439624000
2023-01-19 00:00:00-05:00,16.979229999863364,17.139694698743703,16.675247952454153,16.70913314819336,452932000
2023-01-20 00:00:00-05:00,16.954314377855656,17.796499823469546,16.768935260471654,17.779556274414062,564967000
2023-01-23 00:00:00-05:00,18.003800565680926,19.180866519069262,17.758621977258553,19.129039764404297,655163000
2023-01-24 00:00:00-05:00,18.764261688305943,19.430036855773828,18.75728504510627,19.200801849365234,496204000
2023-01-25 00:00:00-05:00,18.849974303107246,19.30545212333689,18.51808381196262,19.258607864379883,449537000
2023-01-26 00:00:00-05:00,19.635350144248754,20.0988007667648,19.213759381728458,19.736013412475586,489535000
2023-01-27 00:00:00-05:00,19.39715101578,20.55926617927685,19.34034173496809,20.297142028808594,542142000
2023-01-30 00:00:00-05:00,19.883524636147044,20.072890161486782,19.086189204794305,19.0981502532959,488611000
2023-01-31 00:00:00-05:00,19.106117637128893,19.621394975107712,18.886851453283832,19.471895217895508,498017000
2023-02-01 00:00:00-05:00,19.62538402504865,21.1213817226709,19.545650683627567,20.873212814331055,660477000
2023-02-02 00:00:00-05:00,20.93002624899752,21.87586350875901,20.631026634409118,21.63666343688965,564276000
2023-02-03 00:00:00-05:00,20.93002263417135,21.672540940249053,20.71972529905481,21.02968978881836,429366000
2023-02-06 00:00:00-05:00,20.736664676346177,21.498118619101376,20.71673086922874,21.018722534179688,452197000
2023-02-07 00:00:00-05:00,21.310747101593492,22.184825413683594,21.07951986309014,22.099111557006836,664150000
2023-02-08 00:00:00-05:00,22.31240089472821,22.801765903840348,21.934664092168923,22.13100814819336,559651000
2023-02-09 00:00:00-05:00,22.530672149758068,22.943292158985646,22.046291560362647,22.2625675201416,523876000
2023-02-10 00:00:00-05:00,21.617720531696698,22.00442614178306,20.741650010159365,21.194135665893555,550737000
2023-02-13 00:00:00-05:00,21.4662318309297,21.97453265239466,20.89215094788676,21.71539878845215,474919000
2023-02-14 00:00:00-05:00,21.506097057062863,22.972196070287414,21.294803588437638,22.89445686340332,675474000
2023-02-15 00:00:00-05:00,22.473862854052438,22.77884296898915,22.032340112236056,22.688146591186523,420575000
2023-02-16 00:00:00-05:00,22.059248242228534,22.47485853992091,21.85393529520588,21.928686141967773,412026000
2023-02-17 00:00:00-05:00,21.558916936890704,21.667552957905706,20.90510286763505,21.316726684570312,465888000
2023-02-21 00:00:00-05:00,20.9300198380873,21.422373121018033,20.54929284097226,20.586170196533203,410015000
2023-02-22 00:00:00-05:00,20.637998793039895,21.03367523119019,20.352950629424083,20.68484115600586,513184000
2023-02-23 00:00:00-05:00,23.361895229769775,23.80840238655534,22.94827715434689,23.585147857666016,1117995000
2023-02-24 00:00:00-05:00,23.14761079034492,23.39578162812699,22.870537254569477,23.208406448364258,589716000
2023-02-27 00:00:00-05:00,23.59112499865335,23.800424307289973,23.37584516662916,23.422687530517578,452994000
2023-02-28 00:00:00-05:00,23.294117844928124,23.745609343959064,23.128670637340598,23.13863754272461,455963000
2023-03-01 00:00:00-05:00,23.114717384744207,23.1785051990992,22.43299664359423,22.622364044189453,460026000
2023-03-02 00:00:00-05:00,22.413061410979573,23.302087189252028,22.357246368821404,23.23630714416504,389415000
2023-03-03 00:00:00-05:00,23.242293917748235,23.82036119371135,23.052926494296837,23.810394287109375,412393000
2023-03-06 00:00:00-05:00,23.81139232423808,24.167201195099672,23.408737281422425,23.475515365600586,437429000
2023-03-07 00:00:00-05:00,23.52534976258205,24.04868872239175,23.167484181656345,23.214336395263672,515154000
2023-03-08 00:00:00-05:00,23.412711812029624,24.12345789128584,23.349911350313405,24.104516983032227,513573000
2023-03-09 00:00:00-05:00,24.09853264786072,24.376651390603612,23.309037961330453,23.36187171936035,501257000
2023-03-10 00:00:00-05:00,23.334958480231546,23.55226936391661,22.654118224508185,22.892362594604492,474866000
2023-03-13 00:00:00-04:00,22.680036313439018,23.224308845911295,22.22647555282617,22.89335823059082,421890000
2023-03-14 00:00:00-04:00,23.42168099679016,24.14239367745541,23.3857936653715,23.986886978149414,474910000
2023-03-15 00:00:00-04:00,23.68584522635948,24.20918430620047,23.286114490388712,24.151369094848633,524486000
2023-03-16 00:00:00-04:00,23.951003432054158,25.507064935559395,23.818422785484607,25.460214614868164,583253000
2023-03-17 00:00:00-04:00,25.89981804779798,26.3154988744337,25.58681016478867,25.643630981445312,848547000
2023-03-20 00:00:00-04:00,25.533980590026932,25.941687335476704,25.050514016475315,25.818078994750977,432747000
2023-03-21 00:00:00-04:00,26.097191824105813,26.308521152399816,25.300719308848564,26.116130828857422,547408000
2023-03-22 00:00:00-04:00,26.341419806309574,27.501739659700768,26.15401470388089,26.38428497314453,797295000
2023-03-23 00:00:00-04:00,27.02923780216144,27.412024025202122,26.60558279418749,27.104997634887695,564889000
2023-03-24 00:00:00-04:00,26.94549959949804,27.081069104608634,26.271637231409848,26.69429588317871,454920000
2023-03-27 00:00:00-04:00,26.752114397420495,26.91459893449874,26.28160721288135,26.44708251953125,361026000
2023-03-28 00:00:00-04:00,26.36334732054611,26.42913854404045,25.768235539667923,26.32646369934082,356104000
2023-03-29 00:00:00-04:00,26.740157428680025,26.99235558601917,26.51287791862298,26.898653030395508,393694000
2023-03-30 00:00:00-04:00,27.142874491555478,27.412020935167096,27.01627538766958,27.29638671875,364516000
2023-03-31 00:00:00-04:00,27.054154149877146,27.745959234891043,27.019265008815836,27.68914031982422,433933000
2023-04-03 00:00:00-04:00,27.421991687577037,27.911437912375046,27.24953854012971,27.876548767089844,398716000
2023-04-04 00:00:00-04:00,27.877541083680732,27.911433934646436,27.22062515381667,27.36616325378418,368592000
2023-04-05 00:00:00-04:00,26.744144875078504,26.912609078932793,26.311517528579387,26.79598045349121,515015000
2023-04-06 00:00:00-04:00,26.499912714821207,26.99434412357807,26.34340972671135,26.951480865478516,397654000
2023-04-10 00:00:00-04:00,26.738158599933065,27.5336348544528,26.584646372375655,27.49176788330078,395279000
2023-04-11 00:00:00-04:00,27.636311817588748,27.70210304890554,27.040201775147455,27.083066940307617,314378000
2023-04-12 00:00:00-04:00,27.283432024560906,27.381121633610334,26.364347344202034,26.41119956970215,446259000
2023-04-13 00:00:00-04:00,26.649438069211914,26.801953999694348,26.24572032443633,26.379295349121094,353615000
2023-04-14 00:00:00-04:00,26.420166433717664,26.79796735162646,26.137064342301827,26.673362731933594,395660000
2023-04-17 00:00:00-04:00,26.480975507689482,26.920580610646343,26.349393053761112,26.916593551635742,321471000
2023-04-18 00:00:00-04:00,27.445911825397904,28.021086392851622,27.270467934497674,27.579486846923828,604812000
2023-04-19 00:00:00-04:00,27.274458372050166,27.91143718116391,27.145866682608375,27.842655181884766,358660000
2023-04-20 00:00:00-04:00,27.583478463404116,27.941344132346945,26.91460125196495,27.018272399902344,427713000
2023-04-21 00:00:00-04:00,26.866754392525184,27.097024670399467,26.637482305532686,27.033226013183594,345103000
2023-04-24 00:00:00-04:00,26.927557165010345,27.279439347819814,26.586637967974482,26.956464767456055,339282000
2023-04-25 00:00:00-04:00,26.99234756795708,27.160813620648227,26.142046990265335,26.157995223999023,378527000
2023-04-26 00:00:00-04:00,26.91659109618502,27.24355272101591,26.620529651196374,26.87073516845703,406337000
2023-04-27 00:00:00-04:00,27.276448822954162,27.4080312626638,26.54078232749637,27.139881134033203,377161000
2023-04-28 00:00:00-04:00,27.13889108167587,27.67020431051468,26.98537693252425,27.66123390197754,292216000
2023-05-01 00:00:00-04:00,27.751944282030347,28.966092248398787,27.69213458998084,28.818559646606445,570329000
2023-05-02 00:00:00-04:00,28.589287963225,28.74479468571271,27.994176100521553,28.120773315429688,402730000
2023-05-03 00:00:00-04:00,27.75193973878234,28.27727321647942,27.38510372531901,27.714059829711914,383387000
2023-05-04 00:00:00-04:00,27.563538380203276,27.77088065437449,27.153839081492926,27.474821090698242,321850000
2023-05-05 00:00:00-04:00,27.73798787503542,28.664048441913906,27.643289040070506,28.58928680419922,361494000
2023-05-08 00:00:00-04:00,28.431785713240817,29.127577928802488,28.260330759673817,29.058795928955078,344979000
2023-05-09 00:00:00-04:00,28.80759252115136,28.881357865661336,28.360013303057926,28.480628967285156,314869000
2023-05-10 00:00:00-04:00,28.913253779307176,29.020913869319795,28.370975777175932,28.79363441467285,369350000
2023-05-11 00:00:00-04:00,28.804599067442442,28.858429112011763,28.156655460539202,28.48760414123535,322149000
2023-05-12 00:00:00-04:00,28.438761858901234,28.688969297483915,27.957289789783168,28.2503604888916,274222000
2023-05-15 00:00:00-04:00,28.4178275338678,28.877369814441632,28.06295457930079,28.861419677734375,293926000
2023-05-16 00:00:00-04:00,28.74977286090327,29.77551927102902,28.74080245431232,29.120595932006836,449405000
2023-05-17 00:00:00-04:00,29.49042519794485,30.103479719693794,29.336912970483333,30.08254623413086,432535000
2023-05-18 00:00:00-04:00,30.31381366494329,31.727327831009532,30.224098180923058,31.577802658081055,748725000
2023-05-19 00:00:00-04:00,31.436248639784157,31.48011008821705,30.818210809592202,31.165109634399414,473908000
2023-05-22 00:00:00-04:00,30.803258976791746,31.420302459294863,30.582959233506156,31.077390670776367,372000000
2023-05-23 00:00:00-04:00,30.901948183114918,31.18903735658012,30.534115833189922,30.59093475341797,356253000
2023-05-24 00:00:00-04:00,30.114446491845936,30.510192064798854,29.71172499125114,30.441410064697266,721419000
2023-05-25 00:00:00-04:00,38.401152701662475,39.35512649385782,36.519123854187846,37.85987091064453,1543911000
2023-05-26 00:00:00-04:00,37.77015525878446,39.04610546738504,37.431230509295986,38.82281494140625,714397000
2023-05-30 00:00:00-04:00,40.4666011461992,41.8053518099001,39.82264450499864,39.984130859375,923401000
2023-05-31 00:00:00-04:00,39.36309641035941,40.1675430373075,37.70236568816468,37.71432876586914,1002580000
2023-06-01 00:00:00-04:00,38.367253104154614,39.92331629567859,38.218726142988906,39.644203186035156,635873000
2023-06-02 00:00:00-04:00,39.97017888390724,40.37190412923741,38.934463636282324,39.202613830566406,482731000
2023-06-05 00:00:00-04:00,38.78593534052818,39.43985871743566,38.58457457981163,39.0471076965332,396094000
2023-06-06 00:00:00-04:00,38.70717259864525,39.03612674683027,38.02732692748613,38.5317268371582,388729000
2023-06-07 00:00:00-04:00,38.795932772814304,39.378145544208294,37.241700924960675,37.36033630371094,511998000
2023-06-08 00:00:00-04:00,37.60856435210394,38.74507536675845,37.390236526079995,38.39215850830078,417772000
2023-06-09 00:00:00-04:00,38.917552324899084,39.58948978920315,38.44899302917782,38.651371002197266,427717000
2023-06-12 00:00:00-04:00,39.08005597622932,39.40904425940009,38.49983605891858,39.36119079589844,388701000
2023-06-13 00:00:00-04:00,40.063036270092226,40.975237387752834,39.618401830821284,40.89647674560547,613208000
2023-06-14 00:00:00-04:00,40.69908893155934,42.86842954641151,40.42791802705582,42.865440368652344,740465000
2023-06-15 00:00:00-04:00,42.47164881165265,43.15654702262012,42.018039182120376,42.522491455078125,568622000
2023-06-16 00:00:00-04:00,43.317050916384595,43.587221609742976,42.53046366608263,42.561370849609375,655709000
2023-06-20 00:00:00-04:00,42.86643489919533,43.85540013452972,42.54342497305457,43.673954010009766,451153000
2023-06-21 00:00:00-04:00,43.367894115226505,43.481547516431846,41.95124449603973,42.91328811645508,551603000
2023-06-22 00:00:00-04:00,42.12371153008249,43.29312268887753,42.10477246580242,42.89335250854492,417737000
2023-06-23 00:00:00-04:00,42.334073901022386,42.67801572091921,41.88644639488769,42.07985305786133,358140000
2023-06-26 00:00:00-04:00,42.33107741154621,42.63315169907878,39.97730148068593,40.50767517089844,594322000
2023-06-27 00:00:00-04:00,40.6741595987626,41.81166711553178,40.32423568672819,41.74786376953125,462175000
2023-06-28 00:00:00-04:00,40.53558567810239,41.716961105450416,40.39402188289312,40.991188049316406,582639000
2023-06-29 00:00:00-04:00,41.430838173608656,41.4727094781301,40.47576930987673,40.69709014892578,380514000
2023-06-30 00:00:00-04:00,41.552463254955796,42.41980006839875,41.37401012697036,42.17255783081055,501148000
2023-07-03 00:00:00-04:00,42.386907892871406,42.76674265418085,42.072873075895245,42.283226013183594,198209000
2023-07-05 00:00:00-04:00,42.00607294813804,43.04488443654503,41.95622669958026,42.18751907348633,323618000
2023-07-06 00:00:00-04:00,41.71596810959315,42.04994216880029,41.21949078738844,41.97417449951172,303582000
2023-07-07 00:00:00-04:00,42.19249796154775,43.08177063947781,42.05093416959679,42.37294387817383,355881000
2023-07-10 00:00:00-04:00,42.52647545344216,42.680003559932054,41.521556604913506,42.050933837890625,353908000
2023-07-11 00:00:00-04:00,42.351013330555574,42.62716617688633,41.93828245284964,42.275245666503906,298244000
2023-07-12 00:00:00-04:00,42.90133288862852,43.8005734654939,42.64611565452439,43.76767349243164,481277000
2023-07-13 00:00:00-04:00,44.381783639889846,46.01377191487625,44.35586222212897,45.83631896972656,478204000
2023-07-14 00:00:00-04:00,46.44046184420574,47.94085779132301,44.92212322629915,45.329872131347656,772075000
2023-07-17 00:00:00-04:00,46.14736542203415,46.35372896631426,45.12350743190866,46.3188362121582,510488000
2023-07-18 00:00:00-04:00,46.5581057196224,47.74944898576326,45.594065463977465,47.34867858886719,569164000
2023-07-19 00:00:00-04:00,47.31876592185892,47.67168281088611,46.59897504315981,46.93294906616211,427502000
2023-07-20 00:00:00-04:00,46.36469771901338,46.942924858819666,44.92411943835553,45.38071823120117,537865000
2023-07-21 00:00:00-04:00,45.647902434018036,45.725666701161394,43.9650674160863,44.17342758178711,963769000
2023-07-24 00:00:00-04:00,44.594129747804274,44.970975292246095,43.90524600694248,44.475494384765625,382516000
2023-07-25 00:00:00-04:00,44.80349329728166,46.04168985274926,44.78554682129327,45.53923416137695,348081000
2023-07-26 00:00:00-04:00,45.88017875854229,45.91208233149028,44.49343628066657,45.31291961669922,364237000
2023-07-27 00:00:00-04:00,46.376669003593186,47.24998819988245,45.61002087279273,45.75956344604492,455976000
2023-07-28 00:00:00-04:00,46.5252104596195,46.8831131932043,46.23908983310529,46.60696029663086,331194000
2023-07-31 00:00:00-04:00,46.61094263427025,46.98579159307672,46.363700375175576,46.58601760864258,251055000
2023-08-01 00:00:00-04:00,46.3178432431884,46.7564993884591,45.88616945228999,46.36470031738281,237858000
2023-08-02 00:00:00-04:00,45.69076572472491,45.69973706046443,43.25424373168055,44.133544921875,530142000
2023-08-03 00:00:00-04:00,43.665975669938696,44.97994351428875,43.665975669938696,44.378787994384766,324176000
2023-08-04 00:00:00-04:00,44.84735625489334,45.502343664999096,44.257168589781394,44.54328918457031,362666000
2023-08-07 00:00:00-04:00,44.97296316545108,45.4006513036196,44.42663967720104,45.27802658081055,322154000
2023-08-08 00:00:00-04:00,44.71576464833741,45.10357437055074,43.9212023339013,44.52734375,353843000
2023-08-09 00:00:00-04:00,44.13853230621531,44.176418044924525,42.005080711454916,42.423797607421875,586449000
2023-08-10 00:00:00-04:00,42.03099398742127,43.440668733202855,41.70698769798923,42.258296966552734,492705000
2023-08-11 00:00:00-04:00,41.623246353337215,41.889431464332574,40.51464942799337,40.72998809814453,533085000
2023-08-14 00:00:00-04:00,40.36211972462702,43.665978621737146,40.187655955736346,43.61912155151367,690286000
2023-08-15 00:00:00-04:00,44.42365526404346,45.12948908567366,43.576253839259216,43.80554962158203,676512000
2023-08-16 00:00:00-04:00,44.38378393145876,44.53830846558312,43.27319018328481,43.35294723510742,527451000
2023-08-17 00:00:00-04:00,43.83545631480397,43.927173858554056,42.86941961752367,43.21137237548828,452395000
2023-08-18 00:00:00-04:00,42.504541812711565,43.44465716941068,41.53252668330837,43.16651153564453,583768000
2023-08-21 00:00:00-04:00,44.35785535241688,46.920987674468684,44.08668826541733,46.82328796386719,692573000
2023-08-22 00:00:00-04:00,47.987717576539744,48.03956041703018,45.194292833514275,45.52826690673828,755293000
2023-08-23 00:00:00-04:00,45.72565711329878,47.05557488119282,45.06966956482349,46.971832275390625,779046000
2023-08-24 00:00:00-04:00,50.06235611284215,50.11220236963025,47.01471026045013,47.01869583129883,1156044000
2023-08-25 00:00:00-04:00,46.8681553415664,47.6587282173918,44.88623538665841,45.877197265625,925341000
2023-08-28 00:00:00-04:00,46.33977561628421,46.83625296106333,44.75065488017665,46.69169616699219,685192000
2023-08-29 00:00:00-04:00,46.52321191086775,48.93082341552477,46.249051833640735,48.63473129272461,701397000
2023-08-30 00:00:00-04:00,48.893934114542816,49.77423173710802,48.27682864513261,49.11326217651367,735206000
2023-08-31 00:00:00-04:00,49.228904516562515,49.59178914058814,48.8081949008338,49.2039794921875,528570000
2023-09-01 00:00:00-04:00,49.609737178375475,49.64761910935292,47.99469138418687,48.36056900024414,463830000
2023-09-05 00:00:00-04:00,48.075449679419506,48.701530322132584,47.7135613998585,48.39945602416992,382653000
2023-09-06 00:00:00-04:00,48.296763704126214,48.404440023302,46.441304966889476,46.92087173461914,468670000
2023-09-07 00:00:00-04:00,45.38944205496558,46.206003567946354,45.01755163903208,46.103309631347656,433330000
2023-09-08 00:00:00-04:00,45.80520320149125,46.46722371434069,45.13619975911865,45.436302185058594,473069000
2023-09-11 00:00:00-04:00,46.010585175997676,46.025539902373815,44.180053643461356,45.04347610473633,473966000
2023-09-12 00:00:00-04:00,44.604786051563885,45.53700334292315,44.398401689358636,44.736392974853516,349256000
2023-09-13 00:00:00-04:00,44.46718544034271,45.7932266977616,44.3704741721049,45.349552154541016,398355000
2023-09-14 00:00:00-04:00,45.813171215808374,45.85005979000756,44.99660978408658,45.44527053833008,370097000
2023-09-15 00:00:00-04:00,45.20598666420072,45.4632178335496,43.67755057038964,43.76927947998047,506831000
2023-09-18 00:00:00-04:00,42.62071131068282,44.11026214230338,41.87493751856223,43.8350830078125,500271000
2023-09-19 00:00:00-04:00,43.702475243933286,43.83507862136541,42.873948499445426,43.39040756225586,373064000
2023-09-20 00:00:00-04:00,43.47016358744601,43.772262694137574,42.09726520219276,42.113216400146484,367108000
2023-09-21 00:00:00-04:00,41.45917578549763,41.97463457715853,40.85797073876032,40.894859313964844,450736000
2023-09-22 00:00:00-04:00,41.448210386933276,41.98959657847822,41.10822617218465,41.48609924316406,479236000
2023-09-25 00:00:00-04:00,41.46715374615769,42.40933950772004,41.05438505683627,42.096275329589844,419091000
2023-09-26 00:00:00-04:00,41.87592599161224,42.6924873606105,41.53095566477393,41.78619384765625,402282000
2023-09-27 00:00:00-04:00,42.20395553022343,42.744341431006085,41.50504268914909,42.3415412902832,444935000
2023-09-28 00:00:00-04:00,42.33356473794384,43.31662875856255,41.98959464052307,42.960693359375,424663000
2023-09-29 00:00:00-04:00,43.696494927606466,44.01255232767132,43.178042888017536,43.36947250366211,397830000
2023-10-02 00:00:00-04:00,43.89888769595612,45.04047860898654,43.73039221652358,44.648651123046875,433298000
2023-10-03 00:00:00-04:00,44.67457296774722,44.995616545503985,43.11722389309479,43.38741683959961,470850000
2023-10-04 00:00:00-04:00,43.61174925416727,44.011556163058,43.16308846642664,43.90985870361328,361821000
2023-10-05 00:00:00-04:00,43.91883469559828,44.76630599321606,43.75731831894087,44.554935455322266,393483000
2023-10-06 00:00:00-04:00,44.06141166404006,45.65266008201276,43.89490910599022,45.62574005126953,434436000
2023-10-09 00:00:00-04:00,44.70847483791379,45.46920337034592,44.235887222293606,45.13819122314453,409675000
2023-10-10 00:00:00-04:00,45.17507908955567,46.12125070086953,44.95374003044169,45.661624908447266,368582000
2023-10-11 00:00:00-04:00,46.05844928917779,46.71947719662998,45.91288409946814,46.66663360595703,378137000
2023-10-12 00:00:00-04:00,46.63770730152995,47.46723049196412,46.1920397832419,46.805206298828125,481325000
2023-10-13 00:00:00-04:00,46.82016719199545,46.97570471236393,45.145169391645375,45.32563018798828,474115000
2023-10-16 00:00:00-04:00,44.92881235422657,46.0873509348349,44.778261024252274,45.957740783691406,375099000
2023-10-17 00:00:00-04:00,43.86898271179327,44.620739164515385,42.35350830716708,43.807167053222656,812333000
2023-10-18 00:00:00-04:00,42.46418259890881,43.0903148552471,41.7004645615441,42.07035827636719,627294000
2023-10-19 00:00:00-04:00,42.68352429308483,43.168077212016314,41.757289685675055,41.97563934326172,501233000
2023-10-20 00:00:00-04:00,41.76526014616155,42.34353485879464,40.955677830477995,41.26375961303711,477266000
2023-10-23 00:00:00-04:00,41.10622770475393,43.11921649780898,40.82307300902424,42.84702682495117,478530000
2023-10-24 00:00:00-04:00,42.948720751890924,43.56687339017816,42.56387244167939,43.53297424316406,401463000
2023-10-25 00:00:00-04:00,43.26877302407248,43.52002535417708,41.43126239759443,41.65459442138672,398379000
2023-10-26 00:00:00-04:00,41.72837068029658,42.13017050427248,39.76124631016128,40.20591735839844,541001000
2023-10-27 00:00:00-04:00,41.00752725918924,41.08330116511961,39.895845748458264,40.37940216064453,416784000
2023-10-30 00:00:00-04:00,40.96465972958588,41.64163496442114,40.36046137678986,41.03843688964844,388028000
2023-10-31 00:00:00-04:00,40.329550161466386,40.757273552176585,39.11318181784756,40.658565521240234,517969000
2023-11-01 00:00:00-04:00,40.7622597335259,42.25480380163395,40.74730500713954,42.198970794677734,437593000
2023-11-02 00:00:00-04:00,43.19898202777144,43.75332619208585,42.76627622905822,43.3764533996582,409172000
2023-11-03 00:00:00-04:00,43.88892315557369,45.17408258825645,43.59280664299351,44.87099075317383,424610000
2023-11-06 00:00:00-05:00,45.15015696243412,45.798223011195105,44.765304753189504,45.614768981933594,400733000
2023-11-07 00:00:00-05:00,45.582863690228386,46.080374555632474,45.02353336587058,45.81816101074219,343165000
2023-11-08 00:00:00-05:00,45.96272281654572,46.727440958659734,45.831115913944224,46.4353141784668,346719000
2023-11-09 00:00:00-05:00,47.32565858468725,48.08638711878528,46.610794508396026,46.81019973754883,540496000
2023-11-10 00:00:00-05:00,47.35855037555058,48.32765599125812,47.142197520220506,48.191062927246094,421245000
2023-11-13 00:00:00-05:00,48.1761176095815,48.969748796661186,47.95577501016581,48.475223541259766,384136000
2023-11-14 00:00:00-05:00,49.532067353089744,49.6856081153753,48.89397370012533,49.50813674926758,416954000
2023-11-15 00:00:00-05:00,49.786303287958084,49.81122656013526,48.0564692193451,48.7424201965332,475497000
2023-11-16 00:00:00-05:00,48.53405841671702,49.377540108718016,48.18609854298166,49.332672119140625,339756000
2023-11-17 00:00:00-05:00,49.3765281147281,49.568954199838785,48.86106931599939,49.15120315551758,325205000
2023-11-20 00:00:00-05:00,49.16516605663654,50.397485733557765,49.03455561243681,50.2588996887207,414120000
2023-11-21 00:00:00-05:00,49.97673388984551,50.366568411025234,49.07542649691953,49.7952766418457,565747000
2023-11-22 00:00:00-05:00,49.70355312493224,50.18511275994757,47.54798851961098,48.5709342956543,899420000
2023-11-24 00:00:00-05:00,48.32567320692598,48.77533048753054,47.60282974083701,47.63373947143555,294645000
2023-11-27 00:00:00-05:00,47.65766154840481,48.38548731555285,47.510103445888454,48.09834671020508,395662000
2023-11-28 00:00:00-05:00,48.09236545909725,48.17910819028839,47.33163699319086,47.6786003112793,401491000
2023-11-29 00:00:00-05:00,48.2349412356402,48.616800180789156,47.71748568176772,47.99665069580078,382005000
2023-11-30 00:00:00-05:00,47.88099726514556,47.96674352591701,46.28377015509841,46.630733489990234,526247000
2023-12-01 00:00:00-05:00,46.38646445632827,47.05945375436282,46.04946966832762,46.62574768066406,369317000
2023-12-04 00:00:00-05:00,45.93979802137365,45.93979802137365,44.87597384591377,45.37448501586914,437543000
2023-12-05 00:00:00-05:00,45.334592525789944,46.465313882039936,45.140156424425236,46.43141555786133,371718000
2023-12-06 00:00:00-05:00,47.07854839373765,47.25005219470193,45.280757679582,45.37149429321289,380590000
2023-12-07 00:00:00-05:00,45.56793131942615,46.49424743379082,45.4722080825041,46.461341857910156,350823000
2023-12-08 00:00:00-05:00,46.46033928594401,47.60302719608969,46.41546736033398,47.36870574951172,359224000
2023-12-11 00:00:00-05:00,47.35374994188855,47.39363144924944,45.69755100849952,46.492244720458984,509728000
2023-12-12 00:00:00-05:00,45.91292392475919,47.5282408991093,45.91292392475919,47.51926803588867,372387000
2023-12-13 00:00:00-05:00,47.49135865819483,48.45357005871663,47.47041943734218,47.949031829833984,447792000
2023-12-14 00:00:00-05:00,48.25015142544688,48.52934100326086,47.28495045380948,48.21026611328125,391232000
2023-12-15 00:00:00-05:00,48.05470783522104,49.261209727379025,47.98092040479684,48.748695373535156,479948000
2023-12-18 00:00:00-05:00,49.25723605827901,50.28724783914224,49.00795855556237,49.93227767944336,412587000
2023-12-19 00:00:00-05:00,49.281156065075976,49.556359352120325,48.75368563402241,49.460636138916016,464444000
2023-12-20 00:00:00-05:00,49.51149468672903,49.854502283693236,47.95899524383034,47.97195816040039,397894000
2023-12-21 00:00:00-05:00,48.66993565248791,48.953115280045736,48.27906644393615,48.848419189453125,300425000
2023-12-22 00:00:00-05:00,49.05282008065704,49.24027646361489,48.32692345139222,48.68887710571289,252507000
2023-12-26 00:00:00-05:00,48.82647560877794,49.456649028909844,48.81849930781512,49.13657760620117,244200000
2023-12-27 00:00:00-05:00,49.36791528650649,49.536425600159234,48.94314392704513,49.27418518066406,233648000
2023-12-28 00:00:00-05:00,49.49952822100173,49.73982902864742,49.26919303504833,49.378875732421875,246587000
2023-12-29 00:00:00-05:00,49.66903507790819,49.85250521620105,48.610104092310245,49.378875732421875,389293000
2024-01-02 00:00:00-05:00,49.10167999879026,49.15253129584884,47.457447488056715,48.02878952026367,411254000
2024-01-03 00:00:00-05:00,47.34776169269325,48.044738980527136,47.183237655059315,47.4315185546875,320896000
2024-01-04 00:00:00-05:00,47.62894445792347,48.35982768135906,47.3706941328935,47.85927963256836,306535000
2024-01-05 00:00:00-05:00,48.3219454810566,49.4038088927802,48.16639428593929,48.955108642578125,415039000
2024-01-08 00:00:00-05:00,49.36891016503661,52.1239255155236,49.336004592518634,52.101985931396484,642510000
2024-01-09 00:00:00-05:00,52.24956080282397,54.16800018278708,51.54061326714163,52.98642349243164,773100000
2024-01-10 00:00:00-05:00,53.46104844034716,54.442201988108685,53.334412767924995,54.19292449951172,533796000
2024-01-11 00:00:00-05:00,54.840053191345746,55.18605048150879,53.40521272938546,54.6635627746582,596759000
2024-01-12 00:00:00-05:00,54.4621436511034,54.81113441098262,54.172984660391826,54.551883697509766,352994000
2024-01-16 00:00:00-05:00,54.85899129297286,56.67073742609818,54.74133230021394,56.21904754638672,449580000
2024-01-17 00:00:00-05:00,56.18415168775575,56.30779386315222,54.58179762947745,55.8910026550293,474394000
2024-01-18 00:00:00-05:00,57.094517089822695,57.43353464294008,55.94484937824919,56.941959381103516,491650000
2024-01-19 00:00:00-05:00,57.82141078034066,59.328045587590395,57.05961879365457,59.31907272338867,543501000
2024-01-22 00:00:00-05:00,59.87545295780241,60.15663944433183,58.8992822616046,59.48159408569336,452955000
2024-01-23 00:00:00-05:00,59.397833118705194,59.73685061790294,58.41567931351442,59.69995880126953,294654000
2024-01-24 00:00:00-05:00,60.12972459836109,62.66736781993211,59.764781198476165,61.18466567993164,560271000
2024-01-25 00:00:00-05:00,62.169802358134476,62.53773920716308,60.67413746929077,61.43892288208008,482777000
2024-01-26 00:00:00-05:00,60.78382030493906,61.60444363196895,60.39794153183259,60.8546142578125,390309000
2024-01-29 00:00:00-05:00,61.055035142050976,62.30840232360706,60.73097744998884,62.28447341918945,348733000
2024-01-30 00:00:00-05:00,62.718214176475605,63.30949885561756,62.08006064595033,62.59257507324219,410735000
2024-01-31 00:00:00-05:00,61.26243177102061,62.089038263544516,60.524572564425924,61.34918212890625,453795000
2024-02-01 00:00:00-05:00,61.920533287862504,63.00838377287754,61.47183680319707,62.84485626220703,369146000
2024-02-02 00:00:00-05:00,63.78910149469645,66.40751128682628,63.50592191536747,65.96878814697266,476578000
2024-02-05 00:00:00-05:00,68.02783445051155,69.2961616511714,67.010785504722,69.13163757324219,680078000
2024-02-06 00:00:00-05:00,69.42876454653677,69.55240673067756,66.10839412447636,68.02583312988281,683111000
2024-02-07 00:00:00-05:00,68.12155362100862,70.01706057362387,67.40462981569888,69.89640808105469,495575000
2024-02-08 00:00:00-05:00,69.87148269785355,70.5894031052992,69.25427593719057,69.43973541259766,414422000
2024-02-09 00:00:00-05:00,70.32915559936207,71.9763817179636,70.00908414671076,71.9245376586914,436637000
2024-02-12 00:00:00-05:00,72.39017224345903,74.39536169687851,71.04407549243956,72.03919219970703,613710000
2024-02-13 00:00:00-05:00,70.19654512895808,73.23772604754565,69.4188005504822,71.91954803466797,602580000
2024-02-14 00:00:00-05:00,72.99045103936953,74.02145939035373,71.7301040369102,73.68643188476562,504917000
2024-02-15 00:00:00-05:00,73.65551962549853,73.76120847442633,72.19076331535655,72.44801330566406,420122000
2024-02-16 00:00:00-05:00,73.8858468671519,74.18697602398943,72.29146900724291,72.40314483642578,495327000
2024-02-20 00:00:00-05:00,71.73905031682406,71.74802698192525,67.53822969913946,69.25126647949219,704833000
2024-02-21 00:00:00-05:00,67.8094614044966,68.68891622407938,66.05654635382845,67.27700805664062,673755000
2024-02-22 00:00:00-05:00,74.80817959484354,78.34791554573746,74.00550573707999,78.31102752685547,865100000
2024-02-23 00:00:00-05:00,80.55650005108117,82.1558604260556,77.34580534182787,78.58920288085938,829388000
2024-02-26 00:00:00-05:00,79.46965549121944,80.41292820605618,78.27810947244775,78.86341857910156,503973000
2024-02-27 00:00:00-05:00,79.151576284054,79.25029679601072,76.9389952975712,78.47354125976562,391705000
2024-02-28 00:00:00-05:00,77.39567023328642,78.70487140466068,76.90209811291284,77.43854522705078,393110000
2024-02-29 00:00:00-05:00,78.86541608909434,79.75882270864132,78.12356300049603,78.88336181640625,507289000
2024-03-01 00:00:00-05:00,79.76879352380037,82.06214938054762,79.20542398518815,82.04120635986328,479135000
2024-03-04 00:00:00-05:00,83.88685863778845,87.44155809825308,83.47705094561937,84.99066162109375,615616000
2024-03-05 00:00:00-05:00,85.0275394255119,85.85219139788603,83.17981142157878,85.71956634521484,520639000
2024-03-06 00:00:00-05:00,87.7717411927185,89.46889796984821,86.78255724053227,88.44780731201172,582520000
2024-03-07 00:00:00-05:00,89.90164797406622,92.50323087612081,89.34722911034507,92.40550994873047,608119000
2024-03-08 00:00:00-05:00,94.86750849310265,97.12307831319924,86.26004682578466,87.27914428710938,1142269000
2024-03-11 00:00:00-04:00,86.18325727083518,88.54452056286361,83.92669117198699,85.53012084960938,678364000
2024-03-12 00:00:00-04:00,87.79865287127926,91.69852817689657,85.90505025020566,91.65166473388672,668075000
2024-03-13 00:00:00-04:00,90.79609497778392,91.2438157981286,88.18354193376186,90.62957000732422,635713000
2024-03-14 00:00:00-04:00,89.32232245586333,90.38828336998239,86.35378152826699,87.69396209716797,602318000
2024-03-15 00:00:00-04:00,86.6828234044444,89.29138238798487,86.01174048282343,87.58724212646484,642086000
2024-03-18 00:00:00-04:00,90.13099363074502,92.14225684199752,86.8373838940454,88.2034912109375,668976000
2024-03-19 00:00:00-04:00,86.4534797466604,90.28655172899164,84.7682901573293,89.14381408691406,672171000
2024-03-20 00:00:00-04:00,89.54168915568671,90.15295286698971,87.97216679685033,90.11505889892578,479063000
2024-03-21 00:00:00-04:00,92.03756431354115,92.38457441104313,90.14794815065484,91.17501831054688,480372000
2024-03-22 00:00:00-04:00,90.88186754884678,94.50852789687556,90.5757411997652,94.02091979980469,586719000
2024-03-25 00:00:00-04:00,93.67389236206901,96.49085678359809,93.24411810029538,94.73187255859375,552136000
2024-03-26 00:00:00-04:00,95.57845969689596,96.1009718491892,92.23898306006764,92.29781341552734,513648000
2024-03-27 00:00:00-04:00,92.8472628285773,92.97489725482532,88.8696059634602,89.99340057373047,586067000
2024-03-28 00:00:00-04:00,89.74411520186113,91.0404221311914,88.93941042675222,90.09910583496094,435212000
2024-04-01 00:00:00-04:00,90.04226569169144,91.96278458075767,88.95037777581965,90.1060791015625,452441000
2024-04-02 00:00:00-04:00,88.19651917898095,89.83784291883602,87.3708780678764,89.19766998291016,433064000
2024-04-03 00:00:00-04:00,88.23242095077572,90.11704664082849,88.14866014711569,88.71105194091797,370067000
2024-04-04 00:00:00-04:00,90.14895342900508,90.37630961608212,85.6358209019151,85.66075134277344,434965000
2024-04-05 00:00:00-04:00,86.6190003818051,88.22941372826789,85.68167837437112,87.75775909423828,399678000
2024-04-08 00:00:00-04:00,88.44779987998065,88.57743512523471,86.4854007087341,86.88526153564453,283220000
2024-04-09 00:00:00-04:00,87.19338901159341,87.38584107130184,82.78595764157446,85.11132049560547,501700000
2024-04-10 00:00:00-04:00,83.68737890315158,87.15150043777531,83.47099303047223,86.7915267944336,431929000
2024-04-11 00:00:00-04:00,87.17144056555283,90.48100403591603,86.67884945614712,90.35835266113281,431637000
2024-04-12 00:00:00-04:00,89.44395551817271,89.91860764142923,87.28112393379013,87.93525695800781,426805000
2024-04-15 00:00:00-04:00,88.84466403718538,90.35535577476978,85.68467584656017,85.7564697265625,443077000
2024-04-16 00:00:00-04:00,86.18725549413733,87.86746232886081,85.81930894271287,87.16646575927734,370453000
2024-04-17 00:00:00-04:00,88.08881854088399,88.5225868752461,83.71130127056159,83.79606628417969,495400000
2024-04-18 00:00:00-04:00,84.72841317391251,85.94494566791495,82.16771376078896,84.43025970458984,447260000
2024-04-19 00:00:00-04:00,82.91358934859076,84.08424741361141,75.3910397359179,75.98334503173828,875198000
2024-04-22 00:00:00-04:00,77.88192715774476,79.8453305652036,76.18277728835372,79.29190826416016,596341000
2024-04-23 00:00:00-04:00,80.53935534918725,82.53366896329221,80.03579390039872,82.18865203857422,438559000
2024-04-24 00:00:00-04:00,83.71130825195023,83.84293671972377,78.95786360773235,79.4504623413086,512208000
2024-04-25 00:00:00-04:00,78.64375847887948,83.08609383460076,78.00059569231401,82.39706420898438,424641000
2024-04-26 00:00:00-04:00,83.57967245914212,88.07984066940489,83.14989820917565,87.48553466796875,551011000
2024-04-29 00:00:00-04:00,87.34595010949796,87.74181691165053,85.02356957538234,87.50749206542969,388971000
2024-04-30 00:00:00-04:00,86.99194868469957,88.5664614931565,86.05462655663052,86.15633392333984,363709000
2024-05-01 00:00:00-04:00,84.83509991070004,85.75547203094351,81.02396098069623,82.80488586425781,559863000
2024-05-02 00:00:00-04:00,84.20888384405981,85.99180203592717,82.96343457532701,85.572998046875,377898000
2024-05-03 00:00:00-04:00,87.53940321936913,89.02715799782622,86.79253219903528,88.53656005859375,398341000
2024-05-06 00:00:00-04:00,89.13584021044993,91.95779560513117,88.80179361610953,91.87802124023438,376203000
2024-05-07 00:00:00-04:00,90.8389759868272,91.52003263915564,88.75791206874568,90.29652404785156,437342000
2024-05-08 00:00:00-04:00,89.22857072950318,90.93470430679172,89.1657463302182,90.1549301147461,325721000
2024-05-09 00:00:00-04:00,90.27160575755214,90.8130611604946,87.98014293885268,88.49467468261719,378013000
2024-05-10 00:00:00-04:00,90.04822432624805,91.14110859605844,88.97328662281183,89.6224365234375,335325000
2024-05-13 00:00:00-04:00,90.22074555223655,90.73927132421963,88.27728953555432,90.14197540283203,289680000
2024-05-14 00:00:00-04:00,89.34425178727211,91.39041950305226,88.68114159761363,91.09626007080078,296507000
2024-05-15 00:00:00-04:00,92.2090701983953,94.5922739920117,91.33855134424653,94.36093139648438,417735000
2024-05-16 00:00:00-04:00,94.64014168326462,95.54655367350442,93.8354294469824,94.09070587158203,323952000
2024-05-17 00:00:00-04:00,94.10068232469492,94.47062203748345,91.5449662156453,92.21604919433594,359691000
2024-05-20 00:00:00-04:00,93.4834280017941,94.92930197847484,93.1743119009991,94.510498046875,318764000
2024-05-21 00:00:00-04:00,93.33287775310836,95.12875963376091,92.9150703346718,95.11479949951172,328946000
2024-05-22 00:00:00-04:00,95.18758628884531,95.74698824605449,92.98387077371804,94.6800308227539,548648000
2024-05-23 00:00:00-04:00,101.73791493789797,106.0177117858919,101.23135605250833,103.5038833618164,835065000
2024-05-24 00:00:00-04:00,104.15202177987621,106.17226230771774,102.70714415978955,106.1662826538086,429494000
2024-05-28 00:00:00-04:00,109.93054862844438,114.61219912037285,109.57057499198291,113.5771484375,652728000
2024-05-29 00:00:00-04:00,112.7285727659483,115.16362326202471,110.58568085733936,114.49851989746094,557442000
2024-05-30 00:00:00-04:00,114.32403150789189,115.48970655822384,109.35121090850546,110.18582916259766,484553000
2024-05-31 00:00:00-04:00,112.20007402311614,112.39652011050696,106.63594514688756,109.3212890625,613263000
2024-06-03 00:00:00-04:00,113.29794252397816,114.67301940917969,111.68453916444382,114.67301940917969,438392000
2024-06-04 00:00:00-04:00,115.38699108204422,116.26847269779265,113.72073695926161,116.1059341430664,403324000
2024-06-05 00:00:00-04:00,118.0344347915748,122.10083501982173,117.13400243711465,122.09186553955078,528402000
2024-06-06 00:00:00-04:00,123.69528439320365,125.2299099350453,117.98357427866928,120.65396118164062,664696000
2024-06-07 00:00:00-04:00,119.42945596831338,121.34599585382935,117.68643254910567,120.54428100585938,412386000
2024-06-10 00:00:00-04:00,120.02774969821236,122.74998311505551,116.6773027177119,121.44371032714844,313434100
2024-06-11 00:00:00-04:00,121.43373663493091,122.53070514239239,118.41210500224047,120.57611846923828,222551200
2024-06-12 00:00:00-04:00,122.72018091821553,126.5296321042774,122.23153612962203,124.8542709350586,299595000
2024-06-13 00:00:00-04:00,129.03269675342705,129.44156821528892,126.8088590238474,129.25209045410156,260704500
2024-06-14 00:00:00-04:00,129.60114223243076,132.4731792100278,127.9656714477386,131.51583862304688,309320400
2024-06-17 00:00:00-04:00,132.62277611443673,133.36072299109455,129.2221885999668,130.61831665039062,288504400
2024-06-18 00:00:00-04:00,130.7778703322321,135.95354113797538,130.3291160023479,135.2056121826172,294335100
2024-06-20 00:00:00-04:00,139.41394956266274,140.37129003031137,129.16233868973217,130.41885375976562,517768400
2024-06-21 00:00:00-04:00,126.76897377617152,130.2692833981682,123.95676122395307,126.22048950195312,649445800
2024-06-24 00:00:00-04:00,122.89968290118539,124.1163152101961,117.71404522588668,117.78385162353516,476060900
2024-06-25 00:00:00-04:00,120.86531009404065,126.1506774907381,118.99050434542877,125.74180603027344,414192600
2024-06-26 00:00:00-04:00,125.78169805160451,127.7662006748868,122.26144711805412,126.05095672607422,362975900
2024-06-27 00:00:00-04:00,123.75731038151326,126.06093675176166,122.58056851355609,123.64761352539062,252571700
2024-06-28 00:00:00-04:00,124.23598924744037,127.35734339260638,122.41104074475835,123.19886016845703,315516700
2024-07-01 00:00:00-04:00,123.12904675738962,124.49525872121755,118.50186042748064,123.95675659179688,284885500
2024-07-02 00:00:00-04:00,120.79551228090267,123.06922274393042,120.69578993975959,122.33126068115234,218374000
2024-07-03 00:00:00-04:00,121.32404411348101,127.9257583618164,121.02486950892705,127.9257583618164,215749000
2024-07-05 00:00:00-04:00,127.02825159880693,128.49420118342798,125.3329490025218,125.48253631591797,214176700
2024-07-08 00:00:00-04:00,127.1379469199517,130.40889591730686,126.6891925935073,127.84598541259766,237677300
2024-07-09 00:00:00-04:00,129.99007251430768,133.45049207075732,128.29475452643044,131.01722717285156,285366600
2024-07-10 00:00:00-04:00,133.65991582693005,134.72696865235594,132.0543607420923,134.53749084472656,248978600
2024-07-11 00:00:00-04:00,135.37514352274295,135.7740328866088,126.69917051710233,127.04820251464844,374782700
2024-07-12 00:00:00-04:00,127.90584321182462,131.55574087758131,126.86872155351702,128.88314819335938,252680500
2024-07-15 00:00:00-04:00,130.19951462538276,131.0272247782801,126.82884971990399,128.0853729248047,208326200
2024-07-16 00:00:00-04:00,128.0853283678797,128.68366239858466,124.2359867587292,126.01107025146484,214769500
2024-07-17 00:00:00-04:00,121.01489915039261,121.51351843622722,116.39768730256174,117.66417694091797,390086200
2024-07-18 00:00:00-04:00,121.51352635797906,122.0620106514847,116.23813305693453,120.75562286376953,320979500
2024-07-19 00:00:00-04:00,120.0176783628371,121.26422676213605,117.04591123957188,117.60436248779297,217223800
2024-07-22 00:00:00-04:00,120.01766653236042,123.72739542032818,119.52902173833405,123.19886016845703,258068900
2024-07-23 00:00:00-04:00,122.44096551828241,124.34569507405075,121.76284290265906,122.2514877319336,173911000
2024-07-24 00:00:00-04:00,118.8409292880146,119.61877422549412,113.12675602679064,113.93451690673828,327776900
2024-07-25 00:00:00-04:00,112.72785895570485,116.30794209044977,106.00647252262672,111.96995544433594,460067000
2024-07-26 00:00:00-04:00,115.86914899111223,115.8791158985684,111.27187868948438,112.74778747558594,293399100
2024-07-29 00:00:00-04:00,113.3760521146797,115.9588962828189,110.9926526113286,111.28184509277344,248152100
2024-07-30 00:00:00-04:00,111.21204752075072,111.68075088933978,102.2568489765504,103.44356536865234,486833300
2024-07-31 00:00:00-04:00,112.58824297616627,118.01321595584747,110.57381668062193,116.69686126708984,473174200
2024-08-01 00:00:00-04:00,117.20544905631927,119.82819139029307,106.51505026446524,108.9084243774414,523462300
2024-08-02 00:00:00-04:00,103.47347587762454,108.4197782586363,101.09007631034588,106.9737777709961,482027500
2024-08-05 00:00:00-04:00,91.80577675325813,103.12444016973573,90.43956483475881,100.172607421875,552842400
2024-08-06 00:00:00-04:00,103.55324859386288,107.41256456659957,100.27234042123098,103.96212005615234,409012100
2024-08-07 00:00:00-04:00,107.51229690555586,108.4995686514933,98.41748524596572,98.63687896728516,411440400
2024-08-08 00:00:00-04:00,101.71833034514779,105.20866520993226,97.25069837056012,104.68013000488281,391910000
2024-08-09 00:00:00-04:00,105.348288539487,106.30563671378638,103.14439207443418,104.46074676513672,290844200
2024-08-12 00:00:00-04:00,106.02640719898284,110.76329052893722,105.96657531790058,108.71894836425781,325559900
2024-08-13 00:00:00-04:00,112.12952516459809,115.90906086189524,111.27189924867696,115.81930541992188,312646700
2024-08-14 00:00:00-04:00,118.2026834397928,118.27248983356148,113.75500044516707,117.7539291381836,339246400
2024-08-15 00:00:00-04:00,118.43206727440648,122.89969228155606,117.1456284695593,122.52074432373047,318086700
2024-08-16 00:00:00-04:00,121.60329048074249,124.65483849237091,120.84538693237715,124.23600006103516,302589900
2024-08-19 00:00:00-04:00,123.93681555512863,129.64102172851562,123.07918972579691,129.64102172851562,318333600
2024-08-20 00:00:00-04:00,128.04543898793298,129.52136317375601,125.54237540722741,126.89862060546875,300087400
2024-08-21 00:00:00-04:00,126.9684150377678,128.9928157355832,126.31024153473705,128.14515686035156,257883600
2024-08-22 00:00:00-04:00,129.66096486520394,130.3889447703718,122.7600680862335,123.39830017089844,376189100
2024-08-23 00:00:00-04:00,125.51243939894613,129.24211690201355,124.87420736161047,129.0127410888672,323230300
2024-08-26 00:00:00-04:00,129.2122143703238,130.89753484404284,124.02656901853358,126.11079406738281,331964700
2024-08-27 00:00:00-04:00,124.70469880770285,128.84323320422493,123.53792378071748,127.94572448730469,303134600
2024-08-28 00:00:00-04:00,127.76622450424588,127.97565133826045,122.30136038396044,125.2631607055664,448101100
2024-08-29 00:00:00-04:00,121.02488328117458,124.0864056350864,116.38772203285157,117.26528930664062,453023300
2024-08-30 00:00:00-04:00,119.1999366155988,121.4138076730475,116.89631773014244,119.0403823852539,333751600
2024-09-03 00:00:00-04:00,115.68965834345619,115.88910303086084,106.99373606605621,107.70177459716797,477155100
2024-09-04 00:00:00-04:00,105.11892359162538,112.95721192187169,103.83248489547353,105.91670989990234,372470300
2024-09-05 00:00:00-04:00,104.70008464878364,109.34722045042044,104.47072401794104,106.91395568847656,306850700
2024-09-06 00:00:00-04:00,107.74165540315337,107.85135225389573,100.6712300257278,102.5460433959961,413638100
2024-09-09 00:00:00-04:00,104.59038154400555,106.25577578698045,103.4036727846321,106.17599487304688,273912000
2024-09-10 00:00:00-04:00,107.5122906776436,109.09790400275718,104.66018768236026,107.8014907836914,268283700
2024-09-11 00:00:00-04:00,109.0879346022382,116.86639906475774,107.12337325723898,116.58717346191406,441422400
2024-09-12 00:00:00-04:00,116.52733397843357,120.46676839354188,115.07124183313299,118.82118225097656,366052700
2024-09-13 00:00:00-04:00,118.76133738659651,119.6389797203674,117.28529459768677,118.78128051757812,238358300
2024-09-16 00:00:00-04:00,116.47747415009144,117.8637539403752,114.05397645754886,116.46749877929688,248772300
2024-09-17 00:00:00-04:00,117.85375994861732,118.482078856766,114.52270187351898,115.2806625366211,231925900
2024-09-18 00:00:00-04:00,115.57988069857915,117.3850347497377,112.91702737683093,113.0666275024414,310318900
2024-09-19 00:00:00-04:00,117.0359679559666,119.33979153223306,116.93623707940027,117.55458068847656,293506400
2024-09-20 00:00:00-04:00,116.74673611998301,118.30256661567998,115.08120699289479,115.6895751953125,382462400
2024-09-23 00:00:00-04:00,116.23810791147417,116.67692526968904,114.55262802291854,115.94888305664062,206228500
2024-09-24 00:00:00-04:00,116.20818908018337,121.47406618937484,115.07124032940908,120.54655456542969,354966800
2024-09-25 00:00:00-04:00,121.69345582540069,124.60564732192762,121.28455699350084,123.17947387695312,284692900
2024-09-26 00:00:00-04:00,126.46067739619816,127.32834434574869,121.47405774507013,123.70806121826172,302582900
2024-09-27 00:00:00-04:00,123.63824884420143,123.6980858451405,118.94085404604166,121.07512664794922,271009200
2024-09-30 00:00:00-04:00,117.99339940741461,121.1748653861715,117.83383152489164,121.11502838134766,226553700
2024-10-01 00:00:00-04:00,121.44412897274735,122.11234177416986,115.48013626179672,116.68689727783203,302094500
2024-10-02 00:00:00-04:00,116.12839762685847,119.06052472572213,114.83187351018621,118.53194427490234,221845900
2024-10-03 00:00:00-04:00,120.59640479294298,124.02720146176961,120.01795510176126,122.521240234375,277118000
2024-10-04 00:00:00-04:00,124.60565935860969,124.70539023390367,121.50398120040512,124.58570861816406,243678100
2024-10-07 00:00:00-04:00,124.65550686574433,130.2903881845544,124.61561299835192,127.37820434570312,346250200
2024-10-08 00:00:00-04:00,129.9114112143918,133.1227955252644,129.07366275536995,132.5343780517578,285722500
2024-10-09 00:00:00-04:00,133.75112849037495,134.16003500176663,131.02843810434518,132.29502868652344,246191600
2024-10-10 00:00:00-04:00,131.55700075403345,134.63872798675436,130.64943234270237,134.44923400878906,242311300
2024-10-11 00:00:00-04:00,133.6513755856735,135.4166432187145,133.30232133780012,134.43927001953125,170209500
2024-10-14 00:00:00-04:00,136.1047763660898,139.22640464182354,135.93523315102433,137.70050048828125,232347700
2024-10-15 00:00:00-04:00,137.50104323972985,138.1991821543322,128.3954862474048,131.24783325195312,377831000
2024-10-16 00:00:00-04:00,133.62147738626442,136.25441237650753,131.2279056562099,135.35682678222656,264879700
2024-10-17 00:00:00-04:00,138.96712260930138,140.512977854023,136.50373111006368,136.56356811523438,306435900
2024-10-18 00:00:00-04:00,138.2988966827743,138.52827690762766,136.91261713769273,137.6306915283203,176090200
2024-10-21 00:00:00-04:00,137.76036967912168,143.325439453125,137.63071268872676,143.325439453125,264554500
2024-10-22 00:00:00-04:00,142.52756130979012,144.03351491090646,141.40058044009385,143.2057342529297,226311600
2024-10-23 00:00:00-04:00,141.6498992013604,142.0488226372904,137.09213731314802,139.18650817871094,285930000
2024-10-24 00:00:00-04:00,140.4431777464081,140.97175826689335,138.08949241788707,140.03427124023438,172354900
2024-10-25 00:00:00-04:00,140.55284095753052,143.74428940833508,140.42319920700885,141.1612091064453,205122100
2024-10-28 00:00:00-04:00,142.617310298629,142.75693502866474,139.67520798990546,140.14395141601562,173586700
2024-10-29 00:00:00-04:00,139.91457158033694,141.8793009979601,138.52829188537018,140.87200927734375,157593600
2024-10-30 00:00:00-04:00,139.16654849713757,139.95444277669785,136.4438589379193,138.9670867919922,179418100
2024-10-31 00:00:00-04:00,137.2317836775648,137.24175143875112,131.756469630996,132.40472412109375,270039600
2024-11-01 00:00:00-04:00,134.33951978002003,136.94253564166783,134.2098780275083,135.0376434326172,207127800
2024-11-04 00:00:00-05:00,136.8428124063768,138.58812914709054,135.2072018980832,135.6859130859375,187528200
2024-11-05 00:00:00-05:00,137.082190110359,139.99437456292023,136.962516091939,139.53561401367188,160537400
2024-11-06 00:00:00-05:00,142.57743460752744,146.09798683530676,141.58011068537002,145.2203369140625,242043900
2024-11-07 00:00:00-05:00,145.9982407267333,148.53143666074,145.77882825788768,148.48158264160156,207323300
2024-11-08 00:00:00-05:00,148.37188826922187,149.369212218998,145.8685954157921,147.2349395751953,175665800
2024-11-11 00:00:00-05:00,148.28212306443757,148.45168153400843,143.18581210072784,144.87127685546875,182325600
2024-11-12 00:00:00-05:00,146.38720431256547,149.2495191040209,145.6192606302401,147.89315795898438,198634700
2024-11-13 00:00:00-05:00,148.67109606044525,148.93039482211316,145.50956558703103,145.8785858154297,191903300
2024-11-14 00:00:00-05:00,147.24492912817362,148.60129050932605,145.16052541696345,146.36727905273438,194463300
2024-11-15 00:00:00-05:00,144.48230195229198,144.85132212671857,139.705127384455,141.60003662109375,250132900
2024-11-18 00:00:00-05:00,139.1266784396513,141.1711953957962,136.7829612819808,139.77493286132812,221205300
2024-11-19 00:00:00-05:00,140.94184642833903,146.7362969039442,140.61272765546158,146.61660766601562,227834900
2024-11-20 00:00:00-05:00,147.0155400700263,147.16513258851916,142.34805565960622,145.49960327148438,309871700
2024-11-21 00:00:00-05:00,148.95031679761973,152.48083638169973,140.32345672847936,146.27748107910156,400946600
2024-11-22 00:00:00-05:00,145.53949007763015,146.7662096056562,140.72242834878378,141.5701446533203,236406200
2024-11-25 00:00:00-05:00,141.61003096699034,141.66986796819967,135.45654411602544,135.656005859375,344941900
2024-11-26 00:00:00-05:00,137.33151565059862,138.9272401830298,135.30694909062626,136.55360412597656,190287700
2024-11-27 00:00:00-05:00,134.64867978414378,136.8527720620769,131.44727893138864,134.97779846191406,226370900
2024-11-29 00:00:00-05:00,136.41395288721657,138.977082446908,135.68591074894266,137.88002014160156,141863200
2024-12-02 00:00:00-05:00,138.45849496272686,140.07415499884576,137.45120318506554,138.259033203125,171682800
2024-12-03 00:00:00-05:00,137.8899957715255,140.1638930268938,137.58082780000817,139.8846435546875,164414000
2024-12-04 00:00:00-05:00,141.61997562000002,145.3998260198739,139.91454527402882,144.75157165527344,231224300
2024-12-05 00:00:00-05:00,144.73163536724292,146.15789942663562,143.5746563420695,144.6817626953125,172621200
2024-12-06 00:00:00-05:00,144.2229906612707,145.3201135010368,140.94156015213164,142.06861877441406,188505600
2024-12-09 00:00:00-05:00,138.60766082087318,139.58510137793925,136.77246195727844,138.4480743408203,189308600
2024-12-10 00:00:00-05:00,138.6475487860502,141.4502349567079,133.44115786086326,134.71783447265625,210020900
2024-12-11 00:00:00-05:00,137.00186458417264,139.80453569143606,134.85747632446007,138.94677734375,184905200
2024-12-12 00:00:00-05:00,136.72258646567687,138.07904108019704,135.44592508954074,136.98190307617188,159211400
2024-12-13 00:00:00-05:00,138.5777215546611,139.23600428177866,132.1944001851312,133.8999481201172,231514900
2024-12-16 00:00:00-05:00,133.8301468202068,134.04957443441504,130.07995570111123,131.6558380126953,237951100
2024-12-17 00:00:00-05:00,128.75340490862754,131.24688636654815,126.52922370948323,130.05001831054688,259410300
2024-12-18 00:00:00-05:00,133.51098920213212,136.3435808551527,127.94553603601128,128.5738983154297,277444500
2024-12-19 00:00:00-05:00,131.41644980197495,133.68053537391728,129.212220572867,130.33926391601562,209719200
2024-12-20 00:00:00-05:00,129.4715213006466,134.9272596326742,127.88567083765561,134.34877014160156,306528600
2024-12-23 00:00:00-05:00,135.92467137837366,139.42551415908295,134.76769223262775,139.3058319091797,176053500
2024-12-24 00:00:00-05:00,139.63497303105362,141.53001300601622,138.28848684636677,139.85440063476562,105157000
2024-12-26 00:00:00-05:00,139.33575896662117,140.48276971800976,137.37089410442982,139.56515502929688,116205600
2024-12-27 00:00:00-05:00,138.1887488761999,138.65752461945982,134.35876491420703,136.6527557373047,170582600
2024-12-30 00:00:00-05:00,134.4784624698932,139.90428131004603,133.67057680049638,137.13153076171875,167734700
2024-12-31 00:00:00-05:00,137.67010377599792,137.71000800391963,133.48105776544256,133.93984985351562,155659200
2025-01-02 00:00:00-05:00,135.64541181631114,138.51790776015002,134.2789886408903,137.9493865966797,198247200
2025-01-03 00:00:00-05:00,139.64492988439244,144.52217900012494,139.36566117903786,144.0933074951172,229322500
2025-01-06 00:00:00-05:00,148.2025685915748,151.7632676182901,147.43458721714921,149.04037475585938,265377400
2025-01-07 00:00:00-05:00,152.63098706400407,152.73073241075815,139.6449312609891,139.77459716796875,351782200
2025-01-08 00:00:00-05:00,142.20825109505992,143.57467420574872,137.20133554653654,139.74468994140625,227349900
2025-01-10 00:00:00-05:00,137.09162690267476,139.55518814906236,133.87005266470834,135.55564880371094,207602500
2025-01-13 00:00:00-05:00,129.65108668370792,133.14196124495902,129.1723272147668,132.88262939453125,204808900
2025-01-14 00:00:00-05:00,135.6952813829554,136.02442280388445,129.71092511662002,131.4164581298828,195590500
2025-01-15 00:00:00-05:00,133.3015073705183,136.09420953652403,130.9476603587566,135.884765625,185217300
2025-01-16 00:00:00-05:00,138.27852927433761,138.38824308482273,133.14196273572836,133.2217559814453,209235600
2025-01-17 00:00:00-05:00,136.33360735729912,138.13888566634566,135.10681862678206,137.3509521484375,201188800
2025-01-21 00:00:00-05:00,138.79717036536638,141.4602070208564,136.7325601923546,140.4628143310547,197749000
2025-01-22 00:00:00-05:00,144.2828338584672,147.40466270866227,143.2954095914058,146.68655395507812,237651400
2025-01-23 00:00:00-05:00,144.67181084027297,146.8461195709751,143.34527675360425,146.83615112304688,155915500
2025-01-24 00:00:00-05:00,147.98313043457708,148.58157206293976,141.5100624088345,142.2481231689453,234657600
2025-01-27 00:00:00-05:00,124.47460659166907,128.06521102414737,116.39571998533557,118.11123657226562,818830900
2025-01-28 00:00:00-05:00,121.49237038995557,128.66362445139515,115.9468708718968,128.65365600585938,579666400
2025-01-29 00:00:00-05:00,126.17017448185184,126.55915701971556,119.7369947161038,123.37747192382812,467120600
2025-01-30 00:00:00-05:00,122.77903527699785,124.67408285834512,117.79207196266405,124.32499694824219,392925500
2025-01-31 00:00:00-05:00,123.45726093608867,127.51664871512425,118.8792323275003,119.7569351196289,388161100
2025-02-03 00:00:00-05:00,114.45080376447106,118.26084328911304,112.71534272693829,116.35582733154297,371235700
2025-02-04 00:00:00-05:00,116.65504122535879,120.88398385074507,116.39571701060105,118.34063720703125,256550000
2025-02-05 00:00:00-05:00,121.44253659311748,124.67408679210826,120.44514389878061,124.50453186035156,262230800
2025-02-06 00:00:00-05:00,127.08778823658054,128.4342745987464,124.8835510706209,128.34449768066406,251483600
2025-02-07 00:00:00-05:00,128.88307105233656,130.03006643749526,124.67407312607986,129.50144958496094,228186300
2025-02-10 00:00:00-05:00,129.75081827828257,134.64802029874645,129.6211675706223,133.2217559814453,216989100
2025-02-11 00:00:00-05:00,132.23432300379022,134.12936300336048,130.67839286199495,132.45375061035156,178902400
2025-02-12 00:00:00-05:00,129.68102059860516,131.89523390864048,128.74346889916592,130.798095703125,160278600
2025-02-13 00:00:00-05:00,131.2169852346524,136.14410776005724,130.8280026783839,134.937255859375,197430000
2025-02-14 00:00:00-05:00,136.12416013401827,138.88694235090182,135.14671948687393,138.4879913330078,195479600
2025-02-18 00:00:00-05:00,140.90167961185236,143.06602007700403,137.57037622357197,139.0365447998047,219176600
2025-02-19 00:00:00-05:00,139.1462426003846,140.99142508356047,136.86222013681927,138.86697387695312,167536000
2025-02-20 00:00:00-05:00,139.6648967001902,140.29325896288867,136.43333891646114,139.74468994140625,143903600
2025-02-21 00:00:00-05:00,139.6748562571626,141.09116717483585,133.68053207054632,134.07948303222656,228217600
2025-02-24 00:00:00-05:00,136.20396396001723,138.22867021014434,129.74086261032588,129.94033813476562,251381100
2025-02-25 00:00:00-05:00,129.64109140603463,129.86051900489684,124.11554286315072,126.2998275756836,271428700
2025-02-26 00:00:00-05:00,129.6510837247691,133.38132271635274,128.1549946612343,130.93771362304688,322553800
2025-02-27 00:00:00-05:00,134.64800202891726,134.65797047615226,119.69708897132982,119.83672332763672,443175800
2025-02-28 00:00:00-05:00,117.71228067710521,124.76384661623277,116.09650940652436,124.59429168701172,389091100
2025-03-03 00:00:00-05:00,123.18797717385785,123.3774766164976,111.9872535622559,113.76261138916016,411381400
2025-03-04 00:00:00-05:00,110.36149568941593,118.99891188150963,109.82290275774469,115.68756866455078,398163300
2025-03-05 00:00:00-05:00,117.2734398915339,117.9716117639233,114.21144449205002,116.99417114257812,284337900
2025-03-06 00:00:00-05:00,113.2339813347161,115.04923557314471,109.93261424409908,110.28170013427734,321181900
2025-03-07 00:00:00-05:00,110.9599388924034,113.18412798197828,107.27955736061682,112.39618682861328,341755500
2025-03-10 00:00:00-04:00,109.6134575041536,111.5583701943417,105.18503155172247,106.7010726928711,366487400
2025-03-11 00:00:00-04:00,106.71102843945867,111.94733940770921,104.4968157267925,108.4764175415039,354865700
2025-03-12 00:00:00-04:00,113.83291749341501,116.46627558552667,112.59603141211886,115.44883728027344,323857500
2025-03-13 00:00:00-04:00,116.73560262668995,117.46376961532557,113.50375517662202,115.28925323486328,299033100
2025-03-14 00:00:00-04:00,118.31162236591584,121.57339292473429,117.85278046649132,121.36392211914062,277593500
2025-03-17 00:00:00-04:00,122.43124092622188,122.58086511779604,117.73309001608916,119.22931671142578,255501500
2025-03-18 00:00:00-04:00,117.70316797338417,118.72059878873276,114.25187260535502,115.13963317871094,299686900
2025-03-19 00:00:00-04:00,116.97498651717953,120.14698705841565,115.3889900516623,117.22435760498047,273426200
2025-03-20 00:00:00-04:00,116.25680439544837,119.89761619602571,116.17700382075364,118.23181915283203,248829700
2025-03-21 00:00:00-04:00,116.64582513098318,117.6931791575635,115.1296446207881,117.4039077758789,266498500
2025-03-24 00:00:00-04:00,119.57842622721644,121.91254366285413,119.03978374206928,121.10458374023438,228452500
2025-03-25 00:00:00-04:00,120.24674348347415,120.98487978418257,118.62083909476823,120.38639068603516,167447200
2025-03-26 00:00:00-04:00,118.4313220614094,118.5410383402261,112.42646191953317,113.47382354736328,293463300
2025-03-27 00:00:00-04:00,111.0698805170997,114.16208047077859,110.38162149260253,111.1496810913086,236902100
2025-03-28 00:00:00-04:00,111.20953292547101,112.58606625933987,108.79562251910656,109.39411163330078,229872500
2025-03-31 00:00:00-04:00,104.86552901006266,110.68086470981991,103.38925640513808,108.10735321044922,299212700
2025-04-01 00:00:00-04:00,108.2470050831867,109.92277920039626,106.20216660392524,109.87290954589844,222614000
2025-04-02 00:00:00-04:00,107.0200962834212,111.69830029652357,106.5213541109438,110.14221954345703,220601200
2025-04-03 00:00:00-04:00,103.24961220285616,105.36427425680411,101.344413349133,101.54391479492188,338769400
2025-04-04 00:00:00-04:00,98.66119636165205,99.87812106911886,91.87829866162578,94.07276153564453,532273800
2025-04-07 00:00:00-04:00,87.23998007579976,101.49403230771996,86.40209687721266,97.39437103271484,611041300
2025-04-08 00:00:00-04:00,103.54885717389794,105.58372634261488,94.2223791915971,96.05775451660156,476243400
2025-04-09 00:00:00-04:00,98.6412345329499,114.8104562069238,97.28465510127192,114.04239654541016,612918300
2025-04-10 00:00:00-04:00,109.09487535601897,110.58112503277279,98.90058321638736,107.29940032958984,437812400
2025-04-11 00:00:00-04:00,108.22706011361765,111.26939065397997,107.20962934859612,110.65094757080078,313417300
2025-04-14 00:00:00-04:00,113.82295197096049,114.00249947758738,108.7956293956101,110.43150329589844,264705000
2025-04-15 00:00:00-04:00,110.69084593782598,113.33418114021705,110.22202704858428,111.9177474975586,228966900
2025-04-16 00:00:00-04:00,104.2869965726397,106.52135948725393,100.1973044637503,104.22714233398438,397016900
2025-04-17 00:00:00-04:00,104.1872406628714,104.20719461222582,99.79831546993584,101.23468780517578,292517500
2025-04-21 00:00:00-04:00,98.52152014100793,99.18984040018822,94.80090799474428,96.66620635986328,288501100
2025-04-22 00:00:00-04:00,98.53151145469249,99.55891920701856,97.03528479941322,98.6412353515625,241004800
2025-04-23 00:00:00-04:00,104.25705857766793,104.53636058197965,101.76334775853866,102.45161437988281,247526000
2025-04-24 00:00:00-04:00,103.21968611105362,106.2719858525715,102.85061415392688,106.16226196289062,220815000
2025-04-25 00:00:00-04:00,106.5812047250048,111.63845023877658,105.46402708737592,110.73074340820312,251064700
2025-04-28 00:00:00-04:00,109.4140660423662,110.09235573735528,105.75329251827114,108.45648193359375,207708500
2025-04-29 00:00:00-04:00,107.39914795371472,109.9227823722281,107.16973079396023,108.7457504272461,170444300
2025-04-30 00:00:00-04:00,104.20719367744803,108.64599609375,103.81817538074749,108.64599609375,235044600
2025-05-01 00:00:00-04:00,112.79553450528941,114.6508560442669,111.02001354244473,111.32923126220703,236121500
2025-05-02 00:00:00-04:00,113.89276514634567,115.10969728977199,113.08480524563223,114.21195983886719,190194800
2025-05-05 00:00:00-04:00,112.62596171602799,114.38152869431376,112.37659062829633,113.5336685180664,133163200
2025-05-06 00:00:00-04:00,111.19956385128708,114.45135750397539,110.54122049681273,113.25437927246094,158525600
2025-05-07 00:00:00-04:00,112.7656187028628,117.38396890879066,111.99755142427854,116.7655258178711,206758800
2025-05-08 00:00:00-04:00,117.95252869863282,118.38144728921775,115.55856464909375,117.07474517822266,198428100
2025-05-09 00:00:00-04:00,117.05480348234514,117.93259470484641,114.92018728068513,116.3565673828125,132972200
2025-05-12 00:00:00-04:00,121.66317455201767,122.69058227539062,119.9774234659773,122.69058227539062,225023300
2025-05-13 00:00:00-04:00,124.66559728217729,130.88989748886456,124.1568781333485,129.60313415527344,330430100
2025-05-14 00:00:00-04:00,132.86491109788813,135.09928149974084,131.34873063875938,134.99952697753906,281180800
2025-05-15 00:00:00-04:00,133.95217934435928,135.95713281870513,132.32629004982778,134.49082946777344,226632600
2025-05-16 00:00:00-04:00,135.87731640314823,136.00699423634137,133.12426513669956,135.0593719482422,226542500
2025-05-19 00:00:00-04:00,132.05695004104146,135.52819125301625,132.05695004104146,135.2289581298828,193154600
2025-05-20 00:00:00-04:00,133.95219175288827,134.24147079199417,132.28639440284374,134.04197692871094,161514200
2025-05-21 00:00:00-04:00,132.72528507307794,137.05436414816955,130.26149714159004,131.4684600830078,270608700
2025-05-22 00:00:00-04:00,131.89733771424724,133.91226015482565,131.21905573210503,132.49583435058594,187344000
2025-05-23 00:00:00-04:00,129.67296865108418,132.3462194682512,128.8350854296202,130.959716796875,198821300
2025-05-27 00:00:00-04:00,133.81253901253905,135.31875034213425,132.97465568903243,135.15914916992188,192953600
2025-05-28 00:00:00-04:00,135.68778777349254,136.9047198340945,134.4509017652276,134.47085571289062,304021100
2025-05-29 00:00:00-04:00,141.8921589021039,143.12904506361895,137.56308016740775,138.83985900878906,369241900
2025-05-30 00:00:00-04:00,138.37103486307464,139.26876471984463,132.58562239610197,134.79006958007812,333170900
2025-06-02 00:00:00-04:00,135.14917875467413,137.77255260816483,135.05939358324852,137.034423828125,197663100
2025-06-03 00:00:00-04:00,138.43088175862894,141.64278269656361,137.60296789247522,140.86474609375,225578800
2025-06-04 00:00:00-04:00,141.83231333868676,142.03180718032695,139.18897047063936,141.56298828125,167120800
2025-06-05 00:00:00-04:00,141.8123566062966,143.63775490128222,138.48076233301106,139.63784790039062,231397900
2025-06-06 00:00:00-04:00,142.1515162209299,142.90961421188257,141.1540316815974,141.36351013183594,153986200
2025-06-09 00:00:00-04:00,142.82976792727268,144.63521193059032,141.58291265200896,142.27117919921875,185114500
2025-06-10 00:00:00-04:00,142.3310452201821,143.92701105784593,141.17395971410352,143.5978546142578,155881900
2025-06-11 00:00:00-04:00,144.25623511410478,144.6353103750697,141.52293261104455,142.4805908203125,167694000
2025-06-12 00:00:00-04:00,141.62269259555393,144.64527893066406,141.50299102868564,144.64527893066406,162365000
2025-06-13 00:00:00-04:00,142.13145812905782,143.2287733742275,140.50545582034982,141.62271118164062,180820600
2025-06-16 00:00:00-04:00,142.9993260342438,145.82238955213242,142.84968384945327,144.33604431152344,183133700
2025-06-17 00:00:00-04:00,144.13653073401778,144.8647406282524,143.42826095310537,143.76742553710938,139108000
2025-06-18 00:00:00-04:00,143.6576946584193,145.2936820241915,142.7698725249477,145.1240997314453,161494100
2025-06-20 00:00:00-04:00,145.09418472037632,145.84235000620308,142.3010312756641,143.49810791015625,242956200
2025-06-23 00:00:00-04:00,142.1513937655616,144.42581484809375,141.68254233682853,143.8173065185547,154308900
2025-06-24 00:00:00-04:00,145.20392063963206,147.59805875973223,145.14406985038545,147.53819274902344,187566100
2025-06-25 00:00:00-04:00,148.90483162044157,154.0721520137232,148.8948463426075,153.9324951171875,269146500
2025-06-26 00:00:00-04:00,155.59840525486092,156.33660039378947,153.6232534017049,154.64076232910156,198145700
2025-06-27 00:00:00-04:00,155.65826650868465,158.32174817747665,154.880175871103,157.3640899658203,263234500
2025-06-30 00:00:00-04:00,158.01250107649778,158.2718747820143,155.57848281781088,157.603515625,194580300
2025-07-01 00:00:00-04:00,155.9076636637482,156.81544119896878,151.1194180014287,152.92498779296875,213143600
2025-07-02 00:00:00-04:00,152.6057523429847,157.21446053326332,152.59578228626097,156.8653106689453,171224100
2025-07-03 00:00:00-04:00,157.98256705200242,160.58618269349765,157.3840439934681,158.9501953125,143716100
2025-07-07 00:00:00-04:00,157.8129946008361,158.92027983286837,156.9550977974466,157.8529052734375,140139000
2025-07-08 00:00:00-04:00,158.9402376292259,159.8280598400772,158.00253468758166,159.6085968017578,138133000
2025-07-09 00:00:00-04:00,160.8256093227867,164.01777813022636,160.7657585360006,162.48155212402344,183656400
2025-07-10 00:00:00-04:00,163.91802564623063,164.0975779997467,161.214648514871,163.6985626220703,167704100
2025-07-11 00:00:00-04:00,163.319494380175,167.4792915182188,163.07010595303956,164.5165557861328,193633300
2025-07-14 00:00:00-04:00,164.96544774793,165.08516454052796,161.62365204151925,163.66864013671875,136975800
2025-07-15 00:00:00-04:00,170.77121644956358,171.97824787505814,168.78607915204378,170.28240966796875,230627400
2025-07-16 00:00:00-04:00,170.64152069930245,171.32983513615645,168.48680121561864,170.9507598876953,158831500
2025-07-17 00:00:00-04:00,171.59918390717252,173.7339481189201,170.4120926228971,172.5767822265625,160841100
2025-07-18 00:00:00-04:00,173.21520688358655,173.82371518980958,170.8410244393951,171.98822021484375,146456400
2025-07-21 00:00:00-04:00,172.32739806402674,172.9558617527255,170.58167912560677,170.96075439453125,123126100
2025-07-22 00:00:00-04:00,170.9208374301641,170.97071815657463,164.17738028748298,166.6213836669922,193114300
2025-07-23 00:00:00-04:00,169.11525591048226,170.84101932871772,167.5590747729789,170.36219787597656,154082200
2025-07-24 00:00:00-04:00,172.01816431437092,173.40476336343244,170.88095369299285,173.3149871826172,128984600
2025-07-25 00:00:00-04:00,173.1852777673922,174.29256285091202,172.5368740284716,173.07554626464844,122316800
2025-07-28 00:00:00-04:00,173.594294429185,176.56700011257405,173.54441370124516,176.31761169433594,140023500
2025-07-29 00:00:00-04:00,177.52466141853475,178.9411858321479,174.5918511336965,175.0806427001953,154077500
2025-07-30 00:00:00-04:00,176.07817850992637,179.4499145115228,175.60932710539223,178.83143615722656,174312200
2025-07-31 00:00:00-04:00,182.45256948733228,182.85160010862035,175.49961883405416,177.43487548828125,221685400
2025-08-01 00:00:00-04:00,173.6641186818972,176.1081221843386,170.47194991004753,173.29502868652344,204529000
2025-08-04 00:00:00-04:00,174.7315057215643,179.75916955634796,174.09307197712414,179.55966186523438,148174600
2025-08-05 00:00:00-04:00,179.18057181311008,179.81900550487381,175.4696712230272,177.8238983154297,156407600
2025-08-06 00:00:00-04:00,175.898641889325,179.4599006050506,175.81883576850015,178.9810791015625,137192300
2025-08-07 00:00:00-04:00,181.12583532286254,183.43018196887525,178.3626072705472,180.32778930664062,151878400
2025-08-08 00:00:00-04:00,181.10587113034643,182.85159004607542,179.95867528141937,182.2530517578125,123396700
2025-08-11 00:00:00-04:00,181.6046539661726,183.39026839012567,179.80905426349312,181.6146240234375,138323200
2025-08-12 00:00:00-04:00,182.51243687865426,184.02870758664506,179.02099882862018,182.71194458007812,145485700
2025-08-13 00:00:00-04:00,182.1732462738988,183.51994981646104,178.9112567337155,181.14576721191406,179871700
2025-08-14 00:00:00-04:00,179.3102712094187,182.57227595462552,179.02098734413144,181.57472229003906,129554000
2025-08-15 00:00:00-04:00,181.43505449173978,181.45499460438234,177.6044370814236,180.008544921875,156602200
2025-08-18 00:00:00-04:00,180.15818875593718,182.49246055927404,180.14820347806383,181.56472778320312,132008000
2025-08-19 00:00:00-04:00,181.98370991508045,182.0535459787435,175.06070018553257,175.2103271484375,185229200
2025-08-20 00:00:00-04:00,174.74146841521826,175.56943975883806,168.38705663117767,174.9709014892578,215142700
2025-08-21 00:00:00-04:00,174.42226928848822,176.4672421817212,173.38480492387563,174.55194091796875,140040900
2025-08-22 00:00:00-04:00,172.1877371490149,178.15310374912357,170.78118284108405,177.55458068847656,172789400
2025-08-25 00:00:00-04:00,177.91369740024777,181.46498591558236,176.13805314258047,179.3701171875,163012800
2025-08-26 00:00:00-04:00,179.61950918930867,181.94381103857447,178.37256711704984,181.32533264160156,168688200
2025-08-27 00:00:00-04:00,181.53480649120215,182.04356858750407,178.6618623689453,181.15574645996094,235518900
2025-08-28 00:00:00-04:00,180.37766708382995,184.01873199506826,175.97845161993425,179.729248046875,281787800
2025-08-29 00:00:00-04:00,177.67428483075477,177.714180280125,172.72641192849127,173.75389099121094,243257900
2025-09-02 00:00:00-04:00,169.58410730722488,171.95828968039308,166.81090959368234,170.36219787597656,231164900
2025-09-03 00:00:00-04:00,170.64151696331535,171.9882204164984,168.46685741418958,170.2025909423828,164424900
2025-09-04 00:00:00-04:00,170.15273668191406,171.43957421789176,168.99557077235426,171.2400665283203,141670100
2025-09-05 00:00:00-04:00,167.61894341349083,168.61649709218636,163.66863936987482,166.61141967773438,224441400
2025-09-08 00:00:00-04:00,167.14008871145546,170.54174973330151,166.9405810596359,167.89822387695312,163769100
2025-09-09 00:00:00-04:00,168.6763418810487,170.5617176578999,166.3320999523285,170.34225463867188,157548400
2025-09-10 00:00:00-04:00,176.2078799889887,178.85139113084074,175.04074401948455,176.8961944580078,226852000
2025-09-11 00:00:00-04:00,179.25053151190707,179.84910351407555,176.05818301908454,176.7465362548828,151159300
2025-09-12 00:00:00-04:00,177.34513598621658,178.17315412234487,176.02828346447401,177.39501953125,124911000
2025-09-15 00:00:00-04:00,175.2501343169162,178.4225418052247,174.0929031464731,177.32516479492188,147061600
2025-09-16 00:00:00-04:00,176.5769489507663,177.0757538913052,173.96321593348455,174.46202087402344,140737800
2025-09-17 00:00:00-04:00,172.22736966160153,172.78602876073558,168.00748411706098,169.8829803466797,211843800
2025-09-18 00:00:00-04:00,173.56414822000986,176.6767011378293,172.54659718713728,175.81875610351562,191763300
2025-09-19 00:00:00-04:00,175.34989886544702,177.65437533147113,174.76129744715922,176.24774169921875,237182100
2025-09-22 00:00:00-04:00,174.8810364137678,184.1089289332547,174.29245016588177,183.17117309570312,269637000
2025-09-23 00:00:00-04:00,181.5350723037516,181.98399370831066,175.78884483629412,178.00352478027344,192559600
2025-09-24 00:00:00-04:00,179.34035389001875,179.35032450997934,174.98078784059663,176.5470428466797,143564100
2025-09-25 00:00:00-04:00,174.06297010669513,179.82915407834395,172.7162058826927,177.2653045654297,191586700
2025-09-26 00:00:00-04:00,177.74415791919978,179.3403398828169,174.51189629291883,177.7641143798828,148573700
2025-09-29 00:00:00-04:00,179.99875523700084,183.56023005067578,179.88903275637574,181.41537475585938,193063500
2025-09-30 00:00:00-04:00,181.6448190078555,186.90222763381766,181.04624695721463,186.13406372070312,236981000
2025-10-01 00:00:00-04:00,184.79726069745416,187.6903232769056,183.46045188172369,186.79248046875,173844900
2025-10-02 00:00:00-04:00,189.146847340247,190.59337868298996,187.6105195355423,188.43853759765625,136805800
2025-10-03 00:00:00-04:00,188.73782471792558,189.90502650703218,184.93693332773543,187.17156982421875,137596900
2025-10-06 00:00:00-04:00,185.05662940294908,186.78249020197808,182.89181782906448,185.09652709960938,157678100
2025-10-07 00:00:00-04:00,185.78489078203316,188.6081286768816,183.56022492696124,184.5977325439453,140088000
2025-10-08 00:00:00-04:00,186.12409742063042,189.14685437964263,186.0941551173159,188.65802001953125,130168900
2025-10-09 00:00:00-04:00,191.7705575158363,194.833227386451,190.60335569438294,192.10975646972656,182997200
2025-10-10 00:00:00-04:00,193.04749823427522,195.15245586263575,181.61489659616785,182.7222442626953,268774400
2025-10-13 00:00:00-04:00,187.52074924115996,189.6556339904095,185.51555866051012,187.8699188232422,153482800
2025-10-14 00:00:00-04:00,184.32839277968645,184.35831986008523,179.2705030798172,179.59971618652344,205641400
2025-10-15 00:00:00-04:00,184.35831474003746,184.42813951825556,176.86625456034105,179.4001922607422,214450500
2025-10-16 00:00:00-04:00,181.79445210488134,182.84194556906473,179.34034021746592,181.37545776367188,179723300
2025-10-17 00:00:00-04:00,179.74934657743225,183.65999082680747,179.3203816221287,182.78208923339844,173135200
2025-10-20 00:00:00-04:00,182.69231029505525,184.75735492260156,181.2956472677441,182.20347595214844,128544700
2025-10-21 00:00:00-04:00,182.35311411361405,182.35311411361405,179.37027013728058,180.72702026367188,124240200
2025-10-22 00:00:00-04:00,180.7070509305708,183.00155667206866,176.33751483638122,179.84910583496094,162249600
2025-10-23 00:00:00-04:00,179.988777912505,182.59254038327154,179.3602787988416,181.72462463378906,111363700
2025-10-24 00:00:00-04:00,183.40060514170608,187.02193404421294,183.06142142022418,185.8148193359375,131296700
2025-10-27 00:00:00-04:00,189.53590332097463,191.54109366524804,187.97961914819697,191.03231811523438,153452700
2025-10-28 00:00:00-04:00,192.58860677151606,202.6644582837766,191.45133202040452,200.54953002929688,297986200
2025-10-29 00:00:00-04:00,207.48289118740504,211.68283533037862,204.29054272961417,206.54513549804688,308829600
2025-10-30 00:00:00-04:00,204.6596525726598,205.66724825327245,200.92860151360617,202.40505981445312,178864400
2025-10-31 00:00:00-04:00,205.95656932325562,207.4729406961805,201.5870481318289,202.00604248046875,179802200
2025-11-03 00:00:00-05:00,207.58267267525224,210.83487551397138,205.06869143040765,206.3855438232422,180267300
2025-11-04 00:00:00-05:00,202.51481474882632,203.4824975937368,197.4569251230167,198.21511840820312,188919300
2025-11-05 00:00:00-05:00,198.29491205487744,202.43498679977526,194.18474916506034,194.74342346191406,171350300
2025-11-06 00:00:00-05:00,195.95052515240693,197.14765392942226,185.9345289438528,187.63046264648438,223029800
2025-11-07 00:00:00-05:00,184.45806985353664,187.86990920765928,178.4823961188316,187.70030212402344,264942300
2025-11-10 00:00:00-05:00,194.6436788693004,199.46213677715232,193.32682642239038,198.5742645263672,198897100
2025-11-11 00:00:00-05:00,194.69355355890158,194.9529266552934,190.84277869998112,192.69833374023438,176483300
2025-11-12 00:00:00-05:00,195.25221648764446,195.4218083488666,190.673190567689,193.33680725097656,154935300
2025-11-13 00:00:00-05:00,190.59339473372378,190.98246202725863,183.4106057333689,186.4134063720703,207423100
2025-11-14 00:00:00-05:00,182.4229582335574,190.55347333374138,180.14840873831534,189.71548461914062,186591900
2025-11-17 00:00:00-05:00,185.52553828625676,188.54829545593932,183.87948782755396,186.15403747558594,173628900
2025-11-18 00:00:00-05:00,182.94170515591497,184.35830936263392,179.22060933347112,180.92652893066406,213598900
2025-11-19 00:00:00-05:00,184.3483273978252,187.41099710874653,182.39302051116815,186.07420349121094,247246400
2025-11-20 00:00:00-05:00,195.4816571057099,195.53154064523628,179.42014682895694,180.208251953125,343504800
2025-11-21 00:00:00-05:00,180.80682891210233,184.11888595894638,172.51667761994415,178.4524688720703,346926200
2025-11-24 00:00:00-05:00,179.06099432644913,183.0614042749852,176.05817898815633,182.11367797851562,256618300
2025-11-25 00:00:00-05:00,174.49197074476177,177.73420328176402,169.14478047484366,177.39501953125,320600300
2025-11-26 00:00:00-05:00,181.19589856886267,182.47283807635972,177.81400147563977,179.82916259765625,183852000
2025-11-28 00:00:00-05:00,178.58215589898685,178.86148547381688,176.0781603452176,176.57696533203125,121332800
2025-12-01 00:00:00-05:00,174.3423041351479,179.8690716163194,173.2648835948944,179.48997497558594,188131000
2025-12-02 00:00:00-05:00,181.32556167204697,185.21624923794855,179.56977380817938,181.0262908935547,182632200
2025-12-03 00:00:00-05:00,180.6472109015755,182.01393165685582,178.68191808959097,179.1607666015625,165138000
2025-12-04 00:00:00-05:00,181.19598816136636,184.08922700452197,179.53987513877786,182.95188903808594,167364900
2025-12-05 00:00:00-05:00,183.4606866221248,184.22889322931675,180.4876480440623,181.98414611816406,143971100
2025-12-08 00:00:00-05:00,182.21361127014939,187.5610985176648,181.97416608957425,185.1168212890625,204378100
2025-12-09 00:00:00-05:00,185.12679644575,185.2864265695677,182.89203560496765,184.53817749023438,144719700
2025-12-10 00:00:00-05:00,184.53819180758595,185.0469957406681,181.61502392815055,183.35096740722656,162785400
2025-12-11 00:00:00-05:00,179.85913764092777,180.896718300432,176.20767820623186,180.5076141357422,182136600
2025-12-12 00:00:00-05:00,180.6871989054384,182.39321360477518,174.21234434473615,174.61141967773438,204274900
2025-12-15 00:00:00-05:00,177.52459033283526,178.0034654802094,174.6213802569945,175.87843322753906,164775600
2025-12-16 00:00:00-05:00,175.84850127733236,178.0733061224419,174.4916756985292,177.3050994873047,148588100
2025-12-17 00:00:00-05:00,175.68889685369163,175.71882560019336,169.91240520818417,170.5409393310547,222775500
2025-12-18 00:00:00-05:00,174.1225483861358,175.7387615308714,171.41888356310693,173.73345947265625,176096000
2025-12-19 00:00:00-05:00,176.2575523358494,181.0263919449467,175.92832091222974,180.56747436523438,324925900
2025-12-22 00:00:00-05:00,183.49062822521734,183.73007341419415,181.9243013805983,183.26116943359375,129064400
2025-12-23 00:00:00-05:00,182.5428423541149,188.88799500778453,182.47299846788633,188.76828002929688,174873600
2025-12-24 00:00:00-05:00,187.50124372172942,188.4689804086018,186.154389299292,188.169677734375,65528500
2025-12-26 00:00:00-05:00,189.47662851874142,192.240166195598,187.5611125998212,190.085205078125,139740300
2025-12-29 00:00:00-05:00,187.2717899684254,188.31932652162573,185.47598909796272,187.7805938720703,120006100
2025-12-30 00:00:00-05:00,187.8005508490403,188.5487999407664,186.49359631469858,187.1021728515625,97687300
2025-12-31 00:00:00-05:00,189.12744593978846,190.11512498868174,186.05463453876877,186.06460571289062,120100500
2026-01-02 00:00:00-05:00,189.39681300359115,192.47959571470966,187.8204997023152,188.4091339111328,148240500
2026-01-05 00:00:00-05:00,191.31231822272787,193.17796293683364,185.7154145267434,187.68081665039062,183529700
2026-01-06 00:00:00-05:00,190.07522846701318,191.72137039337454,186.3838692947835,186.80288696289062,176862600
2026-01-07 00:00:00-05:00,188.12978540958392,190.9232365533545,186.12446806753155,188.66851806640625,153543200
2026-01-08 00:00:00-05:00,188.66852284990722,189.10749810453436,183.28113525242415,184.60801696777344,172457000
2026-01-09 00:00:00-05:00,184.64792389684447,185.9049768874807,183.2412119543349,184.42843627929688,131327500
2026-01-12 00:00:00-05:00,182.79226917353867,186.6831584288149,182.59273912358015,184.5082550048828,137968500
2026-01-13 00:00:00-05:00,184.56809890645206,187.6708389078061,182.97182817799478,185.37620544433594,160128900
2026-01-14 00:00:00-05:00,183.88970125566945,184.02937380837906,180.37791464347094,182.7124481201172,159586100
2026-01-15 00:00:00-05:00,186.06460797964908,189.25713440169068,185.895006678512,186.6133270263672,206188600
2026-01-16 00:00:00-05:00,188.63859508159712,189.99542077422674,185.64559857342888,185.7952423095703,187967200
2026-01-20 00:00:00-05:00,181.4753422141945,181.95423259865512,177.1953640623503,177.654296875,223345300
2026-01-21 00:00:00-05:00,178.6320081827799,184.94723253133864,177.9835164834521,182.8920440673828,200381000
2026-01-22 00:00:00-05:00,184.31869154642928,185.7353746560278,183.5005985718231,184.40847778320312,139636600
2026-01-23 00:00:00-05:00,187.06227125943187,189.15737478680413,186.38386606278428,187.23187255859375,142748100
2026-01-26 00:00:00-05:00,186.7230748442759,188.6784906596197,185.55580805974404,186.03468322753906,124799600
2026-01-27 00:00:00-05:00,186.80288446054914,189.55643562401056,185.2664711415707,188.07989501953125,143711600
2026-01-28 00:00:00-05:00,190.82347487286611,191.9009553855833,189.3968053634026,191.07289123535156,148552700
2026-01-29 00:00:00-05:00,190.89331059974717,193.0283141326731,185.62563804704834,192.06057739257812,171764400
2026-01-30 00:00:00-05:00,190.76362243793778,194.0359639826301,189.0276790286862,190.68380737304688,179489500
2026-02-02 00:00:00-05:00,186.7629659025267,189.8557348322644,184.44839001538193,185.1766815185547,165794100
2026-02-03 00:00:00-05:00,185.8052266227915,185.83515536968403,175.8185853097543,179.9189910888672,204019600
2026-02-04 00:00:00-05:00,179.04105715530034,179.16077214377114,171.50867959294058,173.78335571289062,207014100
2026-02-05 00:00:00-05:00,174.52161198787914,176.40721432559468,170.63072277473634,171.47874450683594,206312900
2026-02-06 00:00:00-05:00,176.27751351666032,186.56344202919422,174.19239634754115,184.97715759277344,231346200
2026-02-09 00:00:00-05:00,183.8298238555102,193.20788788877485,183.5205500126207,189.59632873535156,196387400
2026-02-10 00:00:00-05:00,190.93321971968697,192.0306425866914,187.6808205923615,188.09983825683594,136764800
2026-02-11 00:00:00-05:00,192.00071425091673,192.80882083578368,188.329312674443,189.6063232421875,144192700
2026-02-12 00:00:00-05:00,192.5793648877844,193.1580126884611,186.07458174632154,186.5035858154297,189932500
2026-02-13 00:00:00-05:00,187.04230481693136,187.0622623874058,181.16605622339495,182.38320922851562,161888000
2026-02-17 00:00:00-05:00,181.3256935584433,186.71308084037668,178.76168607280786,184.53817749023438,162276900
2026-02-18 00:00:00-05:00,188.3093443160685,189.92555739322245,186.3239846890322,187.5411376953125,164749100
2026-02-19 00:00:00-05:00,186.62329889395997,187.9900957055448,185.22657333636724,187.46133422851562,126554500
2026-02-20 00:00:00-05:00,186.13444888465776,189.88566546751952,185.5059147845697,189.37686157226562,178422300
2026-02-23 00:00:00-05:00,190.9531547742145,193.49720463285962,189.13741163084848,191.10281372070312,171584800
2026-02-24 00:00:00-05:00,191.04296985904048,193.31764595479845,186.96250644177093,192.39979553222656,175123600
2026-02-25 00:00:00-05:00,193.9960453222018,197.16862939564908,193.33758246616242,195.10345458984375,250637100
2026-02-26 00:00:00-05:00,193.81648130196652,193.83642365132246,183.8897126034445,184.4583740234375,360807900
2026-02-27 00:00:00-05:00,180.82687141264745,182.16373952566906,175.96824531148394,176.77635192871094,311636500
2026-03-02 00:00:00-05:00,174.6014235260267,183.03170868955394,174.23229218389588,182.05398559570312,209095300
2026-03-03 00:00:00-05:00,178.07331350693755,180.4776756968921,176.50697142699124,179.62966918945312,178099400
2026-03-04 00:00:00-05:00,180.01874995283958,184.26879914121506,179.6396322236537,182.6126708984375,177731200
2026-03-05 00:00:00-05:00,180.74703993972415,183.63029235671348,177.46472744924466,182.91197204589844,198779700
2026-03-06 00:00:00-05:00,179.4201653790109,182.33334690173646,176.40722643712078,177.40489196777344,189021900
2026-03-09 00:00:00-04:00,176.4171968477281,182.4830050745951,175.1501573668019,182.22360229492188,177213600
2026-03-10 00:00:00-04:00,181.97417604353973,186.00475307627937,181.5850871183009,184.33865356445312,179118500
2026-03-11 00:00:00-04:00,185.4860219488843,187.1921136401388,184.02934488988058,185.60574340820312,145280400
2026-03-12 00:00:00-04:00,183.63026415055788,184.5182338343672,181.3355064165816,182.7223358154297,155762700
2026-03-13 00:00:00-04:00,184.49829181300376,185.66562182453413,179.52965286608148,179.8389434814453,160988400
2026-03-16 00:00:00-04:00,182.55272468439094,188.44925014875608,180.99628481489137,182.80215454101562,217307400
2026-03-17 00:00:00-04:00,184.63797319169822,184.9771941770484,181.2656763194747,181.51510620117188,182497800
2026-03-18 00:00:00-04:00,182.06384475172882,182.96180140975886,179.91875397930713,179.98858642578125,156683100
2026-03-19 00:00:00-04:00,177.6040222894031,179.56953069628346,175.3890840362079,178.15277099609375,170968500
2026-03-20 00:00:00-04:00,177.59406866914642,177.85347025510498,171.32839150930033,172.30615234375,241323500
2026-03-23 00:00:00-04:00,176.85574153065542,177.96321071223454,174.36144294367455,175.23944091796875,182836300
2026-03-24 00:00:00-04:00,174.4312942297872,175.81812366395545,173.58322660302642,174.80044555664062,147667800
2026-03-25 00:00:00-04:00,176.69612335614488,180.8067226806179,176.44669348987364,178.2725067138672,162602100
2026-03-26 00:00:00-04:00,175.66847416549638,176.10745794358192,170.74970926821888,170.8494873046875,186152200
2026-03-27 00:00:00-04:00,169.61230999497113,170.58009909933227,166.629123297364,167.13796997070312,196212700
2026-03-30 00:00:00-04:00,168.3950875250076,169.0635577295173,163.89537828689438,164.79331970214844,185627000
2026-03-31 00:00:00-04:00,166.58921042239905,174.22175778800025,166.57923870897636,174.00225830078125,226181300
2026-04-01 00:00:00-04:00,175.5986119754623,176.9654826629128,174.35146274268203,175.34918212890625,168132000
2026-04-02 00:00:00-04:00,171.78733317216196,177.0852364118599,170.97918282725632,176.98545837402344,143143200
2026-04-06 00:00:00-04:00,176.75597747742694,177.3845303646084,175.35916114415525,177.23487854003906,107564300
2026-04-07 00:00:00-04:00,175.32922705160684,177.8235255680002,173.26395579650787,177.69383239746094,132534900
2026-04-08 00:00:00-04:00,184.079243714486,184.83750503722598,179.8888249511496,181.66476440429688,147732700
2026-04-09 00:00:00-04:00,181.42531387192042,183.66021107746678,180.2080948395415,183.4906005859375,116428500
2026-04-10 00:00:00-04:00,183.88967366981893,189.56669990817062,183.87970195572368,188.1998291015625,160459500
2026-04-13 00:00:00-04:00,185.605746824658,189.2274732756209,185.3164148846483,188.87826538085938,133648200
2026-04-14 00:00:00-04:00,190.40477641072036,196.0618438720703,190.33494396561244,196.0618438720703,161307000
2026-04-15 00:00:00-04:00,196.09178511161633,199.94298301571828,195.2936216855987,198.41647338867188,185338400
2026-04-16 00:00:00-04:00,196.97974400923295,199.39423847906178,195.36344336942167,197.8976593017578,134012900
2026-04-17 00:00:00-04:00,199.44410763257105,201.2400056483541,198.8155547450397,201.2200469970703,160324400
2026-04-20 00:00:00-04:00,199.52392392325544,201.70893187328167,197.38880498867078,201.59918212890625,119381400
2026-04-21 00:00:00-04:00,201.66904795828867,202.28762917830338,198.54618104306965,199.42417907714844,107945300
2026-04-22 00:00:00-04:00,200.53164182940822,202.03819274902344,198.54617460274403,202.03819274902344,107501000
2026-04-23 00:00:00-04:00,201.99828375930824,203.3651545152774,196.77022843278436,199.18470764160156,113561800
2026-04-24 00:00:00-04:00,199.50398270942756,210.46890943516505,199.35431566144254,207.79502868652344,214134400
2026-04-27 00:00:00-04:00,209.17187844164343,216.33551207209098,206.90706623150768,216.1160125732422,187172400
2026-04-28 00:00:00-04:00,209.01225288404052,214.2402930542568,207.72518626919629,212.68385314941406,180275400
2026-04-29 00:00:00-04:00,212.2149257168926,212.23488436877426,207.10660696252424,208.77279663085938,123711800
2026-04-30 00:00:00-04:00,209.45122654333912,209.82039307402036,198.24684193288383,199.1148681640625,225239200
2026-05-01 00:00:00-04:00,200.82098460367052,202.5370634031337,196.6704677294345,197.9974365234375,128647000
2026-05-04 00:00:00-04:00,199.04502180842945,201.2699318245734,194.29588290907526,198.02734375,125368100
2026-05-05 00:00:00-04:00,198.84548202478717,199.7833407086998,195.58293528206713,196.05186462402344,113406600
2026-05-06 00:00:00-04:00,199.43413852494058,207.7950323152332,198.15705885791613,207.3560333251953,188362800
2026-05-07 00:00:00-04:00,207.86487247229027,213.7115092245668,206.02907228582575,211.01766967773438,168307900
2026-05-08 00:00:00-04:00,212.5441790763045,217.30330524675068,212.40449895841255,214.709228515625,136421400
2026-05-11 00:00:00-04:00,213.55186573785767,221.79303819063418,213.40221390900197,218.93955993652344,160685800
2026-05-12 00:00:00-04:00,218.05159434962442,223.23973257586303,214.42986778297353,220.27650451660156,159176600
2026-05-13 00:00:00-04:00,224.41703053540263,227.32039781394542,221.0647077692387,225.3149871826172,150405400
2026-05-14 00:00:00-04:00,229.32582552778115,236.00055597235212,228.77707677625682,235.202392578125,180782900
2026-05-15 00:00:00-04:00,229.23601388526635,230.97205119780003,223.72861351776262,224.80615234375,180977600
2026-05-18 00:00:00-04:00,229.34577348371204,229.4754818886306,217.8719993892805,221.81300354003906,146280900
2026-05-19 00:00:00-04:00,219.11914008419038,223.96805720569674,217.41304835521052,220.1068878173828,140948200
2026-05-20 00:00:00-04:00,222.6710257508039,225.61431038954527,219.9971448577806,222.9603729248047,184201600
2026-05-21 00:00:00-04:00,221.78305837384474,226.8814055684356,217.43300079554024,219.0093994140625,203381800
2026-05-22 00:00:00-04:00,220.39621757095847,220.50596731800164,214.3101381389001,214.83892822265625,169275700
2026-05-26 00:00:00-04:00,216.04617181279934,217.68243116855118,211.5165320236786,214.37001037597656,187202600
2026-05-27 00:00:00-04:00,213.63168066177133,213.66161102691768,208.30386252985457,212.1151580810547,167601200
2026-05-28 00:00:00-04:00,210.79817024571656,215.0285063161196,210.73830951283205,213.7613983154297,143996000
2026-05-29 00:00:00-04:00,214.09065053210412,217.36316924965476,210.64852132770383,210.6584930419922,289410600
2026-06-01 00:00:00-04:00,215.23801892090273,224.35717434911126,215.20808855445495,223.8483428955078,212850700
2026-06-02 00:00:00-04:00,226.66188583823322,231.75026086454594,220.84519513709748,222.3118438720703,193362900
2026-06-03 00:00:00-04:00,221.2143597561905,222.31185725112735,214.02079575535723,214.26025390625,160907000
2026-06-04 00:00:00-04:00,213.67091279390368,221.35231998810906,210.73419644348996,218.4156036376953,169022200
2026-06-05 00:00:00-04:00,214.2902104723603,214.62982678346356,204.10161444712602,204.87075805664062,219655500
2026-06-08 00:00:00-04:00,209.94507132882276,210.23475572682116,205.76975069388217,208.40679931640625,138372800
2026-06-09 00:00:00-04:00,210.3845825512031,211.16370951624515,199.11719156565087,207.95730590820312,180962500
2026-06-10 00:00:00-04:00,204.20149632565034,206.98838641050182,199.696542748819,200.19598388671875,161746600
2026-06-11 00:00:00-04:00,201.26479475008583,205.43013200106668,199.31696212361035,204.64100646972656,158643200
2026-06-12 00:00:00-04:00,204.6310298517525,206.83856645475237,203.21261880599855,204.96066284179688,112001800
2026-06-15 00:00:00-04:00,208.68648640498938,212.47225882321928,208.10713284720606,212.21253967285156,149936700
2026-06-16 00:00:00-04:00,210.94395209283806,211.25361840198772,207.05830064217733,207.1781768798828,125694100
2026-06-17 00:00:00-04:00,208.29691745433288,208.9761653200819,202.8530121596522,204.42124938964844,128363500
2026-06-18 00:00:00-04:00,207.09826842291386,211.1537281092123,206.26919428756833,210.4545135498047,241272000
2026-06-22 00:00:00-04:00,211.2036686200953,213.7508214450341,207.48782537372824,208.41677856445312,122041400
2026-06-23 00:00:00-04:00,201.94403040148535,203.54224815949766,199.77645766483005,199.81640625,153496200
2026-06-24 00:00:00-04:00,199.89631590195674,201.44458647582786,196.36027935647695,198.77757263183594,151810700
2026-06-25 00:00:00-04:00,199.85637045714446,200.5755669254449,191.9152592982058,195.52122497558594,149550000
2026-06-26 00:00:00-04:00,192.90414096411192,195.33143282930595,191.0062707295152,192.31480407714844,179304100
2026-06-29 00:00:00-04:00,193.63333194293918,195.96071419295149,189.58785574691487,194.7520751953125,148835700
2026-06-30 00:00:00-04:00,197.0195429632178,200.4057532237791,194.89191886651452,199.86634826660156,166476700
2026-07-01 00:00:00-04:00,195.98069896251877,199.62662840490702,193.23377271109229,197.35916137695312,146147600
2026-07-02 00:00:00-04:00,196.9196593659626,199.8363939026278,192.1350197738411,194.61224365234375,142068700
2026-07-06 00:00:00-04:00,194.20269428466304,197.32920075051607,193.77318221313826,195.33143615722656,108999000
2026-07-07 00:00:00-04:00,192.15498377986222,198.18824142626735,190.92636281467173,196.7098846435547,124154600
2026-07-08 00:00:00-04:00,194.9618356993413,204.93069180759116,194.84197470333905,203.891845703125,147419100
2026-07-09 00:00:00-04:00,204.23147485952867,204.36131918975943,198.73762239526957,202.5533447265625,132037400
2026-07-10 00:00:00-04:00,201.7742207048944,210.7641612313501,201.69430829342895,210.72421264648438,148421000
2026-07-13 00:00:00-04:00,208.3069001369788,210.33464515051216,202.77309911383117,203.30250549316406,121411000
2026-07-14 00:00:00-04:00,207.96729575339148,212.31243993744155,203.57221964678251,211.5632781982422,124379600
2026-07-15 00:00:00-04:00,211.7230919717581,213.57101502024952,205.80969553973085,212.26248168945312,124797200
2026-07-16 00:00:00-04:00,209.93509060438328,210.84407715298516,205.61992700554663,207.16818237304688,122986100
2026-07-17 00:00:00-04:00,202.41350482950477,206.41901728963356,197.74872640584337,202.58331298828125,144281900
2026-07-20 00:00:00-04:00,205.63989694335598,207.50781723343968,202.05391309694542,203.05279541015625,88701500
2026-07-21 00:00:00-04:00,207.30802440628602,208.4167843613107,203.78197113093626,207.0583038330078,108685600
2026-07-22 00:00:00-04:00,205.57996827489498,214.15038042761168,204.72092886821054,211.82298278808594,137645600
2026-07-23 00:00:00-04:00,209.22588688656515,210.63429930291466,205.72979894313582,208.5266571044922,110505300
2026-07-24 00:00:00-04:00,207.21812923496972,211.6731509810223,204.5810805834776,206.6088104248047,114836800
2026-07-27 00:00:00-04:00,207.96729627325774,208.51668459839084,195.22156333884286,196.2903594970703,154353700
2026-07-28 00:00:00-04:00,194.78204700134697,198.47790843456414,192.52457850774027,196.789794921875,134111500
2026-07-29 00:00:00-04:00,195.63110696844683,196.84974460884015,189.79762268066406,189.79762268066406,147680800
2026-07-30 00:00:00-04:00,193.23377181769484,197.02952748682713,191.3059363552755,194.82199096679688,129010200
2026-07-31 00:00:00-04:00,198.2182038580375,201.77422236802423,194.73209918257555,200.52561950683594,139961200
2026-08-03 00:00:00-04:00,197.46904862701152,208.50670133078404,196.62999113475112,206.40904235839844,128406900
2026-08-04 00:00:00-04:00,211.06382570110384,212.82185300096492,208.8163406042335,211.70310974121094,134922000
2026-08-05 00:00:00-04:00,216.6176127852948,221.9716224388697,216.15812022814887,218.9749755859375,158187400
2026-08-06 00:00:00-04:00,221.28239358061882,223.38005249670454,216.75745800384053,218.7452392578125,113940600
2026-08-07 00:00:00-04:00,221.29237770419127,224.50877992471257,220.41337164588714,223.70968627929688,105669400
2026-08-10 00:00:00-04:00,223.15029107269072,223.88946943306019,216.5277120448001,217.3068389892578,115846600
2026-08-11 00:00:00-04:00,221.92167541427946,221.9516406634887,215.95834695389817,217.25689697265625,101273100
2026-08-12 00:00:00-04:00,220.7929293559802,224.84840415873398,219.95387191061064,223.8395233154297,108783600
2026-08-13 00:00:00-04:00,224.80845001468583,226.97602279610956,223.45996804263754,225.04818725585938,98867200
2026-08-14 00:00:00-04:00,226.51654155338588,227.23573802273873,224.24907448357243,224.90834045410156,75680900
2026-08-17 00:00:00-04:00,225.72741618855906,227.66525027466162,224.60867289832842,224.7584991455078,93678700
2026-08-18 00:00:00-04:00,220.20359791537197,221.39227027986857,218.44557057093272,219.49440002441406,103128200
2026-08-19 00:00:00-04:00,221.4222404106533,222.62089613745684,216.51772459764655,217.31683349609375,96797300
2026-08-20 00:00:00-04:00,218.1159423024499,219.6142657707553,215.41896310784705,216.60763549804688,92457000
2026-08-21 00:00:00-04:00,218.17587248780362,218.49552214328025,214.26025565862156,214.48001098632812,98869300
2026-08-24 00:00:00-04:00,215.28910206110334,215.34903256074918,207.01835779182306,208.24697875976562,135187300
2026-08-25 00:00:00-04:00,210.79412790131315,214.48998931653267,209.87515802586688,212.81187438964844,122309000
2026-08-26 00:00:00-04:00,212.40232405945306,213.3612577394914,208.99613188036045,209.4256591796875,179900000
2026-08-27 00:00:00-04:00,222.61090164325523,230.21239627098788,220.6530857022795,227.7251739501953,298909800
2026-08-28 00:00:00-04:00,227.10587153371227,229.00374173344596,216.56766062888835,217.3068389892578,195116400
2026-08-31 00:00:00-04:00,218.62536478578363,221.05265670783686,215.96834944345454,220.53323364257812,124702700
2026-09-01 00:00:00-04:00,216.50774446342592,220.1636574397174,214.8595947199138,217.1969757080078,109756200
2026-09-02 00:00:00-04:00,218.5454508199983,227.6952163087265,218.23579974693772,224.1591796875,157104700
2026-09-03 00:00:00-04:00,225.76737972053164,230.14247379152744,224.49879494304554,228.1946563720703,134681600
2026-09-04 00:00:00-04:00,230.83170360414334,234.49759976142684,229.37334400327853,230.10252380371094,135352400
2026-09-08 00:00:00-04:00,232.84944771666764,233.44878317831424,224.59868561283858,225.47769165039062,122965600
2026-09-09 00:00:00-04:00,225.0281992525124,225.92718720955042,223.21024142511232,223.4199981689453,82955500
2026-09-10 00:00:00-04:00,220.52999877929688,220.99000549316406,217.1999969482422,218.36000061035156,105768000
2026-09-11 00:00:00-04:00,221.24000549316406,222.0,218.14999389648438,218.2899932861328,89060100
2026-09-14 00:00:00-04:00,211.24000549316406,212.77000427246094,208.92999267578125,210.9600067138672,132267200
2026-09-15 00:00:00-04:00,213.3800048828125,213.94000244140625,211.16000366210938,212.1699981689453,88059700
2026-09-16 00:00:00-04:00,214.13999938964844,216.75999450683594,212.5,213.89999389648438,96563600
2026-09-17 00:00:00-04:00,218.3800048828125,219.91000366210938,217.14999389648438,219.33999633789062,94191300
2026-09-18 00:00:00-04:00,219.35000610351562,222.72999572753906,218.02999877929688,222.27000427246094,189683500
