Date,Open,High,Low,Close,Volume
2021-09-20 00:00:00-04:00,45.133639862969666,45.46093797376744,44.44547378349797,45.058109283447266,27555100
2021-09-21 00:00:00-04:00,45.62877923395699,45.746270522694374,44.68884572266041,45.016143798828125,19696800
2021-09-22 00:00:00-04:00,45.679136418212615,46.921192280965876,45.62878163407752,46.33373260498047,25690600
2021-09-23 00:00:00-04:00,46.50997116699232,48.0373676583026,46.392479867983326,47.90309143066406,23069400
2021-09-24 00:00:00-04:00,47.58418492135552,48.52411852928168,47.56739999246783,48.33109664916992,22328600
2021-09-27 00:00:00-04:00,49.38851384947625,50.18578023951839,49.363338060772996,49.76616668701172,32972200
2021-09-28 00:00:00-04:00,50.26971348099527,50.756463620546384,49.94241216480652,50.286495208740234,37619300
2021-09-29 00:00:00-04:00,50.21935601630668,50.513084257152805,49.55636575679947,50.252925872802734,23422800
2021-09-30 00:00:00-04:00,50.45432917674437,50.49628988882118,49.35494379390521,49.36333465576172,31289600
2021-10-01 00:00:00-04:00,49.85848387006236,51.18446427758025,49.85848387006236,51.13410949707031,24407300
2021-10-04 00:00:00-04:00,51.46141551077581,52.090835958022474,51.15090231985887,51.7971076965332,33946700
2021-10-05 00:00:00-04:00,52.468494063452034,52.61955524186509,51.20965304427535,51.71318817138672,29641600
2021-10-06 00:00:00-04:00,50.74806568964964,51.29356140453768,50.14382113024387,50.76485061645508,25284900
2021-10-07 00:00:00-04:00,50.86555576417691,51.2599935312147,50.471117997139125,50.90751647949219,19513600
2021-10-08 00:00:00-04:00,51.4026658801282,52.38456016516751,51.4026658801282,52.18314743041992,22186900
2021-10-11 00:00:00-04:00,52.89647269699279,52.921651681996536,51.61245651068608,51.662811279296875,22121500
2021-10-12 00:00:00-04:00,51.671222814658336,52.015305867681114,51.06697815514594,51.39427947998047,20198600
2021-10-13 00:00:00-04:00,51.008229325801516,51.520158441408704,50.529870067276256,51.25160598754883,14991700
2021-10-14 00:00:00-04:00,51.788708766955686,52.21671642366639,51.33552531916705,52.03208541870117,18594500
2021-10-15 00:00:00-04:00,52.64471677879461,52.93005412724597,52.40134014600429,52.527225494384766,16092600
2021-10-18 00:00:00-04:00,52.94684552470851,52.98880624549778,52.25867945929148,52.50205612182617,18282800
2021-10-19 00:00:00-04:00,52.76221007090538,53.3832395710711,52.594364000477015,53.290924072265625,18933200
2021-10-20 00:00:00-04:00,52.778998413208676,53.60144068998742,52.63633132502152,53.58465576171875,14305200
2021-10-21 00:00:00-04:00,53.26574818759692,53.40841526629929,52.32581147542626,52.611148834228516,16564600
2021-10-22 00:00:00-04:00,52.67829096039673,53.05594383517209,52.325813876807175,52.97201919555664,14266800
2021-10-25 00:00:00-04:00,53.47555781909608,54.0630142937007,53.358066524175165,54.004268646240234,17939800
2021-10-26 00:00:00-04:00,54.12175580648416,55.33863898633657,54.01265858461941,55.25471115112305,25585100
2021-10-27 00:00:00-04:00,54.6840544331007,54.759581817437734,53.693762752685345,53.819644927978516,21764500
2021-10-28 00:00:00-04:00,53.5594797741163,54.104978735961,53.400027758243674,53.970699310302734,16626400
2021-10-29 00:00:00-04:00,54.591729949141,54.85188832284896,53.98748536252042,54.104976654052734,23966300
2021-11-01 00:00:00-04:00,54.60851079360714,55.456132014086336,54.566546874682345,55.07847595214844,19656400
2021-11-02 00:00:00-04:00,54.574941464959956,54.927415337262694,54.264431511986416,54.398704528808594,16300000
2021-11-03 00:00:00-04:00,53.74410993658107,54.088189754519455,53.425202708460596,53.65179443359375,17372800
2021-11-04 00:00:00-04:00,54.28121498926425,54.45745193110138,53.56787315722005,54.05462646484375,17720100
2021-11-05 00:00:00-04:00,54.591725770612584,54.826708335691315,54.18049987893012,54.56654357910156,18565100
2021-11-08 00:00:00-05:00,55.0113436901245,55.70789737681594,54.868670204748724,55.15401077270508,17696000
2021-11-09 00:00:00-05:00,55.19596896596743,55.69951039761399,54.8099252304216,55.69111633300781,18781300
2021-11-10 00:00:00-05:00,55.555036621596464,55.835705082942,54.23675332734274,54.59396743774414,20177200
2021-11-11 00:00:00-05:00,54.59396930538557,55.13829249754974,54.44937838805736,54.69602584838867,13319300
2021-11-12 00:00:00-05:00,54.39834044367973,54.74705087385226,54.07515063356429,54.27927017211914,18158900
2021-11-15 00:00:00-05:00,54.22824280551775,55.08725214766152,53.76897218649392,54.74705505371094,18849200
2021-11-16 00:00:00-05:00,54.72154058699115,55.59756702009921,54.72154058699115,55.29988479614258,17028700
2021-11-17 00:00:00-05:00,54.75556099475524,55.48699650088415,54.58546243052055,54.69602584838867,15497000
2021-11-18 00:00:00-05:00,54.568458301997985,54.883141312780175,53.675424566392785,54.100677490234375,16948200
2021-11-19 00:00:00-05:00,52.63780350982153,52.756873802865385,51.37905531355169,51.60018539428711,32035500
2021-11-22 00:00:00-05:00,51.30249758642294,53.19062105862432,51.30249758642294,52.314598083496094,21994400
2021-11-23 00:00:00-05:00,52.89294735426168,53.90505119530778,52.66331043010219,53.69242477416992,21185900
2021-11-24 00:00:00-05:00,53.22465896739929,54.30479856853635,53.22465896739929,53.9901123046875,15869700
2021-11-26 00:00:00-05:00,51.47260655562526,52.23805975685162,50.63911133948713,52.093475341796875,24979600
2021-11-29 00:00:00-05:00,53.21613982549438,53.700927800693364,52.127493599703214,52.38264465332031,18946400
2021-11-30 00:00:00-05:00,51.42157687787152,52.04244568618014,50.74117292660331,50.894264221191406,34979800
2021-12-01 00:00:00-05:00,51.795803733586034,52.756872937051604,50.817720780625244,50.851741790771484,30630600
2021-12-02 00:00:00-05:00,50.80921173041561,52.37414234156645,50.298906365923216,52.118988037109375,29216000
2021-12-03 00:00:00-05:00,52.663312328927496,52.92697026863669,51.32801861559021,51.78729248046875,22014700
2021-12-06 00:00:00-05:00,52.49321579339919,52.867437154446186,52.238061473516915,52.3741455078125,19210500
2021-12-07 00:00:00-05:00,53.02053368382806,53.60738153977405,52.81641085665165,52.96099853515625,19800400
2021-12-08 00:00:00-05:00,53.2501631205001,53.743454746111304,53.0205261890456,53.11408233642578,18214400
2021-12-09 00:00:00-05:00,52.773883437936405,53.38624864283175,52.569763865919356,53.25016784667969,16910300
2021-12-10 00:00:00-05:00,53.81149967739707,53.8795384509116,52.9269729107543,53.59036636352539,17942400
2021-12-13 00:00:00-05:00,53.13109286607886,53.343719294075754,52.17852413266907,52.41666793823242,17793700
2021-12-14 00:00:00-05:00,52.101978417662245,53.13109279352242,52.067960654989776,52.34012222290039,22551100
2021-12-15 00:00:00-05:00,52.042443062996135,52.30610100025757,51.0388460688033,52.1104850769043,19961900
2021-12-16 00:00:00-05:00,52.255068891718714,53.1140814631572,52.13599861316409,52.195533752441406,21187800
2021-12-17 00:00:00-05:00,51.83832558115651,52.11899078868631,50.766686530241465,51.05585861206055,44338100
2021-12-20 00:00:00-05:00,50.00123176264358,50.392463612875545,49.295310461883346,50.31591796875,21819300
2021-12-21 00:00:00-05:00,50.817725157934774,51.60869586764554,50.79221102033842,51.455604553222656,19798900
2021-12-22 00:00:00-05:00,51.319518732383074,52.19553864479254,51.00483250321826,51.87234878540039,14058300
2021-12-23 00:00:00-05:00,52.0254353971162,52.5952759392013,51.880850976308054,51.89786148071289,13543300
2021-12-27 00:00:00-05:00,51.82131359961617,52.68882982034123,51.38755386704272,52.63779830932617,12593700
2021-12-28 00:00:00-05:00,52.654805613454364,52.99500917737215,52.22104915165975,52.46769332885742,12781000
2021-12-29 00:00:00-05:00,52.289099540513824,52.391159334606165,51.81281509404564,52.0084342956543,12733600
2021-12-30 00:00:00-05:00,52.067957684579625,52.391147500272275,51.68522948765766,51.702239990234375,11940300
2021-12-31 00:00:00-05:00,51.65972114111483,52.28058995479548,51.625700132151565,52.04244613647461,14072000
2022-01-03 00:00:00-05:00,52.08496770944046,54.09215832875846,52.059450333598626,54.04113006591797,24282400
2022-01-04 00:00:00-05:00,54.54293194904308,56.29497822372356,54.51741781450666,56.07384490966797,38584000
2022-01-05 00:00:00-05:00,56.55862146727601,57.50268318681464,56.5416142106473,56.77124786376953,34033300
2022-01-06 00:00:00-05:00,57.83437915522546,58.24262468670603,57.04340871016647,58.10654067993164,30668500
2022-01-07 00:00:00-05:00,58.27666113884986,58.83799814485569,57.81739366519332,58.58284378051758,23985400
2022-01-10 00:00:00-05:00,58.659395270205884,58.829493861363396,57.791875584304755,58.2341423034668,22760300
2022-01-11 00:00:00-05:00,58.59133899676223,60.72611018778324,58.327684297899445,60.6835823059082,32936100
2022-01-12 00:00:00-05:00,60.504974365234375,61.074811621132476,60.079721519547405,60.504974365234375,23045100
2022-01-13 00:00:00-05:00,60.48797289859638,60.879204775430054,59.79905881020214,60.07122039794922,21043200
2022-01-14 00:00:00-05:00,60.0882251228796,61.363983590504034,60.045697245088206,61.1258430480957,23012900
2022-01-18 00:00:00-05:00,61.93382352336055,62.83535747013705,61.244915997151594,62.15495681762695,32841200
2022-01-19 00:00:00-05:00,62.724800314087695,62.81835646756199,61.7041959892605,62.180477142333984,26431600
2022-01-20 00:00:00-05:00,61.6616722088332,63.25212043489333,61.45755262805283,62.316558837890625,26774600
2022-01-21 00:00:00-05:00,62.240013172544835,62.240013172544835,60.4199313244236,61.38100051879883,35995200
2022-01-24 00:00:00-05:00,60.28385209823066,62.15496885490191,59.373811101511734,61.908321380615234,41507000
2022-01-25 00:00:00-05:00,61.73819941406237,63.992040589239316,60.717595272659885,63.72838592529297,39278400
2022-01-26 00:00:00-05:00,64.15364351771777,64.63843149437182,62.50366042682629,63.08200454711914,35252400
2022-01-27 00:00:00-05:00,64.17916058922252,64.64694132884077,62.92891614773708,63.889991760253906,29174700
2022-01-28 00:00:00-05:00,63.76242254200042,64.31525262431595,62.89490296942051,64.02607727050781,30595700
2022-01-31 00:00:00-05:00,63.76240948924591,64.99564008370459,63.167051642148884,64.60440826416016,36085500
2022-02-01 00:00:00-05:00,65.02116420248586,69.3247278562079,64.86807290272746,68.74638366699219,61033100
2022-02-02 00:00:00-05:00,68.09147673051928,68.72935593493112,67.3175200033645,68.56776428222656,30299300
2022-02-03 00:00:00-05:00,68.11699925527404,68.30411154984289,67.20695840437936,67.76829528808594,28529400
2022-02-04 00:00:00-05:00,68.78038837995548,70.19222426423383,68.78038837995548,69.23966217041016,32197500
2022-02-07 00:00:00-05:00,69.0100412550457,70.66002461126217,68.5847883478843,70.07317352294922,34949200
2022-02-08 00:00:00-05:00,69.9711086495618,70.16672783680436,67.97242133622167,68.2615966796875,34356300
2022-02-09 00:00:00-05:00,68.43358564201618,68.82055352323782,67.6854403027712,67.93482208251953,40106100
2022-02-10 00:00:00-05:00,67.69402897912099,68.51956511779588,66.89428981965813,67.28125762939453,28527700
2022-02-11 00:00:00-05:00,67.60804168545991,69.06992747185933,67.27266781021794,68.97533416748047,42002100
2022-02-14 00:00:00-05:00,68.43356172059403,68.65713987743229,66.25792935527186,67.9176025390625,34652800
2022-02-15 00:00:00-05:00,66.12896632542841,67.23828265065593,65.71619486643081,67.06629180908203,25075100
2022-02-16 00:00:00-05:00,67.75422003048658,68.5625603211856,67.10926934597846,67.37584686279297,21733800
2022-02-17 00:00:00-05:00,67.48766582570516,68.03802340839802,67.03189500683087,67.2726821899414,23738800
2022-02-18 00:00:00-05:00,66.35255185017523,67.2210810065072,66.12036585175711,66.5245361328125,23394800
2022-02-22 00:00:00-05:00,68.51096036974153,68.61415484199327,64.76164650137144,65.75057220458984,35947800
2022-02-23 00:00:00-05:00,65.75057335522956,66.61910880307586,65.46679347215436,66.01715087890625,25385000
2022-02-24 00:00:00-05:00,67.93480863808469,67.96060561695695,63.66093418416679,65.18302154541016,46199900
2022-02-25 00:00:00-05:00,65.94837464386036,67.06628548517008,65.57860257031827,66.93729400634766,28310300
2022-02-28 00:00:00-05:00,65.79357921174733,67.87461877226501,65.5269951008798,67.43605041503906,32204600
2022-03-01 00:00:00-05:00,67.73703381857672,69.35371478535659,67.3586671214663,68.08100891113281,40002300
2022-03-02 00:00:00-05:00,69.31072158269767,70.6436227242183,68.63997370118192,69.25052642822266,44321400
2022-03-03 00:00:00-05:00,68.67436402540247,70.31683537320173,68.47657621998798,69.6890869140625,30196600
2022-03-04 00:00:00-05:00,69.69768716330523,72.47527165781868,69.36231326533957,72.31188201904297,42802200
2022-03-07 00:00:00-05:00,73.02563589799915,75.01208904705503,72.14850559795414,74.91749572753906,55207900
2022-03-08 00:00:00-05:00,76.57715909295689,78.69259687851991,73.46419427833658,75.48503875732422,72082300
2022-03-09 00:00:00-05:00,72.2602865449943,74.44452070716085,70.17064569164124,71.1939697265625,65466700
2022-03-10 00:00:00-05:00,72.24308922576124,73.67917806825805,71.2885615374481,73.40399932861328,44644200
2022-03-11 00:00:00-05:00,72.2946842137631,74.1521456532733,72.20869208655144,73.02562713623047,35303400
2022-03-14 00:00:00-04:00,71.42614553232171,71.76151940640466,69.22471567972009,70.41142272949219,37462600
2022-03-15 00:00:00-04:00,67.78002262377609,68.08099832266045,65.67318617080738,66.40412902832031,47957900
2022-03-16 00:00:00-04:00,66.9114868433835,67.60803809874547,65.56999141358409,66.15474700927734,37812300
2022-03-17 00:00:00-04:00,67.22965258983584,68.06378977102065,66.27512515165289,67.9176025390625,34041900
2022-03-18 00:00:00-04:00,67.98640535464514,68.27018525531147,67.1608691933434,67.65103149414062,41461500
2022-03-21 00:00:00-04:00,68.89794873670203,70.96178611538251,68.57116945514704,70.68660736083984,33089300
2022-03-22 00:00:00-04:00,70.19643636915683,70.68659867044849,69.474094687581,70.37702178955078,23132200
2022-03-23 00:00:00-04:00,71.66691352082046,72.46665259418381,71.4175383747665,71.486328125,27716300
2022-03-24 00:00:00-04:00,71.77012078616997,72.79344477242022,71.15956817881735,71.70132446289062,19871600
2022-03-25 00:00:00-04:00,71.30575395130684,73.51578494432127,71.1939648489038,73.26640319824219,22398300
2022-03-28 00:00:00-04:00,71.52074329425123,71.64113358677065,70.53181741074565,71.21116638183594,21552400
2022-03-29 00:00:00-04:00,69.49128466824345,70.93597447119829,68.58835764188272,70.8327865600586,27036300
2022-03-30 00:00:00-04:00,71.42616465154283,72.2431064451437,71.12518885843947,72.04531860351562,22079000
2022-03-31 00:00:00-04:00,71.26275977797714,72.57845824371815,70.9875810567815,71.02197265625,27861500
2022-04-01 00:00:00-04:00,70.50601504824878,72.35487520054745,70.50601504824878,71.47774505615234,18671100
2022-04-04 00:00:00-04:00,71.85612216462967,71.94212086019435,70.55762583957845,71.51215362548828,20869400
2022-04-05 00:00:00-04:00,71.80452639887521,73.15462321963247,70.9961859184086,71.14237976074219,21753100
2022-04-06 00:00:00-04:00,71.73572964745776,72.8364446845734,71.32296478892896,71.93351745605469,24768200
2022-04-07 00:00:00-04:00,72.08829215520468,73.47278686872008,71.12516340121809,73.13741302490234,26122000
2022-04-08 00:00:00-04:00,73.24062293407945,74.99489017667044,73.24062293407945,74.67671203613281,24866500
2022-04-11 00:00:00-04:00,73.76516514324031,73.89415660378654,71.80451593742787,72.1054916381836,21800100
2022-04-12 00:00:00-04:00,73.70499066573441,74.65951855628181,73.42121068513273,73.61039733886719,22444200
2022-04-13 00:00:00-04:00,74.47891754190165,74.90888473401019,73.25781229090032,74.6509017944336,19306800
2022-04-14 00:00:00-04:00,74.5305034682145,76.06978663726181,74.15213684129117,75.52803039550781,24566400
2022-04-18 00:00:00-04:00,76.10420981445968,76.4395837735254,75.45925888382867,76.14720916748047,19032300
2022-04-19 00:00:00-04:00,75.68281804329105,76.2417766390971,75.04646195045196,75.46783447265625,20382600
2022-04-20 00:00:00-04:00,75.64842509400972,76.10418924541592,75.07227065961993,75.63982391357422,20689400
2022-04-21 00:00:00-04:00,76.49116812001493,77.22211766467747,74.63371308521494,74.84009552001953,29010900
2022-04-22 00:00:00-04:00,74.52192784660863,75.77743144493999,73.09443340966911,73.20622253417969,23591600
2022-04-25 00:00:00-04:00,70.83279062448447,71.08217235867787,68.18419140695953,70.73819732666016,37698300
2022-04-26 00:00:00-04:00,71.14237316038185,72.85364071590031,70.66940663361059,70.76399993896484,28941500
2022-04-27 00:00:00-04:00,71.70994804883559,73.50721483157744,70.7554200876282,72.78486633300781,32773000
2022-04-28 00:00:00-04:00,72.99123466224253,75.79462284113916,72.29468984852578,74.98628234863281,33683800
2022-04-29 00:00:00-04:00,75.79462795897423,75.79462795897423,72.83645111497744,73.30941772460938,34656500
2022-05-02 00:00:00-04:00,73.10302864222942,74.84869450715689,72.77624935585895,74.30693817138672,36335200
2022-05-03 00:00:00-04:00,74.17792740651879,76.34495874694045,74.05753714098299,75.83760070800781,33908100
2022-05-04 00:00:00-04:00,76.96412691019827,79.01076837006403,76.45676877582994,78.8559799194336,46188400
2022-05-05 00:00:00-04:00,79.14837225154936,79.1569734335768,76.00961001105213,77.66068267822266,41013400
2022-05-06 00:00:00-04:00,78.2368214284753,78.95916305370358,76.83512439353639,78.84737396240234,29619300
2022-05-09 00:00:00-04:00,76.91250214980812,77.01569003505774,72.25165469634474,72.6300277709961,45851600
2022-05-10 00:00:00-04:00,73.64477971904323,74.71969769317776,71.82171647303073,73.11161804199219,34483200
2022-05-11 00:00:00-04:00,74.32413583727163,76.48257317461204,74.1951443557738,74.63371276855469,33020600
2022-05-12 00:00:00-04:00,74.668453587291,75.04201331933932,72.45316305089696,74.97251892089844,29491500
2022-05-13 00:00:00-04:00,75.89338069886144,77.27467873615826,75.01594850911715,77.19649505615234,25798400
2022-05-16 00:00:00-04:00,77.30075083523664,79.90697969292121,77.29206154987585,79.01216888427734,26101200
2022-05-17 00:00:00-04:00,79.68980038657737,80.31528979539969,79.15986661250506,80.0199203491211,23120700
2022-05-18 00:00:00-04:00,80.367395592426,80.7235766819475,78.03916470127643,78.75153350830078,25451200
2022-05-19 00:00:00-04:00,77.31811402772264,80.18496809792089,77.31811402772264,79.1772232055664,24387400
2022-05-20 00:00:00-04:00,79.86353848609335,81.30564831536982,78.53436285258502,79.80272674560547,28795000
2022-05-23 00:00:00-04:00,80.49773394319325,82.33077567522741,80.40217167775283,81.5662841796875,27239300
2022-05-24 00:00:00-04:00,80.63672288412013,82.34814760979889,80.20235139549031,82.00933837890625,24293300
2022-05-25 00:00:00-04:00,82.16571129471915,83.85975742680796,82.07014903824411,83.65995025634766,29947800
2022-05-26 00:00:00-04:00,83.92055649809357,84.64161464153864,83.5730580386517,83.95530700683594,24314800
2022-05-27 00:00:00-04:00,83.35587892893533,85.07599279395683,82.79120134411868,84.7806167602539,25588800
2022-05-31 00:00:00-04:00,85.62331015524978,86.68317770291227,83.14739386734013,83.39933013916016,44888100
2022-06-01 00:00:00-04:00,84.28544138208728,85.75361914584018,83.93794949091192,84.99781036376953,25815400
2022-06-02 00:00:00-04:00,84.52000821618826,85.2236879331499,84.08563671130169,84.85012817382812,19089100
2022-06-03 00:00:00-04:00,85.04991042577258,86.57889941149799,85.04991042577258,86.08370971679688,21038200
2022-06-06 00:00:00-04:00,86.16192266883253,86.6831670928048,85.71886192586402,85.86654663085938,20682100
2022-06-07 00:00:00-04:00,86.61366468876267,89.8540786299298,86.43122947467832,89.80195617675781,37810200
2022-06-08 00:00:00-04:00,89.90619299609256,91.71317966065114,89.4631389280183,90.86180877685547,31613200
2022-06-09 00:00:00-04:00,89.84539465541036,90.84445037747805,88.75078330620694,88.89846801757812,26607000
2022-06-10 00:00:00-04:00,88.55966066643467,89.78458481012417,86.69186195146412,87.27391815185547,30950500
2022-06-13 00:00:00-04:00,84.71980385981605,84.93698958268348,81.59233077612147,83.26900482177734,33421000
2022-06-14 00:00:00-04:00,84.62426396096885,85.71887543543008,82.76514773009387,83.4862060546875,31264000
2022-06-15 00:00:00-04:00,83.39062867676247,83.89450114682926,81.027646940708,82.43501281738281,29620800
2022-06-16 00:00:00-04:00,80.28054603468696,80.9060354445032,78.43011915153286,79.39442443847656,35696700
2022-06-17 00:00:00-04:00,79.02085157949487,79.3596607724994,74.41651829169842,74.8161392211914,64610200
2022-06-21 00:00:00-04:00,76.9532471265235,80.38477890597451,76.9011180458655,79.47260284423828,35951500
2022-06-22 00:00:00-04:00,76.04976890205772,77.97837957182082,76.04107961554985,76.32776641845703,29727200
2022-06-23 00:00:00-04:00,77.02274832732878,77.36155752647099,72.55740374492557,74.02558135986328,35757200
2022-06-24 00:00:00-04:00,75.53719995716418,76.79688126324803,74.54683348368198,75.49376678466797,26639000
2022-06-27 00:00:00-04:00,76.2843324506661,78.22163255516628,76.16270894218457,77.34420013427734,25478700
2022-06-28 00:00:00-04:00,79.15984746350466,81.00157798415297,78.49091178618939,79.4899673461914,33096900
2022-06-29 00:00:00-04:00,80.77573415418897,80.96685206347698,76.24089423522896,76.55364227294922,25400900
2022-06-30 00:00:00-04:00,74.83351084249477,76.10187464667477,73.55645775371582,74.39913940429688,39948100
2022-07-01 00:00:00-04:00,75.35475492813873,76.3451212728567,73.59120795689502,76.05844116210938,26327900
2022-07-05 00:00:00-04:00,75.00726094153973,75.32000892468857,72.11435203938677,73.67808532714844,34591100
2022-07-06 00:00:00-04:00,72.76591465134145,74.04296790629574,70.37687143038106,72.34891510009766,33375700
2022-07-07 00:00:00-04:00,74.17327419820171,75.37214376789605,74.10377979617691,74.65977478027344,23817400
2022-07-08 00:00:00-04:00,75.53719708542971,75.84126242125832,73.78233923730303,74.7813949584961,17673800
2022-07-11 00:00:00-04:00,73.99082919191372,74.816138901279,73.28714958298741,74.39913940429688,15603800
2022-07-12 00:00:00-04:00,72.78327937873037,73.8865865776026,71.98403749840207,73.40877532958984,21013000
2022-07-13 00:00:00-04:00,72.4357759524882,74.98119275073276,72.36628156222883,73.70413970947266,19928600
2022-07-14 00:00:00-04:00,71.10662312979711,72.37498729112657,70.09888455596692,72.22730255126953,26343000
2022-07-15 00:00:00-04:00,73.66939458376237,73.73888897284769,72.01878188231835,73.44351959228516,17243700
2022-07-18 00:00:00-04:00,75.21576662450008,76.39725757337979,74.49470838123119,74.79876708984375,19395800
2022-07-19 00:00:00-04:00,75.07675647570335,76.90111515866376,74.92907178001205,76.68392944335938,18248900
2022-07-20 00:00:00-04:00,76.08451659537751,77.88281441269308,75.79782980311391,77.52662658691406,16584400
2022-07-21 00:00:00-04:00,75.51981648930715,76.27562515761974,74.02557772141483,76.23218536376953,21375700
2022-07-22 00:00:00-04:00,76.05845677889025,76.85769879522711,75.2592081345699,75.650146484375,15479500
2022-07-25 00:00:00-04:00,76.58839017842769,78.29980841291889,75.94551555172225,78.16950225830078,17536400
2022-07-26 00:00:00-04:00,79.16853948277308,79.29885224566054,77.31811945931484,77.86542510986328,15141200
2022-07-27 00:00:00-04:00,78.43010219588382,79.9243409347054,77.6656108860601,79.55078125,18047000
2022-07-28 00:00:00-04:00,80.08072571644692,81.01028041154588,79.06429805159699,80.4803466796875,20353100
2022-07-29 00:00:00-04:00,82.05276711889955,84.71980764990712,81.74870841887899,84.2072525024414,29825800
2022-08-01 00:00:00-04:00,82.34814271969495,82.8346366371162,80.99290587660288,82.0788345336914,20793200
2022-08-02 00:00:00-04:00,82.26127163290597,82.70432576297722,81.50546288422372,81.72264862060547,16722500
2022-08-03 00:00:00-04:00,82.02668649000226,82.02668649000226,78.87315278485528,79.07295989990234,23580800
2022-08-04 00:00:00-04:00,78.45617858184922,78.48223981149575,75.08545811190632,75.7457046508789,31821500
2022-08-05 00:00:00-04:00,75.02462471116755,77.91753967060113,74.95512370018255,76.84029388427734,17408000
2022-08-08 00:00:00-04:00,76.9793040758529,77.83935763712843,76.64049489632066,77.27467346191406,14458500
2022-08-09 00:00:00-04:00,78.23030177501268,79.5855385950151,78.14342218153978,78.69941711425781,19083400
2022-08-10 00:00:00-04:00,78.77758897591752,79.7418939114161,77.48316419766428,79.44651794433594,18302000
2022-08-11 00:00:00-04:00,80.56056266783294,82.71844085749075,80.20969447696406,81.74476623535156,18797900
2022-08-12 00:00:00-04:00,81.12196757542428,82.47282485147637,80.79740713293381,82.45528411865234,15058200
2022-08-15 00:00:00-04:00,79.41145325693762,81.34126175177657,78.64830758684072,80.98161315917969,20755200
2022-08-16 00:00:00-04:00,80.7272360890253,81.48161480498128,80.07812185403374,80.22724151611328,14038200
2022-08-17 00:00:00-04:00,80.06056913335586,81.76230798831048,79.75355611632328,80.87635040283203,13678000
2022-08-18 00:00:00-04:00,81.7096874686685,83.60440134817028,81.65705188008337,82.78861999511719,17770400
2022-08-19 00:00:00-04:00,82.59562796875458,83.50789321100834,82.27984127244322,82.52545166015625,16128600
2022-08-22 00:00:00-04:00,81.94652353784002,82.88511010277257,80.57811870846838,82.46406555175781,16019900
2022-08-23 00:00:00-04:00,83.8149219579586,86.32366837659015,83.72719821652721,85.96401977539062,23764700
2022-08-24 00:00:00-04:00,85.97279900580912,86.81489477701837,85.40262811182035,86.47279357910156,17050300
2022-08-25 00:00:00-04:00,86.77103871405177,87.59559380649384,86.05174810970317,86.92015838623047,15305700
2022-08-26 00:00:00-04:00,86.63944330257806,87.63943901836052,85.45524647932756,85.84998321533203,15531400
2022-08-29 00:00:00-04:00,86.12190779154149,89.08678669650907,86.08681963562465,87.82364654541016,23059200
2022-08-30 00:00:00-04:00,86.27980459358528,86.50787426996467,84.05175679672341,84.48157501220703,17086800
2022-08-31 00:00:00-04:00,82.48160135593949,84.94648598263294,82.09563829692793,83.85000610351562,18340900
2022-09-01 00:00:00-04:00,82.82370231806136,83.39387319213141,80.95530301837358,82.34125518798828,16423000
2022-09-02 00:00:00-04:00,84.51666774388593,84.90263080289749,83.42896157766855,83.85000610351562,18206800
2022-09-06 00:00:00-04:00,84.35001082165037,84.72719349089013,82.9026559832222,83.28861236572266,19201500
2022-09-07 00:00:00-04:00,81.74476487500871,82.97281690737687,80.96407178626825,82.57808685302734,16274700
2022-09-08 00:00:00-04:00,83.03423642084348,83.70089140835452,82.20968136130107,83.25353240966797,18759200
2022-09-09 00:00:00-04:00,84.66579512955013,85.08684638621276,83.61317702646758,84.64825439453125,17158000
2022-09-12 00:00:00-04:00,85.65699061730488,87.00785433374843,84.98155541289282,85.62190246582031,16118900
2022-09-13 00:00:00-04:00,84.7447271729012,85.77103060933281,83.25351739478933,83.62193298339844,18229100
2022-09-14 00:00:00-04:00,84.37631693380779,86.45523838160796,84.34122877661356,85.67454528808594,22655700
2022-09-15 00:00:00-04:00,84.402626935675,84.68332548607127,82.4991396816634,83.18334197998047,21092300
2022-09-16 00:00:00-04:00,83.3938764985513,83.63071321653995,80.70092208367188,81.76231384277344,37874700
2022-09-19 00:00:00-04:00,79.83251922296361,82.00793183635166,79.82374550893057,81.75354766845703,15342100
2022-09-20 00:00:00-04:00,81.34126003097197,81.51669412116335,80.38512616999866,81.08687591552734,14712500
2022-09-21 00:00:00-04:00,82.0780931931039,82.35001804708357,79.70969945727303,79.77986907958984,17332400
2022-09-22 00:00:00-04:00,80.87633256186255,81.27984294367198,79.40266371280933,79.44652557373047,16139400
2022-09-23 00:00:00-04:00,76.75359297771843,76.75359297771843,74.4290542519168,75.21852111816406,27738800
2022-09-26 00:00:00-04:00,74.47290870365802,75.63079109464402,73.58695115913355,73.66590118408203,22043400
2022-09-27 00:00:00-04:00,75.09570819645427,76.27990502808001,74.39395845573749,75.2097396850586,17307300
2022-09-28 00:00:00-04:00,75.54307425795942,78.33251912016085,75.3676334755804,77.9465560913086,19543300
2022-09-29 00:00:00-04:00,77.35007383697948,78.3851510701063,76.42902809756646,77.78866577148438,17896000
2022-09-30 00:00:00-04:00,77.34130035690107,78.104452734491,76.58692169189453,76.58692169189453,21357600
2022-10-03 00:00:00-04:00,78.98163408783071,81.01670033746782,78.7009355255491,80.6307373046875,23881300
2022-10-04 00:00:00-04:00,81.7886232118106,83.64825544927096,81.32371682554098,83.56930541992188,22133700
2022-10-05 00:00:00-04:00,83.9903525916272,87.70961019544703,83.91140925845342,86.94646453857422,34857700
2022-10-06 00:00:00-04:00,86.37629613698623,89.63064746851626,86.25349093144787,89.52538299560547,29124700
2022-10-07 00:00:00-04:00,89.63943916428178,90.63065471994872,87.87629737050389,88.62190246582031,24507600
2022-10-10 00:00:00-04:00,89.0253822257149,89.49906228206477,86.59558603787828,86.70084381103516,16786100
2022-10-11 00:00:00-04:00,85.27981742346964,87.50786526971355,84.86753993131677,85.96401977539062,17804100
2022-10-12 00:00:00-04:00,85.52542057977043,86.76225295126704,85.28858389819729,86.34120178222656,12635800
2022-10-13 00:00:00-04:00,85.56929231271235,89.86748807838867,85.43771338894261,89.35872650146484,22019100
2022-10-14 00:00:00-04:00,88.70083873671217,89.68328042556894,86.87629461114662,87.00787353515625,15222000
2022-10-17 00:00:00-04:00,88.65696758716882,89.4464343562316,88.1569730821593,88.26223754882812,14283200
2022-10-18 00:00:00-04:00,89.06925736402438,89.7797742082249,87.04296462026302,88.4201431274414,14065400
2022-10-19 00:00:00-04:00,88.8148674948616,91.21834944258403,88.79732676197978,91.04291534423828,20921700
2022-10-20 00:00:00-04:00,91.50781924577502,92.10430453330503,90.70958541985819,91.16571807861328,17649000
2022-10-21 00:00:00-04:00,91.62186336872443,93.33237613273295,91.1481899122608,92.85869598388672,22814100
2022-10-24 00:00:00-04:00,92.68324140941536,94.45514970041111,92.209561365118,93.5077896118164,17024200
2022-10-25 00:00:00-04:00,93.34114141816596,94.14814899486578,92.16571151959708,92.87622833251953,15719800
2022-10-26 00:00:00-04:00,93.2095564622064,94.58673481961647,92.9814867905514,93.98147583007812,17383800
2022-10-27 00:00:00-04:00,95.09551182302472,96.1218154015638,94.22709492513887,94.34113311767578,18214000
2022-10-28 00:00:00-04:00,96.01651933141781,97.55159068383313,94.84109647962504,97.1042251586914,28169400
2022-10-31 00:00:00-04:00,96.05165095391877,99.04285169825222,95.99902205386275,97.20075988769531,26401800
2022-11-01 00:00:00-04:00,98.56915318834056,98.74458728415475,97.06039587176413,98.1656494140625,22213100
2022-11-02 00:00:00-04:00,97.87616245950534,98.33229505566918,95.88495163938397,96.14810943603516,20654200
2022-11-03 00:00:00-04:00,95.24463846793195,98.08671269861539,95.00779504481844,97.45513916015625,17103700
2022-11-04 00:00:00-04:00,99.12176897070627,99.56036086880674,97.1919672960167,98.51651000976562,17541500
2022-11-07 00:00:00-05:00,98.6042266307439,99.99017184256024,98.35860956392429,99.68315887451172,16008000
2022-11-08 00:00:00-05:00,99.54281453982816,100.57789162883388,98.77088855945591,99.99894714355469,14661000
2022-11-09 00:00:00-05:00,99.20948350505569,99.36737685207751,95.23584207945117,95.52531433105469,19522800
2022-11-10 00:00:00-05:00,96.65690049855671,97.10425948948027,94.35867616629946,96.92882537841797,20146700
2022-11-11 00:00:00-05:00,98.75336337392552,100.43755482685927,98.67441334424134,99.9551010131836,20518900
2022-11-14 00:00:00-05:00,99.59256359838177,101.36989885956451,99.4687697738474,100.24691009521484,20858300
2022-11-15 00:00:00-05:00,100.62711896979613,101.27261426814957,99.80477056170068,100.91891479492188,19373800
2022-11-16 00:00:00-05:00,100.30879789699051,101.03387883751854,98.91168857984287,99.84014892578125,13591000
2022-11-17 00:00:00-05:00,98.40767451020544,100.09657976994977,97.93018116944464,99.97278594970703,12425900
2022-11-18 00:00:00-05:00,98.06280669009965,99.45991590558116,96.92212942527661,99.10621643066406,15415000
2022-11-21 00:00:00-05:00,97.25816177348715,98.32809803122915,95.03871040029254,98.12472534179688,20973000
2022-11-22 00:00:00-05:00,99.22118533477907,101.21958202531918,98.53147493398622,100.96315002441406,17719100
2022-11-23 00:00:00-05:00,99.31843677136028,100.75975425347335,99.1239017162731,100.45911407470703,11546700
2022-11-25 00:00:00-05:00,100.69785811011185,101.34336018448249,99.97277719238058,100.10541534423828,7136000
2022-11-28 00:00:00-05:00,97.85060542887716,98.5579977461375,96.93098934480702,97.09899139404297,23015500
2022-11-29 00:00:00-05:00,97.80638085376464,98.8586350022037,97.08129992067184,97.7444839477539,14453200
2022-11-30 00:00:00-05:00,98.62874218279812,98.9470710970224,97.0724682406192,98.45188903808594,23158100
2022-12-01 00:00:00-05:00,98.71716635770703,99.09739218977415,97.42616874670784,97.97440338134766,14398300
2022-12-02 00:00:00-05:00,96.83371157819955,98.77904867803807,96.55959092825144,97.14319610595703,15248400
2022-12-05 00:00:00-05:00,97.88596427068104,98.46956947997444,93.67696097285233,94.48162078857422,19287700
2022-12-06 00:00:00-05:00,93.64159493944356,94.64963421742775,91.20991994064254,91.85541534423828,21197000
2022-12-07 00:00:00-05:00,91.76698804946629,92.71313037325531,90.52020552291117,91.65203857421875,20061700
2022-12-08 00:00:00-05:00,93.97758241760906,94.43739371732678,91.70507243541455,92.3328857421875,21128800
2022-12-09 00:00:00-05:00,92.4832173580671,93.68579156648288,91.3425468001827,91.55476379394531,21298200
2022-12-12 00:00:00-05:00,91.81120341238704,93.94223136269619,91.598979654664,93.8095932006836,20413200
2022-12-13 00:00:00-05:00,95.32165718943831,95.97599689903265,94.63194010789844,94.83531951904297,24305300
2022-12-14 00:00:00-05:00,95.48967438779424,95.76379509383288,93.5089662585975,94.13677978515625,17597300
2022-12-15 00:00:00-05:00,93.13756523453151,93.88032809750517,91.69624098250064,93.23483276367188,15365100
2022-12-16 00:00:00-05:00,91.68739956530335,93.35862268360542,91.19221759770008,92.58048248291016,54596600
2022-12-19 00:00:00-05:00,93.07568698566936,93.90687320185168,92.29754659657351,92.99610137939453,13611100
2022-12-20 00:00:00-05:00,92.99608454735976,95.06522223464236,92.90766135903722,94.34014129638672,14680000
2022-12-21 00:00:00-05:00,95.75493122080103,96.02020078209098,94.75573638872103,95.55155181884766,13565400
2022-12-22 00:00:00-05:00,95.40123652615874,95.6665128470525,92.04994562040243,93.6239013671875,13213000
2022-12-23 00:00:00-05:00,94.57004493607245,96.15284504684715,94.52583671284285,96.09979248046875,11539400
2022-12-27 00:00:00-05:00,96.6214942727681,97.68259282669379,96.23243087462683,97.43500518798828,11962100
2022-12-28 00:00:00-05:00,97.18740414952076,97.26698298830819,95.41006920778264,95.83450317382812,10702100
2022-12-29 00:00:00-05:00,95.4896646408233,97.01941224383268,95.4896646408233,96.55960083007812,10534000
2022-12-30 00:00:00-05:00,96.03789542310918,97.70911872402773,96.03789542310918,97.53227233886719,11799600
2023-01-03 00:00:00-05:00,97.07246414188529,97.28468116032171,93.27905036276509,94.18098449707031,15146200
2023-01-04 00:00:00-05:00,92.6689206436573,94.75574032792433,92.63355001809687,94.45509338378906,18058400
2023-01-05 00:00:00-05:00,94.03065646725477,97.22278303231462,94.00413018356431,96.56844329833984,15946600
2023-01-06 00:00:00-05:00,97.33774135244778,99.02664666425846,96.97519747751936,97.73564910888672,16348100
2023-01-09 00:00:00-05:00,98.71715697595984,98.71715697595984,95.33049543850468,95.91410064697266,17964600
2023-01-10 00:00:00-05:00,97.08129569504956,97.5587889833158,95.50734008535152,97.34656524658203,15104600
2023-01-11 00:00:00-05:00,98.14239125688299,98.54914331558233,96.46232371268536,98.47840881347656,16710400
2023-01-12 00:00:00-05:00,98.8763280655401,100.57407774677766,98.80558680892415,100.11427307128906,15357300
2023-01-13 00:00:00-05:00,100.01700516527804,100.35301601359217,99.17697467136394,100.05237579345703,12011400
2023-01-17 00:00:00-05:00,100.28226696325957,100.87470972027816,99.6279205562102,99.85782623291016,16542200
2023-01-18 00:00:00-05:00,100.14963281276874,100.91008437308099,97.62069050684785,97.80638122558594,16399700
2023-01-19 00:00:00-05:00,97.32888973548522,99.15043307873616,96.89561138365754,98.43419647216797,12928000
2023-01-20 00:00:00-05:00,98.46956352784129,100.30879549011219,97.80637950987159,100.22920989990234,16515600
2023-01-23 00:00:00-05:00,100.48564541512701,101.32567583574678,99.60140002657697,99.70751190185547,16584400
2023-01-24 00:00:00-05:00,96.52422786485161,100.82165415816263,92.73081441652907,100.6359634399414,13583000
2023-01-25 00:00:00-05:00,100.12310402915618,100.49448545735245,98.4960890757978,100.10541534423828,11914700
2023-01-26 00:00:00-05:00,101.44063162396921,104.14642034266333,101.10461406013977,104.12873840332031,21019700
2023-01-27 00:00:00-05:00,103.41248556637876,104.04914326442632,102.03306505144657,102.22760009765625,15179200
2023-01-30 00:00:00-05:00,101.76780379790432,102.12150332088453,100.05237224277478,100.41490936279297,18672100
2023-01-31 00:00:00-05:00,99.12389647749923,102.92615395436948,97.64720845011836,102.581298828125,27861800
2023-02-01 00:00:00-05:00,102.42214396030714,103.79272025122926,100.2203681073223,101.45831298828125,19464900
2023-02-02 00:00:00-05:00,101.5555796917687,101.7501147531378,97.11667088976105,98.28387451171875,24562100
2023-02-03 00:00:00-05:00,98.94707025607352,100.90125195129541,98.64642328574682,98.96475219726562,20226600
2023-02-06 00:00:00-05:00,99.35380215018348,99.99929743934703,97.54994093403444,98.7967300415039,13855200
2023-02-07 00:00:00-05:00,99.38033768573094,101.96233257537793,99.05316446658634,101.61747741699219,16013300
2023-02-08 00:00:00-05:00,101.73243217314736,102.42214248001505,100.6713336849798,100.73323059082031,18459700
2023-02-09 00:00:00-05:00,101.35222204873364,102.78469544692459,100.96315186835693,101.11347198486328,17439300
2023-02-10 00:00:00-05:00,103.02343708903398,105.7822785170671,102.71395253733247,105.37552642822266,24918600
2023-02-13 00:00:00-05:00,104.89434398895699,105.3042259266136,103.27263423641654,104.96562957763672,14536200
2023-02-14 00:00:00-05:00,104.26170756075997,104.97454310689795,103.37956363009289,103.7359848022461,12079000
2023-02-15 00:00:00-05:00,103.11226728081274,103.44195130270685,101.70440719276137,103.42413330078125,13663400
2023-02-16 00:00:00-05:00,102.7469240567879,104.056768016417,102.29249366937398,103.12117004394531,11360600
2023-02-17 00:00:00-05:00,101.74894799574247,101.74894799574247,98.88867982051423,99.15599060058594,20758300
2023-02-21 00:00:00-05:00,98.73719739066384,100.1361448970851,98.73719739066384,99.05797576904297,14469400
2023-02-22 00:00:00-05:00,98.44317436346567,98.8797868152679,96.80363937181912,97.77488708496094,13973800
2023-02-23 00:00:00-05:00,98.66594486077418,99.6460982564597,97.9263719138358,98.67485046386719,11289400
2023-02-24 00:00:00-05:00,97.4184650287913,98.87087358792131,97.14223499989723,98.68375396728516,14351000
2023-02-27 00:00:00-05:00,98.72830134708089,99.13818335953881,97.97981612568489,98.50553894042969,11710500
2023-02-28 00:00:00-05:00,99.12035538623199,99.22728378534165,97.32043818931743,97.93526458740234,18107000
2023-03-01 00:00:00-05:00,97.40062697684047,99.67280611490085,97.33825377844742,98.80848693847656,13200000
2023-03-02 00:00:00-05:00,98.56791418825986,99.53024263835877,98.16693776906345,99.26293182373047,10339900
2023-03-03 00:00:00-05:00,98.06001038721163,101.01829476278668,97.97089998941442,100.51930236816406,13006700
2023-03-06 00:00:00-05:00,99.78865209256972,101.43709264643438,99.68173048144159,101.41036224365234,14347400
2023-03-07 00:00:00-05:00,100.51929948582668,100.8400778738256,99.0579787396843,99.45004272460938,11525300
2023-03-08 00:00:00-05:00,99.11144685233094,100.17179121990932,97.18677651431959,97.99763488769531,13509800
2023-03-09 00:00:00-05:00,98.7906654776065,100.00249340236701,97.15113078015524,97.240234375,12961200
2023-03-10 00:00:00-05:00,97.6233824131807,98.94213868286252,95.47595662312314,96.03731536865234,15795700
2023-03-13 00:00:00-04:00,93.86315529616243,96.10860394431197,92.41965939194907,94.93241882324219,20745600
2023-03-14 00:00:00-04:00,94.76312606423632,97.13332132498321,93.52456763188694,95.28884887695312,18263500
2023-03-15 00:00:00-04:00,91.61771870434096,92.84736469297809,89.30099112662504,90.5484619140625,25733800
2023-03-16 00:00:00-04:00,88.31192207896954,90.6019191669989,87.34067452744245,90.02273559570312,27465200
2023-03-17 00:00:00-04:00,89.63957898391531,90.53954088886348,88.33864752035572,88.9623794555664,43199500
2023-03-20 00:00:00-04:00,88.7752802483575,91.31477736292204,88.65944623328328,91.28804016113281,32042100
2023-03-21 00:00:00-04:00,92.82064513210845,95.59181022847245,92.78500232851445,95.37796020507812,31592300
2023-03-22 00:00:00-04:00,95.16410329101637,95.50269970338768,93.16814722329414,93.19487762451172,14952700
2023-03-23 00:00:00-04:00,93.88097643346251,94.7542011417865,91.27911350923645,92.1434326171875,14385900
2023-03-24 00:00:00-04:00,90.41479121118914,92.5354865118913,89.9158056811811,92.25035095214844,13401600
2023-03-27 00:00:00-04:00,93.32853877510178,94.87897006639193,92.5889727295353,94.27305603027344,14805900
2023-03-28 00:00:00-04:00,93.95227794354756,95.921496868355,93.72951552945392,95.4492416381836,11047600
2023-03-29 00:00:00-04:00,96.28681440297478,97.26697436895958,95.77891641976845,97.08876037597656,14219100
2023-03-30 00:00:00-04:00,97.6144645960897,97.63228259291553,96.69667800262471,97.56099700927734,11578200
2023-03-31 00:00:00-04:00,97.73031189573958,98.16692425825963,97.16895314392808,97.71249389648438,14418000
2023-04-03 00:00:00-04:00,101.036103454132,104.11913394475476,100.79552307748536,103.47757720947266,28087700
2023-04-04 00:00:00-04:00,103.59343953749692,103.98549678089468,101.73114213822127,102.48853302001953,16365500
2023-04-05 00:00:00-04:00,102.78256055966354,104.25279362425464,101.85586824500108,104.24388122558594,16479500
2023-04-06 00:00:00-04:00,104.12805638319499,104.41319198212729,102.26575919159893,102.5152587890625,15778000
2023-04-10 00:00:00-04:00,102.2746562419771,103.5221268494026,101.73111552587146,102.06080627441406,13006600
2023-04-11 00:00:00-04:00,102.43505348189714,103.53995299915736,101.91824312127746,102.78256225585938,11758500
2023-04-12 00:00:00-04:00,103.50432028468168,103.88746506972828,102.40832633329018,102.67564392089844,10919000
2023-04-13 00:00:00-04:00,102.11429567273116,103.26375061740988,101.69550122023156,103.15682220458984,12399700
2023-04-14 00:00:00-04:00,103.27264461309936,103.94984417726504,102.57762704905738,103.40630340576172,11530800
2023-04-17 00:00:00-04:00,102.90732206735247,103.81619651637644,101.9538992147767,102.2033920288086,13260400
2023-04-18 00:00:00-04:00,101.92714672942425,104.43990592345298,101.84695554150369,104.19932556152344,17436100
2023-04-19 00:00:00-04:00,103.43303179577927,104.16369214355153,103.15680181679706,103.86964416503906,10682600
2023-04-20 00:00:00-04:00,102.58653267274705,103.07661264656195,100.89354395920891,103.04096984863281,17038700
2023-04-21 00:00:00-04:00,103.79837416798013,104.14588299547066,102.702386880716,103.37067413330078,14315300
2023-04-24 00:00:00-04:00,103.29046763817986,105.9368860286054,103.2548248385246,105.32205963134766,15831300
2023-04-25 00:00:00-04:00,104.74287522960606,104.91217001796988,103.03205496117032,103.82508850097656,12179800
2023-04-26 00:00:00-04:00,103.38848398346079,104.33299438389295,102.18556838329042,102.87167358398438,15566100
2023-04-27 00:00:00-04:00,103.02315679280434,104.26171518806339,102.36377519672466,104.10132598876953,16279200
2023-04-28 00:00:00-04:00,104.47556704699743,106.85466788038768,104.10132784137473,105.44680786132812,24381900
2023-05-01 00:00:00-04:00,103.35282842628082,104.52010788076197,101.98061139610422,102.17664337158203,17355000
2023-05-02 00:00:00-04:00,101.52617910377789,101.52617910377789,97.382797695725,98.10454559326172,24324100
2023-05-03 00:00:00-04:00,97.19569074727107,97.84615313991577,96.01950556235205,96.17098236083984,16212300
2023-05-04 00:00:00-04:00,96.14425312821218,96.90164392801576,94.37106632901671,94.48690032958984,17177200
2023-05-05 00:00:00-04:00,96.72344516412792,97.50756643259967,95.81457068655182,96.83927917480469,14968200
2023-05-08 00:00:00-04:00,98.46097037842664,98.87976473380651,97.16003891590364,97.222412109375,11187800
2023-05-09 00:00:00-04:00,96.53631073546877,98.22040073962117,96.42047673440813,97.24915313720703,11370800
2023-05-10 00:00:00-04:00,97.78378537222035,98.02437258145902,95.08390605674359,96.0016860961914,14884800
2023-05-11 00:00:00-04:00,94.88786926395719,95.18191726123521,93.49783407416122,94.2641372680664,17165900
2023-05-12 00:00:00-04:00,94.727489005848,95.3512278587774,93.36418408746603,94.25523376464844,12613300
2023-05-15 00:00:00-04:00,94.83044839751818,95.20793502324865,93.99458123645246,94.43498229980469,13715600
2023-05-16 00:00:00-04:00,94.0395190741558,94.2013000411469,91.693698481365,92.1430892944336,14795200
2023-05-17 00:00:00-04:00,92.9250310123881,94.57879275658259,92.43968811541232,94.21028900146484,14064700
2023-05-18 00:00:00-04:00,93.9676248306723,95.18996843079383,93.5901313238996,95.06413269042969,12005600
2023-05-19 00:00:00-04:00,95.7831596053234,96.21457781194741,95.10907337177073,95.5045394897461,13359600
2023-05-22 00:00:00-04:00,95.12704365539558,96.20558571693434,94.26421412046034,94.34510803222656,12882000
2023-05-23 00:00:00-04:00,95.26186731748098,97.26615345945062,95.04616163660836,95.63037109375,14394400
2023-05-24 00:00:00-04:00,96.51116208950495,97.52678964767736,95.92695955732621,96.69990539550781,16340300
2023-05-25 00:00:00-04:00,95.21692110753476,95.65732215399697,94.11141676639673,94.96526336669922,14316500
2023-05-26 00:00:00-04:00,95.6932804662803,96.12469180516813,94.21927915362097,94.34510803222656,12370300
2023-05-30 00:00:00-04:00,92.83515299165971,93.58114337104149,92.22398122473334,93.50923919677734,11938000
2023-05-31 00:00:00-04:00,91.93636804761347,92.61045422826227,91.44203543894065,91.8375015258789,24926100
2023-06-01 00:00:00-04:00,91.45103229339037,94.89336763624567,91.01063120775618,92.8980712890625,13551900
2023-06-02 00:00:00-04:00,94.51587766757163,95.38769007173461,93.94964086308077,95.05514526367188,14112000
2023-06-05 00:00:00-04:00,96.3403919230926,96.3403919230926,94.45294527279351,94.63270568847656,10628000
2023-06-06 00:00:00-04:00,93.6081069291888,95.51351957164312,93.45531569977682,95.40567016601562,12209800
2023-06-07 00:00:00-04:00,95.98089116962579,97.8683312227487,95.92696646607246,97.54476928710938,16027100
2023-06-08 00:00:00-04:00,97.76046195420554,98.09301358192033,95.18096340569245,97.23917388916016,13517100
2023-06-09 00:00:00-04:00,97.48185291186412,97.61667152523046,96.31344092939476,96.52015686035156,12251600
2023-06-12 00:00:00-04:00,95.10007339564658,96.22355033059999,94.87537800865589,95.64833068847656,14112000
2023-06-13 00:00:00-04:00,96.51117088697404,97.37400044613507,95.52251244567452,95.66632080078125,13533800
2023-06-14 00:00:00-04:00,96.57407281338719,97.16727191559242,93.82380352138556,94.515869140625,16627700
2023-06-15 00:00:00-04:00,94.82144993945623,96.19658456181193,94.7675252427862,95.1719741821289,16224100
2023-06-16 00:00:00-04:00,95.59441124223663,95.96290813142538,94.3361156345211,94.48890686035156,43128900
2023-06-20 00:00:00-04:00,94.08444876681249,94.1653358112984,91.78357029487414,92.32283782958984,17514100
2023-06-21 00:00:00-04:00,92.12511207761695,94.03951437709155,91.97232085452352,93.3564453125,13285700
2023-06-22 00:00:00-04:00,92.4306859464206,93.37440926201596,92.25992212469889,92.84413146972656,12455300
2023-06-23 00:00:00-04:00,92.20598108931627,92.41270382970949,91.3341688860837,92.03521728515625,17933600
2023-06-26 00:00:00-04:00,91.85547541328523,94.2911795474207,91.85547541328523,93.73393249511719,14283400
2023-06-27 00:00:00-04:00,93.51823004087315,94.02154555236666,92.8171746192306,93.96762084960938,13227500
2023-06-28 00:00:00-04:00,93.75190712536171,95.1090692703944,92.75425899415244,94.73158264160156,13084100
2023-06-29 00:00:00-04:00,94.96526706757078,95.9269631044756,94.48890705995747,95.89999389648438,11364400
2023-06-30 00:00:00-04:00,96.4572396931843,96.96055518787752,95.9988591635691,96.39432525634766,13544700
2023-07-03 00:00:00-04:00,96.61003119821329,97.48185043774107,96.23254457609592,96.58306884765625,7397000
2023-07-05 00:00:00-04:00,96.73586211570444,96.99650960519409,95.36072735097176,96.0887451171875,12491200
2023-07-06 00:00:00-04:00,94.4529560708433,95.01919287352983,92.06220055479191,92.50260162353516,17961400
2023-07-07 00:00:00-04:00,91.60380590421694,93.47327301013772,91.2802440259938,92.71829986572266,21929200
2023-07-10 00:00:00-04:00,92.54753942557862,94.147369524166,92.34980638289314,94.09344482421875,14877600
2023-07-11 00:00:00-04:00,94.60574715280292,95.41465191307681,94.20129134408648,95.24388122558594,12576500
2023-07-12 00:00:00-04:00,96.1696231735287,96.75383253620154,95.3876807782135,95.71124267578125,13238200
2023-07-13 00:00:00-04:00,95.24387597420039,95.47756108254144,92.86210364472208,93.9586181640625,26826800
2023-07-14 00:00:00-04:00,93.51821822797928,93.51821822797928,90.35450349409624,90.72300720214844,28181900
2023-07-17 00:00:00-04:00,90.52529215238391,91.37913200783677,90.0759013111645,91.11848449707031,18051300
2023-07-18 00:00:00-04:00,90.70502471923828,91.85546390892551,90.18372981854924,90.70502471923828,24617800
2023-07-19 00:00:00-04:00,90.82187753475763,92.03523124466238,90.59718214932495,91.33418273925781,15556500
2023-07-20 00:00:00-04:00,92.16106596332232,93.16770382255038,91.9992850012528,92.94300842285156,15740200
2023-07-21 00:00:00-04:00,93.61709503878014,93.81482123138156,92.80819022483087,93.37442016601562,17121500
2023-07-24 00:00:00-04:00,93.7968260320237,95.4146352703852,93.43731210603694,94.83940887451172,15090900
2023-07-25 00:00:00-04:00,94.42599116868446,95.35173510450932,93.95862776142235,94.98323822021484,14116100
2023-07-26 00:00:00-04:00,94.47092136403585,95.01917861223208,94.04849297373791,94.45294189453125,15159600
2023-07-27 00:00:00-04:00,95.27084481324918,96.1606366325382,94.13837813414375,94.74954986572266,17677900
2023-07-28 00:00:00-04:00,94.47093573534497,94.51587755878472,91.96333421634755,93.61709594726562,17566400
2023-07-31 00:00:00-04:00,94.54284712897858,96.94259256925328,94.54284712897858,96.38534545898438,24197000
2023-08-01 00:00:00-04:00,96.12467188622344,96.45722348628951,94.84840389217233,95.82807922363281,14177400
2023-08-02 00:00:00-04:00,95.50452484735288,95.612374239604,93.98558190633503,94.63270568847656,13484100
2023-08-03 00:00:00-04:00,95.1719767672266,96.96055011267151,94.64169894981106,96.27748107910156,16280400
2023-08-04 00:00:00-04:00,97.03243903084872,98.18287812463294,96.46620921795247,96.5470962524414,14279600
2023-08-07 00:00:00-04:00,96.9785393786995,97.44590280977704,95.72923345989413,96.3493881225586,12410800
2023-08-08 00:00:00-04:00,95.30680153306629,96.8437172437271,94.22825950051103,96.82574462890625,14065600
2023-08-09 00:00:00-04:00,97.7065418120592,99.24345744496048,97.34702781939689,98.47050476074219,19919600
2023-08-10 00:00:00-04:00,99.0367379795382,100.3309787067306,98.36265183888175,98.97382354736328,15837200
2023-08-11 00:00:00-04:00,99.19851442011243,100.72644019330964,98.91090462078736,100.51073455810547,14047000
2023-08-14 00:00:00-04:00,100.37592337718681,100.64556058397295,99.56701861398736,100.59162902832031,12973400
2023-08-15 00:00:00-04:00,100.3560250030543,100.45570196921948,97.83693130550508,98.00910186767578,14909600
2023-08-16 00:00:00-04:00,98.11783306694896,99.06929248063209,96.3055346891675,96.35990142822266,13695100
2023-08-17 00:00:00-04:00,97.3385635937557,99.81235441389808,97.3385635937557,98.22659301757812,16709500
2023-08-18 00:00:00-04:00,97.53789475325127,99.85763438400706,97.5197748119851,99.71265411376953,16224000
2023-08-21 00:00:00-04:00,100.0026398309279,100.56445489995404,97.99098722789802,98.50749206542969,11092400
2023-08-22 00:00:00-04:00,98.92430654066841,99.42269136619707,97.81880341012833,97.95472717285156,10518800
2023-08-23 00:00:00-04:00,96.9942179864499,97.22981873068366,95.79810123526576,97.0938949584961,11435600
2023-08-24 00:00:00-04:00,96.43240295022245,97.65570307311815,96.11525209071175,96.36897277832031,10818500
2023-08-25 00:00:00-04:00,97.34762552969683,98.70684956283229,96.61364676408238,98.09066772460938,13579300
2023-08-28 00:00:00-04:00,98.27188823202248,99.71266920535982,98.2628317167034,98.9152603149414,10382100
2023-08-29 00:00:00-04:00,99.36833271234048,99.69454009070303,98.24470263487376,99.5042495727539,9665000
2023-08-30 00:00:00-04:00,100.07512258958113,100.70942428153225,99.65829477581755,100.47382354736328,11922100
2023-08-31 00:00:00-04:00,100.69132293188528,100.96316360147344,100.23824823586713,100.75475311279297,17479800
2023-09-01 00:00:00-04:00,101.6699340925392,103.13789823651958,101.6699340925392,102.86605072021484,14843500
2023-09-05 00:00:00-04:00,103.39163452807253,104.95927587079336,102.84794632664105,102.87512969970703,18304000
2023-09-06 00:00:00-04:00,102.82981288933806,103.83563212765162,102.60327559235301,103.76314544677734,13325500
2023-09-07 00:00:00-04:00,103.8900231018436,104.9773995433248,103.02917708174775,103.2557144165039,13248500
2023-09-08 00:00:00-04:00,103.78126777877344,105.15861844765047,103.5909772745279,104.7599105834961,14283200
2023-09-11 00:00:00-04:00,105.27643307223735,105.72950775288679,102.91138268617763,103.44601440429688,14383600
2023-09-12 00:00:00-04:00,104.51524824348492,106.62657759594177,104.45181807429981,106.46347045898438,20145800
2023-09-13 00:00:00-04:00,106.39099752272537,106.8893755126159,105.02271008107485,105.51203155517578,13472800
2023-09-14 00:00:00-04:00,106.51785342155534,107.52367970179121,106.31849946859032,107.39681243896484,15210700
2023-09-15 00:00:00-04:00,106.83500292751211,107.38775454879507,105.56639253582382,105.74761962890625,34568400
2023-09-18 00:00:00-04:00,106.49972640501394,107.14309158011397,105.74762082481244,106.59940338134766,14045300
2023-09-19 00:00:00-04:00,107.48743010515331,107.68677713956437,105.66606811622428,106.31849670410156,12562900
2023-09-20 00:00:00-04:00,105.60264465597915,106.94374180442486,105.4032906955254,105.47578430175781,11879900
2023-09-21 00:00:00-04:00,106.00134518372306,106.35474284774455,103.84470548563571,103.98969268798828,14400600
2023-09-22 00:00:00-04:00,104.85052574397312,105.72949159625674,104.03499006075278,104.15279388427734,13197300
2023-09-25 00:00:00-04:00,104.28871505033207,105.70231259750297,104.05312122027877,105.32173156738281,11316000
2023-09-26 00:00:00-04:00,104.66022609511072,105.77479258372037,104.54242919524519,105.48482513427734,11805400
2023-09-27 00:00:00-04:00,106.82593351207629,109.1909835851224,106.38192231954845,108.91913604736328,23976200
2023-09-28 00:00:00-04:00,108.71978267518638,109.3722042836583,107.09777479821068,108.25764465332031,16808100
2023-09-29 00:00:00-04:00,107.92239566559748,107.99488927916316,105.77482594234328,106.54505157470703,18813600
2023-10-02 00:00:00-04:00,106.49972302753714,106.73532377443335,103.79940206350716,104.77803802490234,14395000
2023-10-03 00:00:00-04:00,104.60586901700265,105.5120182443478,104.23434451537355,104.95926666259766,13297100
2023-10-04 00:00:00-04:00,103.34632015240278,103.38256003703262,100.12948769197335,101.03563690185547,19622200
2023-10-05 00:00:00-04:00,99.49519319466137,100.49195601483106,98.49842346112135,98.7612075805664,20128800
2023-10-06 00:00:00-04:00,95.80714948027142,98.10876216084506,95.24533453717117,97.11199951171875,25367500
2023-10-09 00:00:00-04:00,100.07511544605892,101.5521360880958,99.24145296466997,100.51006317138672,22369900
2023-10-10 00:00:00-04:00,100.60068753956887,100.99033199688212,99.78515873840313,100.08418273925781,13892000
2023-10-11 00:00:00-04:00,96.92172561593802,97.11201613406698,94.99163014916977,96.49583435058594,57939000
2023-10-12 00:00:00-04:00,97.49258959366225,97.71912689478707,96.13336578691329,96.47770690917969,31183000
2023-10-13 00:00:00-04:00,97.89129098772655,99.85763297235471,97.71912043796958,99.55860900878906,30276500
2023-10-16 00:00:00-04:00,100.1295036847999,100.29261084516517,98.88807658016576,99.63111877441406,18452000
2023-10-17 00:00:00-04:00,99.431754784849,101.30748335282293,99.38644455948882,100.93595886230469,19775400
2023-10-18 00:00:00-04:00,101.32560979607649,102.74826385520615,101.21686939625702,102.34955596923828,23380300
2023-10-19 00:00:00-04:00,102.14115373338979,103.27384039754932,100.88160671591405,102.41299438476562,20972500
2023-10-20 00:00:00-04:00,102.322363351405,102.68482440467974,100.39226809426864,100.6550521850586,22445300
2023-10-23 00:00:00-04:00,100.24728830509692,100.5463192146175,98.48030004587544,99.17803192138672,18185000
2023-10-24 00:00:00-04:00,99.40457503328956,99.51331543765295,97.97286439937595,98.21752166748047,16786100
2023-10-25 00:00:00-04:00,98.33532012997792,99.22334949611849,97.9819224519655,98.39875030517578,22047300
2023-10-26 00:00:00-04:00,97.36573181169958,98.17220407178561,96.50489281019605,97.50165557861328,18768300
2023-10-27 00:00:00-04:00,98.67059347135456,99.54955936951963,95.10942656321,95.64405822753906,23092000
2023-10-30 00:00:00-04:00,95.81621674945691,96.4323984966361,95.33595876818211,95.94307708740234,19379900
2023-10-31 00:00:00-04:00,95.67125152703707,96.1968198174579,94.72885535870797,95.91590881347656,22185200
2023-11-01 00:00:00-04:00,96.5320811270923,97.11201610982731,95.56250167970373,95.7256088256836,28984900
2023-11-02 00:00:00-04:00,95.94306929238459,98.94242767307307,95.59873510499001,98.86993408203125,25212700
2023-11-03 00:00:00-04:00,98.22657942434475,98.57091364822372,96.5411412775712,97.66476440429688,30555600
2023-11-06 00:00:00-05:00,98.01816786194084,98.10878140902652,95.84340816503212,95.93402862548828,19097300
2023-11-07 00:00:00-05:00,94.66541030371444,95.0188079471324,93.59615394549937,94.4298095703125,20272500
2023-11-08 00:00:00-05:00,93.99485003038404,95.05504282771211,93.23368118458531,93.26992797851562,19184100
2023-11-09 00:00:00-05:00,93.940499595573,94.21234716053966,93.20652084888209,93.29713439941406,18380500
2023-11-10 00:00:00-05:00,94.17607708670513,94.61103170050016,93.25180803827313,94.01296997070312,17825500
2023-11-13 00:00:00-05:00,94.2848348022277,95.27253419327847,94.06735399866307,95.00068664550781,15308400
2023-11-14 00:00:00-05:00,95.3756166445155,95.85111999096245,94.98240913671593,95.36647033691406,18260500
2023-11-15 00:00:00-05:00,95.0647088351384,96.15288925647015,94.64406936404443,94.7903823852539,20137600
2023-11-16 00:00:00-05:00,94.09540036254214,94.43373698224751,92.49513847534445,93.69304656982422,22469100
2023-11-17 00:00:00-05:00,94.24170504369981,96.40891933719091,93.95823231739153,95.97913360595703,22984900
2023-11-20 00:00:00-05:00,96.36319516844986,96.82041284580811,95.49448437210447,95.5584945678711,17458800
2023-11-21 00:00:00-05:00,95.29331801592275,95.7413894358396,94.38802886808577,95.52192687988281,14989000
2023-11-22 00:00:00-05:00,93.80279248058336,95.2110239459818,93.21755433607869,95.11043548583984,18072000
2023-11-24 00:00:00-05:00,95.11957053929352,96.44550610126133,95.01898906026435,95.62251281738281,9480800
2023-11-27 00:00:00-05:00,95.1927176553086,95.46705104839516,94.3514388155055,95.064697265625,18013500
2023-11-28 00:00:00-05:00,95.32073130552365,95.93340824322046,94.99153404773023,95.00982666015625,20629500
2023-11-29 00:00:00-05:00,95.34815799566756,95.63163765995648,92.94319586158905,93.58329772949219,26802100
2023-11-30 00:00:00-05:00,94.28744030956062,95.5402193943017,93.09867142759676,93.9490966796875,29254700
2023-12-01 00:00:00-05:00,93.72962485290692,95.30245479596103,93.47358406712381,94.17769622802734,17845300
2023-12-04 00:00:00-05:00,93.391277877056,94.51603640428931,92.8974819609478,93.66561126708984,21523900
2023-12-05 00:00:00-05:00,93.51928980379098,93.58329999212891,91.70871191846798,91.84587860107422,22250300
2023-12-06 00:00:00-05:00,91.44354671466465,92.10194136726446,89.92558049043852,90.62969970703125,31154800
2023-12-07 00:00:00-05:00,91.31551503374453,92.21165777402229,89.69696054982894,89.99872589111328,29990700
2023-12-08 00:00:00-05:00,90.5473944415933,91.25151363916868,90.30049994183113,91.03205108642578,22074900
2023-12-11 00:00:00-05:00,91.26066036600298,91.31552426029339,90.14504800483947,91.09606170654297,22252300
2023-12-12 00:00:00-05:00,90.23648454523719,90.23648454523719,89.1391648681039,89.66039276123047,26084000
2023-12-13 00:00:00-05:00,89.6512396759615,90.55652868998308,89.30375676567742,90.45594024658203,19915400
2023-12-14 00:00:00-05:00,91.30637509749519,93.40043304203226,91.1875010047199,92.88835144042969,26165700
2023-12-15 00:00:00-05:00,91.98306078692104,92.35798267923312,91.72701997099523,92.26654052734375,55527000
2023-12-18 00:00:00-05:00,93.39128715630663,94.28743693974812,92.83348099064595,92.95236206054688,21610400
2023-12-19 00:00:00-05:00,93.27240717069762,94.36058748686396,93.08037658136028,94.17769622802734,18904700
2023-12-20 00:00:00-05:00,94.6440521571253,95.04640591571193,92.47683801644858,92.6048583984375,20988900
2023-12-21 00:00:00-05:00,92.7877651570058,93.28156113149817,92.18423441820777,93.02552032470703,19250900
2023-12-22 00:00:00-05:00,93.555877809248,94.13197654096658,93.10780644414646,93.19010925292969,12927800
2023-12-26 00:00:00-05:00,93.94908860240456,94.21427569870744,93.3821431341465,93.40042877197266,16835100
2023-12-27 00:00:00-05:00,93.30898500053137,93.77534898772069,92.66887606237994,92.96150207519531,14558800
2023-12-28 00:00:00-05:00,92.71461411291112,92.91579103770299,91.56242343784164,91.61729431152344,16329300
2023-12-29 00:00:00-05:00,91.78187641228985,91.98304632418036,91.09604991607047,91.42524719238281,17746400
2024-01-02 00:00:00-05:00,92.28482658747174,94.27829620473229,92.2208163831987,93.60161590576172,23483000
2024-01-03 00:00:00-05:00,93.51930555800644,94.75379893283741,92.96150638085913,94.38802337646484,23490800
2024-01-04 00:00:00-05:00,95.17443350929751,95.62250488021014,93.31813085321417,93.56502532958984,19395200
2024-01-05 00:00:00-05:00,94.3422913991945,94.5526145949659,93.39127781802296,93.84849548339844,15827400
2024-01-08 00:00:00-05:00,92.1110749565587,92.39454767972339,90.43765660836686,92.2848129272461,23370100
2024-01-09 00:00:00-05:00,92.62317269047301,92.62317269047301,90.70285953458252,91.14178466796875,19496600
2024-01-10 00:00:00-05:00,91.26065988488222,91.26065988488222,89.76098631841448,90.24563598632812,18206100
2024-01-11 00:00:00-05:00,90.5656689972607,90.98630837971514,90.12673700271539,90.22732543945312,15833400
2024-01-12 00:00:00-05:00,91.571549197511,92.03791314791354,90.68454585174861,91.3978042602539,18041700
2024-01-16 00:00:00-05:00,91.27893681018,91.452681760049,89.18487901111438,89.33119201660156,20235700
2024-01-17 00:00:00-05:00,88.33445589301563,89.57808856203434,88.31617025520136,88.68194580078125,18384000
2024-01-18 00:00:00-05:00,88.70022588681856,88.78252171671429,87.62119193201849,88.51734161376953,20940300
2024-01-19 00:00:00-05:00,88.44419425995042,88.71852069789213,88.16072151443409,88.65451049804688,20088400
2024-01-22 00:00:00-05:00,88.42590214011099,88.79167770267068,87.57547692220986,88.53563690185547,19955900
2024-01-23 00:00:00-05:00,88.52647947673806,90.0718773717668,88.45332995468338,89.53236389160156,15863400
2024-01-24 00:00:00-05:00,89.90729019734543,91.12349098008332,89.3769159794703,91.07776641845703,17330600
2024-01-25 00:00:00-05:00,91.72700904604254,93.43700568672294,91.09605338954229,93.39128112792969,22089500
2024-01-26 00:00:00-05:00,93.24497654960373,94.2600003766434,92.53171807148684,94.18684387207031,20817200
2024-01-29 00:00:00-05:00,94.16855012533885,94.36972003070963,93.14438007927208,94.30570983886719,18317500
2024-01-30 00:00:00-05:00,93.6473375495015,95.90598724502888,93.36385781662871,95.87855529785156,19610900
2024-01-31 00:00:00-05:00,95.77796024198057,95.90598063771411,93.97652141783081,94.01309967041016,22415300
2024-02-01 00:00:00-05:00,94.70807767086099,95.1104314945441,92.92493136424481,93.62904357910156,19240700
2024-02-02 00:00:00-05:00,94.87268153424675,95.10129040541362,92.91579015518556,93.24498748779297,21973400
2024-02-05 00:00:00-05:00,92.76946701792436,93.61989220504073,91.90075619280678,92.86091613769531,17190900
2024-02-06 00:00:00-05:00,93.33642368307018,94.22342716283245,92.87920596992168,93.50102233886719,13347900
2024-02-07 00:00:00-05:00,93.50101135004904,93.93994337278458,92.52256583796778,93.47357940673828,13826800
2024-02-08 00:00:00-05:00,93.5833183268189,95.48534569091298,93.37300208532683,95.0738525390625,19636900
2024-02-09 00:00:00-05:00,95.1927163747251,95.86939656489078,92.99807018932007,93.06208038330078,20410500
2024-02-12 00:00:00-05:00,93.41871811115655,94.55261598450683,93.27240510732399,94.34229278564453,18173100
2024-02-13 00:00:00-05:00,94.84067690577747,95.14523970073479,92.84713656737001,93.53010559082031,18917400
2024-02-14 00:00:00-05:00,94.01926169071658,94.71146198881074,92.68100355621253,93.06863403320312,17651300
2024-02-15 00:00:00-05:00,92.84713653915107,95.92973901524957,92.84713653915107,95.73592376708984,23196300
2024-02-16 00:00:00-05:00,95.99434409796947,96.56655853308125,95.5421014775042,95.73592376708984,20151400
2024-02-20 00:00:00-05:00,95.83744591489942,96.09587330314265,94.73915944092764,94.83145141601562,17650000
2024-02-21 00:00:00-05:00,95.08064449584977,96.88960108333988,95.05295760628873,96.76961517333984,20991300
2024-02-22 00:00:00-05:00,96.13277987132851,97.28644702392361,95.47749073220007,96.68653869628906,20470700
2024-02-23 00:00:00-05:00,95.87436631928713,96.06818158385948,94.95143246431793,95.83744812011719,15975900
2024-02-26 00:00:00-05:00,95.72670462223024,96.85268509965523,95.10834060312858,96.21585845947266,13360800
2024-02-27 00:00:00-05:00,96.61271050253767,97.04649051533143,95.84667375830298,96.01280212402344,16360000
2024-02-28 00:00:00-05:00,96.41889802529249,97.30491365416758,95.98511800001039,96.28045654296875,14810500
2024-02-29 00:00:00-05:00,96.6127149089339,96.97265854417384,96.18816618637977,96.46504211425781,17566100
2024-03-01 00:00:00-05:00,97.57257153201556,98.19093554555035,97.25877034930612,97.68331909179688,18460100
2024-03-04 00:00:00-05:00,97.51718425574997,97.6925368816105,96.01279772361131,96.31736755371094,18138000
2024-03-05 00:00:00-05:00,96.47426881166503,98.08017164914092,96.28045355898915,97.49872589111328,19952700
2024-03-06 00:00:00-05:00,98.4032067949697,99.27999111071071,97.96942677130318,98.54164123535156,20472800
2024-03-07 00:00:00-05:00,98.38474260268995,99.65839576525472,98.38474260268995,99.09540557861328,15195400
2024-03-08 00:00:00-05:00,98.96620428968892,100.04603525286603,98.54164850311797,100.02757263183594,16281500
2024-03-11 00:00:00-04:00,99.90759200009461,100.71054700651013,99.06771879369632,100.61824798583984,17577300
2024-03-12 00:00:00-04:00,100.65516759198407,100.85821417401262,99.70454681378384,99.97219848632812,14957200
2024-03-13 00:00:00-04:00,100.72899984319686,101.84574895691982,100.70131295432027,101.08894348144531,17122200
2024-03-14 00:00:00-04:00,101.36582179680171,102.95326907278616,101.23661162702867,102.87943267822266,22121000
2024-03-15 00:00:00-04:00,102.30720137598117,103.64545949381964,102.30720137598117,102.69483184814453,38264400
2024-03-18 00:00:00-04:00,103.1747714508918,104.16231034580095,102.53794486882171,103.64546966552734,16770500
2024-03-19 00:00:00-04:00,103.57163248134262,104.74375531272203,103.42395969300367,104.37458038330078,14878800
2024-03-20 00:00:00-04:00,104.03309857106117,104.66069383375276,103.48856397009259,104.28228759765625,16119700
2024-03-21 00:00:00-04:00,104.21768715001254,105.13139671817069,103.89466171545347,104.74375915527344,14878000
2024-03-22 00:00:00-04:00,104.73453488673344,104.92835014746888,104.125395174628,104.74375915527344,14701900
2024-03-25 00:00:00-04:00,105.05755613796572,106.8572742312929,105.05755613796572,105.81436157226562,14011700
2024-03-26 00:00:00-04:00,105.82359244979635,106.11893098291667,104.66992520457231,105.02063751220703,13152300
2024-03-27 00:00:00-04:00,104.73454116583363,106.19277136375726,104.66993607504858,106.10971069335938,12415700
2024-03-28 00:00:00-04:00,106.62654005605535,107.4756374562894,106.19276004640233,107.28182220458984,18482100
2024-04-01 00:00:00-04:00,107.43873325751116,108.20476300437278,106.48810547368141,107.97402954101562,13817000
2024-04-02 00:00:00-04:00,108.83235671660411,110.38288584937206,108.28782913092006,110.0875473022461,19919600
2024-04-03 00:00:00-04:00,110.27213881063592,110.521327850359,109.57993842743952,110.10601043701172,16504300
2024-04-04 00:00:00-04:00,109.87528829433843,110.6413181125014,109.49688199932626,110.49365234375,18467400
2024-04-05 00:00:00-04:00,110.73359451257194,112.73635906174569,110.41979337577739,112.01647186279297,21720600
2024-04-08 00:00:00-04:00,111.74884319283511,112.35797593195295,110.94588812977864,111.25968933105469,17513900
2024-04-09 00:00:00-04:00,111.67497425756164,112.27488255235423,111.06583465445452,111.84110260009766,14132300
2024-04-10 00:00:00-04:00,111.87803009060751,113.03169727593149,111.4257945255597,112.78250122070312,17409200
2024-04-11 00:00:00-04:00,113.234755637888,113.234755637888,111.0658554701158,112.40411376953125,17555900
2024-04-12 00:00:00-04:00,113.47471565104489,114.21306555809207,110.44749370671926,111.09355163574219,21556200
2024-04-15 00:00:00-04:00,111.75804373353924,112.31180961333972,110.24443295598275,110.45671081542969,15029500
2024-04-16 00:00:00-04:00,110.34596242256414,110.95510210795251,108.83235156008075,109.54301452636719,18082200
2024-04-17 00:00:00-04:00,109.41381102414776,110.15215388124936,108.09401533349167,109.48764038085938,14538600
2024-04-18 00:00:00-04:00,109.82912737091713,110.49364086483158,108.87850663878868,109.38611602783203,13821400
2024-04-19 00:00:00-04:00,109.97679757925351,111.61038734551809,109.78297528023154,110.64130401611328,21572400
2024-04-22 00:00:00-04:00,110.06909582783575,112.20107082435204,109.30305902217412,111.26890563964844,16340700
2024-04-23 00:00:00-04:00,110.75206175831984,111.73036938392853,110.24444532535696,111.70268249511719,13929800
2024-04-24 00:00:00-04:00,111.02893765858049,111.91495325125133,110.18906453051454,111.72113800048828,12101200
2024-04-25 00:00:00-04:00,111.70267789249316,112.37642267198943,110.19829831717631,111.97956085205078,16041000
2024-04-26 00:00:00-04:00,109.82913001941046,109.92142199769607,107.26337499936676,108.86927795410156,27289500
2024-04-29 00:00:00-04:00,108.68467927767041,110.79819838886858,108.68467927767041,110.41979217529297,17309900
2024-04-30 00:00:00-04:00,109.93064832260272,110.93664281071933,108.88773563656079,109.15538024902344,21083300
2024-05-01 00:00:00-04:00,109.16460606508394,109.33996573604759,106.74652407478992,107.08800506591797,27777700
2024-05-02 00:00:00-04:00,107.30028482366183,108.22321861733172,106.96802809462658,107.28182220458984,25513600
2024-05-03 00:00:00-04:00,107.06031799316406,107.12492307581326,105.33442929749887,107.06031799316406,28023300
2024-05-06 00:00:00-04:00,107.67868893278356,109.21998674862637,107.4294998953453,107.75252532958984,31401300
2024-05-07 00:00:00-04:00,108.24168126227006,108.51856423501962,106.99572196775,107.21722412109375,30122000
2024-05-08 00:00:00-04:00,106.79266026547334,107.93709611063119,106.5157843733713,107.1987533569336,18957200
2024-05-09 00:00:00-04:00,107.24491698847129,109.39535467794686,107.23569271924485,109.31229400634766,17564000
2024-05-10 00:00:00-04:00,109.40458128615535,109.51533588495404,108.51856562004559,108.86927795410156,13648100
2024-05-13 00:00:00-04:00,109.29381125239902,109.86603270324072,108.09400162127528,108.8231201171875,15060600
2024-05-14 00:00:00-04:00,108.66495800416332,109.54886396936223,108.37652687631063,109.48373413085938,15079100
2024-05-15 00:00:00-04:00,109.42791053074119,110.57233584940317,108.00435327656066,110.33042907714844,18244300
2024-05-16 00:00:00-04:00,110.29321696680859,111.00034603597602,109.36278659634313,109.66983032226562,15745200
2024-05-17 00:00:00-04:00,110.06990016529521,111.49345729586055,109.75355019260326,111.3166732788086,15104500
2024-05-20 00:00:00-04:00,111.40040722928856,111.54927236500872,110.30249934620443,110.41414642333984,11551300
2024-05-21 00:00:00-04:00,110.16294646315839,111.1398939970238,109.5860771346238,109.65120697021484,14495000
2024-05-22 00:00:00-04:00,109.28833089732723,109.28833089732723,106.96225538759708,107.44608306884766,17879300
2024-05-23 00:00:00-04:00,107.55773981442049,109.33486507086883,105.4735779580506,105.61314392089844,15979800
2024-05-24 00:00:00-04:00,106.85061301842222,107.0739214030456,105.17584272546627,105.52940368652344,12212900
2024-05-28 00:00:00-04:00,105.6224517986824,107.10183976873613,105.2037609743274,106.86923217773438,13978300
2024-05-29 00:00:00-04:00,106.56218886038758,106.5808014429661,104.96184749241233,105.72480010986328,13902000
2024-05-30 00:00:00-04:00,105.38984243139542,106.19001309884466,105.10141129497309,106.05975341796875,14683700
2024-05-31 00:00:00-04:00,106.18070625945501,109.31625176437834,106.05974577976713,109.10225677490234,29037400
2024-06-03 00:00:00-04:00,108.20903345635197,108.26485699594623,105.84573993240302,106.48773193359375,19589300
2024-06-04 00:00:00-04:00,105.13863247282177,105.22236779931187,103.20333558735226,104.83158874511719,19412200
2024-06-05 00:00:00-04:00,105.03628018667314,105.31541212724945,103.7243771026528,105.25028228759766,14863500
2024-06-06 00:00:00-04:00,104.90602673963181,106.1062827976226,104.31055185640514,106.04115295410156,13154100
2024-06-07 00:00:00-04:00,105.87366952621038,106.90644777428768,104.83158498709432,104.90602111816406,13289200
2024-06-10 00:00:00-04:00,105.19443826268297,106.27374072379448,104.8594828160359,105.21305084228516,15239700
2024-06-11 00:00:00-04:00,104.66410093310402,104.83157866860654,103.56619291116967,104.36636352539062,12462400
2024-06-12 00:00:00-04:00,105.41776133668364,105.41776133668364,102.84977158691314,103.21263885498047,13606800
2024-06-13 00:00:00-04:00,103.12886893501974,103.14748151225653,102.0867917655458,102.38452911376953,14466900
2024-06-14 00:00:00-04:00,102.36592144440479,102.5427054435385,101.03540605291641,101.51923370361328,13313400
2024-06-17 00:00:00-04:00,101.57507265194806,101.84489828681009,100.65394865612237,100.82142639160156,21147900
2024-06-18 00:00:00-04:00,101.44482046102978,103.01725003240122,101.23082545462577,101.77046966552734,17762900
2024-06-20 00:00:00-04:00,102.26359604927995,104.78506127022936,101.96585154335379,103.96627807617188,17433200
2024-06-21 00:00:00-04:00,104.11514855730616,104.85948851359521,103.05445861816406,103.05445861816406,52212500
2024-06-24 00:00:00-04:00,103.87324475369621,106.5621879244252,103.87324475369621,106.11558532714844,16266700
2024-06-25 00:00:00-04:00,106.17140856838058,106.58080019687726,105.56662741681603,106.41332244873047,14188900
2024-06-26 00:00:00-04:00,106.43192605322163,106.83201138347361,105.26888812791007,106.4505386352539,15771800
2024-06-27 00:00:00-04:00,106.99017605283794,106.99017605283794,106.17139996084475,106.90644073486328,16812700
2024-06-28 00:00:00-04:00,107.79965381615791,108.43234669641568,106.70174579155236,107.11113739013672,24565900
2024-07-01 00:00:00-04:00,107.66010308871198,108.6184452859096,106.5621949087353,106.9622802734375,11972900
2024-07-02 00:00:00-04:00,107.83687540328157,107.87409346787993,105.59453492691573,106.23653411865234,13326700
2024-07-03 00:00:00-04:00,106.32027571714383,107.61358046777788,106.32027571714383,106.77619171142578,7732900
2024-07-05 00:00:00-04:00,106.63662658281208,106.65523206704755,104.85020195414829,105.48289489746094,12631000
2024-07-08 00:00:00-04:00,104.57105325429904,105.65035573124874,103.66853479306819,104.37566375732422,13350500
2024-07-09 00:00:00-04:00,103.38011817430915,104.71063387700276,102.92420928416975,103.2219467163086,11727000
2024-07-10 00:00:00-04:00,103.20332823533833,104.1709766091396,102.73811308054655,104.13375854492188,10004100
2024-07-11 00:00:00-04:00,103.6778482234087,105.43636091591206,103.21263307515659,105.37123107910156,13082700
2024-07-12 00:00:00-04:00,106.05974246032976,106.20861470801863,104.79435674945219,105.38983154296875,11684900
2024-07-15 00:00:00-04:00,106.32027084147195,108.07879069847874,105.67827873989305,107.19487762451172,13032500
2024-07-16 00:00:00-04:00,106.39470309410432,108.25556368901168,105.79922827162355,107.96713256835938,13614100
2024-07-17 00:00:00-04:00,108.61843707094344,109.95825904649645,108.44166013150591,109.45582580566406,13602800
2024-07-18 00:00:00-04:00,109.74426942486463,111.57721855861514,109.26975500340208,110.53514099121094,13033600
2024-07-19 00:00:00-04:00,110.33972983992317,110.60955548846644,107.80896529570148,107.99504852294922,16157700
2024-07-22 00:00:00-04:00,107.16696658124074,107.87409562551305,106.60870979833952,107.25070190429688,12065900
2024-07-23 00:00:00-04:00,106.82268474513826,107.15764017171612,105.29677984566968,105.52008819580078,11251700
2024-07-24 00:00:00-04:00,105.85505039812574,107.18556598958368,105.20375203809166,107.0087890625,14925200
2024-07-25 00:00:00-04:00,107.1576549365455,109.8186861373344,106.59009189100956,109.26042938232422,17021700
2024-07-26 00:00:00-04:00,108.64635071339328,109.81869496215582,108.36722586276814,109.16739654541016,11252500
2024-07-29 00:00:00-04:00,109.1580829545249,109.22321279184412,107.35304589364988,108.02295684814453,8861800
2024-07-30 00:00:00-04:00,108.26486005002556,110.34902173755816,108.14390667795303,109.94893646240234,12483900
2024-07-31 00:00:00-04:00,111.31666860009149,111.42832277963446,110.311802280062,110.33971405029297,15137700
2024-08-01 00:00:00-04:00,110.1164237146793,111.17711368040374,108.26486941993151,108.8138198852539,15051500
2024-08-02 00:00:00-04:00,107.90199231706563,110.60024133897737,107.39025286340994,108.7486801147461,20403800
2024-08-05 00:00:00-04:00,107.50191963298191,107.95782850050733,105.37123335611005,106.78548431396484,18025900
2024-08-06 00:00:00-04:00,106.48775221328799,107.58566032564894,105.72479959951988,106.21793365478516,13647800
2024-08-07 00:00:00-04:00,107.41818477836374,108.97200891148546,107.24140783281948,107.63218688964844,13660700
2024-08-08 00:00:00-04:00,108.00435416422461,109.8931265940461,107.67870496918988,109.68843078613281,13851000
2024-08-09 00:00:00-04:00,109.68842232743265,111.00963158747045,109.19529542746217,110.58163452148438,12151900
2024-08-12 00:00:00-04:00,111.23294617394728,111.80980842185848,109.80938183969893,110.72120666503906,13228900
2024-08-13 00:00:00-04:00,110.05129385068717,110.26529594133459,109.32555935838514,109.66051483154297,11585100
2024-08-14 00:00:00-04:00,109.88381827282456,111.55859567151543,109.44651489102084,110.6746826171875,12194500
2024-08-15 00:00:00-04:00,110.90917732343266,112.20350594994584,110.78725014854139,111.35938262939453,11579400
2024-08-16 00:00:00-04:00,110.66530325739343,111.12488972642107,110.35579474768004,110.8341293334961,10056000
2024-08-19 00:00:00-04:00,111.0498486630347,113.01948134663546,110.83412368288018,111.1717758178711,12417500
2024-08-20 00:00:00-04:00,111.28434151317437,111.28434151317437,107.40134867695866,107.46700286865234,15632000
2024-08-21 00:00:00-04:00,107.87030234242498,108.3955358424207,106.69790102581328,106.78231048583984,11752400
2024-08-22 00:00:00-04:00,106.71665201608197,107.8702980138738,106.5853436463521,107.60768127441406,10609500
2024-08-23 00:00:00-04:00,107.88905712333153,109.47414598601405,107.88905712333153,109.0989761352539,10381400
2024-08-26 00:00:00-04:00,110.449589614316,111.55633678727088,109.66173217734251,111.43440246582031,13671000
2024-08-27 00:00:00-04:00,111.57507995693975,111.99714869531586,110.11192550441548,110.37454223632812,9991600
2024-08-28 00:00:00-04:00,109.73674999962351,110.28074586230532,109.04269050751469,109.28654479980469,10742900
2024-08-29 00:00:00-04:00,109.92434113278117,111.41563928170105,109.12710969366353,110.7966079711914,10753900
2024-08-30 00:00:00-04:00,109.53980514603167,110.69344408146186,109.07084460023434,110.61841583251953,13284700
2024-09-03 00:00:00-04:00,108.64876875535772,108.88324901301942,106.96051519365521,108.30174255371094,15725100
2024-09-04 00:00:00-04:00,108.13291695635395,108.93952961871048,106.90424269066257,106.9792709350586,12620600
2024-09-05 00:00:00-04:00,107.92659056356521,108.12355315389034,106.05074819196886,106.14453887939453,17200800
2024-09-06 00:00:00-04:00,106.5384525881782,107.09182974921328,104.79392595375015,105.64743041992188,13467700
2024-09-09 00:00:00-04:00,105.86316482439315,108.93954511097932,105.66620223777556,107.87031555175781,21645300
2024-09-10 00:00:00-04:00,107.95470760644294,108.23608677380093,103.33075670722039,103.9404067993164,20913400
2024-09-11 00:00:00-04:00,103.90288535844729,104.06233020818286,101.07974119582177,102.90869140625,19571900
2024-09-12 00:00:00-04:00,103.07752965830103,104.4187571089069,102.94622127760704,104.32496643066406,15919500
2024-09-13 00:00:00-04:00,104.55007345153943,105.48799461693476,104.04359516353348,104.24993896484375,10035400
2024-09-16 00:00:00-04:00,105.09405718392233,106.06948878505537,104.75640503131099,105.71308135986328,11729000
2024-09-17 00:00:00-04:00,105.34729364076983,107.2700346846158,105.1597122902448,107.09182739257812,12202600
2024-09-18 00:00:00-04:00,107.02617880052179,108.45181574405765,106.74479960425158,107.46700286865234,12569900
2024-09-19 00:00:00-04:00,108.94890654882504,110.28075264843385,108.03912203595571,108.79883575439453,12660600
2024-09-20 00:00:00-04:00,108.29237356555366,108.33927248468854,107.15748984903965,108.11416625976562,36206200
2024-09-23 00:00:00-04:00,108.17043099369081,110.47771580238523,107.97346844175256,110.07440948486328,16066300
2024-09-24 00:00:00-04:00,110.5246198960681,110.82476152007003,109.57732472945017,109.7836685180664,11984900
2024-09-25 00:00:00-04:00,109.25842034696798,109.783660997219,106.96051665284243,107.64519500732422,13816000
2024-09-26 00:00:00-04:00,104.24054066678204,106.43527955513711,104.24054066678204,105.79749298095703,16887900
2024-09-27 00:00:00-04:00,106.69790498988922,108.8832556868593,106.2195632313246,108.63002014160156,15964000
2024-09-30 00:00:00-04:00,108.29236453866486,110.10255246751561,107.82340400948871,109.94310760498047,13247600
2024-10-01 00:00:00-04:00,108.8363586278658,113.11327629172023,108.73318674073163,112.48487091064453,23235900
2024-10-02 00:00:00-04:00,114.36070919148358,115.19545831906036,112.7381026934323,113.97615814208984,17129700
2024-10-03 00:00:00-04:00,114.33257322544829,115.52372976664519,113.42278869545163,114.9703598022461,16524300
2024-10-04 00:00:00-04:00,115.5518725581094,117.41834063304479,114.82967648527053,117.0806884765625,19752300
2024-10-07 00:00:00-04:00,117.47461272927663,118.49694324959624,117.10882408844945,117.58716583251953,15714400
2024-10-08 00:00:00-04:00,116.18966143736814,116.32096981681066,113.73231277428384,114.4638900756836,14818500
2024-10-09 00:00:00-04:00,113.39465912385103,114.97036681226322,113.30086844773231,114.51078033447266,11144900
2024-10-10 00:00:00-04:00,115.51436789827159,116.02083900303117,114.69837395256744,115.49560546875,10243300
2024-10-11 00:00:00-04:00,115.4580901030634,116.33035704345198,115.30802644270351,115.93643188476562,8294800
2024-10-14 00:00:00-04:00,115.58939323406327,116.54607675397246,115.00788673742242,116.37725067138672,9808100
2024-10-15 00:00:00-04:00,113.31961582748175,114.37946398976345,112.34417712109648,112.87879180908203,15771300
2024-10-16 00:00:00-04:00,113.38527349516018,113.90113292738442,113.11327553596647,113.1695556640625,8426800
2024-10-17 00:00:00-04:00,113.26334285688414,114.03243779671895,112.27852293680947,112.87879180908203,11204900
2024-10-18 00:00:00-04:00,112.96321999599186,113.15080135438483,111.75330091377796,112.5599136352539,12898600
2024-10-21 00:00:00-04:00,113.46968728856005,113.9386477950075,112.28790480869708,112.62555694580078,10177800
2024-10-22 00:00:00-04:00,112.79438899533952,113.66665586981497,112.49425454152913,113.20706939697266,9201400
2024-10-23 00:00:00-04:00,112.52239231471867,113.25396960700846,111.98777758913998,112.80376434326172,8320300
2024-10-24 00:00:00-04:00,112.55052089646504,112.9632084295983,111.73452704388869,112.16596984863281,9905600
2024-10-25 00:00:00-04:00,112.7381047732611,112.9538297583736,111.9127368441859,112.07218170166016,10714600
2024-10-28 00:00:00-04:00,109.53980759631395,111.62199361115344,109.52104516683114,111.5188217163086,11844500
2024-10-29 00:00:00-04:00,111.21867455921185,111.7720445177355,109.8024118371687,109.99937438964844,14731000
2024-10-30 00:00:00-04:00,110.35580670035203,110.92793202246558,109.24905944953352,109.4460220336914,12303700
2024-10-31 00:00:00-04:00,109.87745175842478,111.30308859706028,109.43662772273068,109.5304183959961,20512000
2024-11-01 00:00:00-04:00,112.48487603163163,112.50363130479639,107.71085398707507,107.81402587890625,20939300
2024-11-04 00:00:00-05:00,108.86449070303043,111.33122036871926,108.73318233486567,111.24681091308594,14965400
2024-11-05 00:00:00-05:00,111.6876263301347,111.80955347525088,110.68405121885418,111.5750732421875,10436700
2024-11-06 00:00:00-05:00,113.62913868787086,114.3419607023416,111.89398614523262,113.48844909667969,20807700
2024-11-07 00:00:00-05:00,113.76983235746506,113.95741371526445,112.18474340771083,113.62914276123047,12184400
2024-11-08 00:00:00-05:00,113.46967899345077,113.88235934303263,112.23162363316736,113.59160614013672,12836000
2024-11-11 00:00:00-05:00,113.48846059630237,114.06997429279059,112.61619362945534,112.99136352539062,11969700
2024-11-12 00:00:00-05:00,113.61036904992864,113.77919511749089,112.4004500916941,112.87879180908203,11972800
2024-11-13 00:00:00-05:00,113.08513753089439,114.47326379438152,111.42502046763641,113.92926788330078,15127900
2024-11-14 00:00:00-05:00,115.0451099378535,115.25314204483922,113.78742292268461,114.00491333007812,13041800
2024-11-15 00:00:00-05:00,113.85362966099541,114.64795383673253,112.65267788132644,112.82289123535156,19051700
2024-11-18 00:00:00-05:00,113.27679309369653,114.06166616294436,112.78506243229572,113.76851654052734,14239700
2024-11-19 00:00:00-05:00,113.23897678517257,113.23897678517257,111.77325019147779,112.17987060546875,11584400
2024-11-20 00:00:00-05:00,112.69048807791629,113.91980737519177,112.18930638758016,113.77796173095703,11360900
2024-11-21 00:00:00-05:00,114.49664788521001,115.88672229561942,113.73068424636159,115.30043029785156,14675400
2024-11-22 00:00:00-05:00,115.19640510081798,116.51082747137258,115.02619176864555,115.16803741455078,13323400
2024-11-25 00:00:00-05:00,114.82761468689148,115.25314442462656,113.10657192017555,113.4469985961914,26580300
2024-11-26 00:00:00-05:00,113.03091778123483,113.1727634292883,111.44226239508868,111.55574035644531,14827300
2024-11-27 00:00:00-05:00,111.66921690965505,112.27442552045656,111.04510612616527,111.26260375976562,11079100
2024-11-29 00:00:00-05:00,111.05456410905455,112.05692756596119,110.59120115500892,111.5462875366211,9426500
2024-12-02 00:00:00-05:00,111.63139067497674,111.7732291063571,110.46826503567299,111.4422607421875,12687300
2024-12-03 00:00:00-05:00,112.26497666596494,112.26497666596494,110.88436041373001,111.27206420898438,11756600
2024-12-04 00:00:00-05:00,111.11129930165804,111.15858359144407,107.66921367067012,108.06637573242188,19520600
2024-12-05 00:00:00-05:00,108.4729832717845,109.33350818508836,107.85832365007728,108.53917694091797,15751200
2024-12-06 00:00:00-05:00,108.3122494761231,108.529739911085,107.32879533156562,107.39498901367188,16171100
2024-12-09 00:00:00-05:00,108.40680444261103,108.69049575748583,106.61956791678135,106.76141357421875,17412600
2024-12-10 00:00:00-05:00,107.41389090317223,107.68812391405827,105.67393868667152,106.54391479492188,20990900
2024-12-11 00:00:00-05:00,105.91034588725047,106.27914026451371,105.06873746584773,105.8346939086914,32392200
2024-12-12 00:00:00-05:00,105.52263755270522,106.26968462691676,104.75668109066488,105.7401351928711,14543300
2024-12-13 00:00:00-05:00,105.81578622294595,105.81578622294595,104.25549840928083,104.81341552734375,13106100
2024-12-16 00:00:00-05:00,104.20821345220341,104.39734340043357,102.2791384822446,102.57228088378906,20256100
2024-12-17 00:00:00-05:00,101.40915329273307,102.2885876958339,100.98362354250382,102.13729095458984,17554000
2024-12-18 00:00:00-05:00,101.72120164863253,102.91269492501834,100.52970837224672,100.63372802734375,17114500
2024-12-19 00:00:00-05:00,101.55099436065066,101.81576905679529,99.48952495050685,99.7732162475586,20565600
2024-12-20 00:00:00-05:00,99.71647058500196,100.36895621936226,99.13963692279891,100.11363983154297,40141200
2024-12-23 00:00:00-05:00,99.5840867165366,100.80394775551166,99.21529235761037,100.520263671875,12285100
2024-12-24 00:00:00-05:00,100.72830077033758,101.36187707243971,99.95288602667578,100.61483001708984,7807000
2024-12-26 00:00:00-05:00,100.72829597065162,101.21056829268358,100.17983718875878,100.6999282836914,9652400
2024-12-27 00:00:00-05:00,100.52025451397019,102.11836085219853,100.01906563752439,100.69046783447266,11943900
2024-12-30 00:00:00-05:00,100.52025299087951,100.76611106099323,99.77320605191404,100.00961303710938,11080800
2024-12-31 00:00:00-05:00,100.39733351326339,102.03327329851932,100.02853913191474,101.7212142944336,12387800
2025-01-02 00:00:00-05:00,102.3926175388873,103.07347097858168,101.06873665221161,101.47535705566406,12685400
2025-01-03 00:00:00-05:00,102.1278249661572,102.59118067046133,101.61718497557813,101.99543762207031,14237900
2025-01-06 00:00:00-05:00,102.3547796694016,103.81104775430923,101.67392630871028,101.88196563720703,15623700
2025-01-07 00:00:00-05:00,103.01673067415497,104.07582956123026,102.3926126460684,102.8370590209961,12625900
2025-01-08 00:00:00-05:00,101.47534099589666,101.8535936485936,100.24602889284317,101.11600494384766,17858100
2025-01-10 00:00:00-05:00,102.78977593119473,104.11365677009617,100.02854349391781,100.74722290039062,19304500
2025-01-13 00:00:00-05:00,101.30512678936894,103.66919683012816,101.30512678936894,103.34768676757812,17073400
2025-01-14 00:00:00-05:00,102.8748837991852,103.79214422776434,101.96708167186347,103.75431823730469,11191200
2025-01-15 00:00:00-05:00,104.06637481288595,105.65503030217259,103.51790878590812,105.44699096679688,14521100
2025-01-16 00:00:00-05:00,105.14438205060468,105.61719606149569,104.53918069382973,105.2673110961914,10366600
2025-01-17 00:00:00-05:00,104.99309050226154,106.73305001938002,104.79450945998613,106.21295166015625,19298500
2025-01-21 00:00:00-05:00,105.95763812192664,106.0805671853747,105.08765473240777,105.40917205810547,20416300
2025-01-22 00:00:00-05:00,105.15384321229358,105.50372821112424,103.45171693872783,103.57464599609375,15718000
2025-01-23 00:00:00-05:00,104.31223118945626,105.09710422730271,103.65029441932653,104.16093444824219,13726800
2025-01-24 00:00:00-05:00,104.24603230419048,104.6904786338881,102.51553848743177,102.75194549560547,14235900
2025-01-27 00:00:00-05:00,103.082907757132,104.44460713763331,102.49661581435033,104.1798324584961,15926700
2025-01-28 00:00:00-05:00,104.40680595227781,104.84179402906241,101.92925763886623,102.16566467285156,15862000
2025-01-29 00:00:00-05:00,101.85360381646873,102.86542561506421,101.62665508802237,102.76140594482422,12345500
2025-01-30 00:00:00-05:00,103.30041352394316,103.87724725271856,102.78977347480249,103.61247253417969,14346300
2025-01-31 00:00:00-05:00,104.5391837253997,104.5391837253997,100.3311345776974,101.02144622802734,20376500
2025-02-03 00:00:00-05:00,100.8417661367589,101.4658840599094,99.59353750502676,101.26729583740234,14623200
2025-02-04 00:00:00-05:00,100.9079635609852,104.28385525069349,100.73775023148019,103.98125457763672,14835700
2025-02-05 00:00:00-05:00,103.77322177899387,104.02854539656991,103.16802039487452,103.90560913085938,13364400
2025-02-06 00:00:00-05:00,104.74721282484425,105.01199473124828,102.11836807795724,102.5344467163086,13411400
2025-02-07 00:00:00-05:00,102.86542460568305,103.76377563852515,102.43043654102506,102.96944427490234,10051600
2025-02-10 00:00:00-05:00,104.02853831762641,104.99307570337871,103.90560206028147,104.93634033203125,12142200
2025-02-11 00:00:00-05:00,105.5320958105176,106.39262085505797,104.79450703780869,105.5982894897461,12713100
2025-02-12 00:00:00-05:00,104.99720290959357,105.1689387391459,102.25897253814833,102.4211654663086,18244100
2025-02-13 00:00:00-05:00,102.23036646446549,103.43251745185245,101.62928733122097,103.16536712646484,15460000
2025-02-14 00:00:00-05:00,103.53746012355337,105.16895438659107,103.13674555467838,103.27031707763672,15733500
2025-02-18 00:00:00-05:00,103.64241901128803,105.8940638452131,103.34665451094199,105.08309173583984,20060300
2025-02-19 00:00:00-05:00,105.67461956478333,106.9817133714116,105.00675466763045,105.2357406616211,10964700
2025-02-20 00:00:00-05:00,105.49333737412131,107.25839583220866,104.90180116087555,106.85768127441406,16325800
2025-02-21 00:00:00-05:00,106.20890571888805,106.71457038413944,105.48379796238122,105.60783386230469,14710000
2025-02-24 00:00:00-05:00,105.8368079554729,106.72410862640626,105.2548146509305,106.16119384765625,13153500
2025-02-25 00:00:00-05:00,106.18982523150925,106.9817114561347,103.89047338362401,104.69190979003906,14497000
2025-02-26 00:00:00-05:00,104.70145397737382,104.82548988515217,103.53746724374585,104.43431091308594,10446400
2025-02-27 00:00:00-05:00,104.95904933284419,106.18027878846979,104.26256304190991,105.09262084960938,15293200
2025-02-28 00:00:00-05:00,105.05445820591811,106.4569664335721,104.31980757281275,106.21844482421875,18821700
2025-03-03 00:00:00-05:00,106.57145850890615,107.01034470192397,101.61975455294244,102.81236267089844,18706900
2025-03-04 00:00:00-05:00,101.4766253194868,103.95724838713978,101.07591079729465,102.60244750976562,19394900
2025-03-05 00:00:00-05:00,100.98049804898663,101.44800561189773,98.9101323701564,100.59886932373047,24822200
2025-03-06 00:00:00-05:00,100.58933555909215,103.14628755772134,99.5684633401862,102.67878723144531,17150200
2025-03-07 00:00:00-05:00,103.43252501733727,105.33115518868492,103.32757491589116,104.01451110839844,19625000
2025-03-10 00:00:00-04:00,104.26256068223041,107.40150581337502,104.07174631377059,106.66686248779297,22749100
2025-03-11 00:00:00-04:00,106.78136006494765,106.9530959272889,103.79507191995499,104.14808654785156,19904700
2025-03-12 00:00:00-04:00,104.04313204500157,105.07353989632306,103.44205291270346,104.11945343017578,14051500
2025-03-13 00:00:00-04:00,103.35619421708729,105.73186760818771,102.6883292871863,103.68058013916016,17767800
2025-03-14 00:00:00-04:00,103.93818066446423,107.029418738358,103.33710153960851,106.76227569580078,15890100
2025-03-17 00:00:00-04:00,106.66687185741029,109.24290245340426,106.60008609467272,108.53688049316406,19908800
2025-03-18 00:00:00-04:00,108.85171451087875,109.28105776082005,107.40150637730544,108.42237854003906,15998700
2025-03-19 00:00:00-04:00,108.9566711061102,110.5022937958405,108.6036637736097,110.11112213134766,17315000
2025-03-20 00:00:00-04:00,109.45279860950036,111.12244989548778,108.96621248229262,110.57862091064453,16230800
2025-03-21 00:00:00-04:00,110.19699096679688,110.66449131456797,109.09979003381783,110.19699096679688,41102800
2025-03-24 00:00:00-04:00,110.36872233598935,111.54225188833725,110.27331514550545,110.48321533203125,14207500
2025-03-25 00:00:00-04:00,111.08428842590106,112.238732185605,110.63586661859827,111.2369384765625,12081800
2025-03-26 00:00:00-04:00,112.27689806972457,113.70802780007672,112.27689806972457,112.83980560302734,14110800
2025-03-27 00:00:00-04:00,112.6776064231976,113.60307142902788,111.87617731243849,112.47724914550781,12740800
2025-03-28 00:00:00-04:00,112.67759989189898,113.02107157062996,111.85708502371956,112.32459259033203,10233400
2025-03-31 00:00:00-04:00,112.38184730564214,114.4045132628721,112.38184730564214,113.4695053100586,21652300
2025-04-01 00:00:00-04:00,113.7461834775741,113.8034263331196,112.51541112963413,113.57444763183594,12425400
2025-04-02 00:00:00-04:00,112.95428489821445,113.38362085359178,112.25780592357113,113.22142791748047,12614600
2025-04-03 00:00:00-04:00,109.11887445540285,110.14928233223608,107.07712994962452,107.2679443359375,21204600
2025-04-04 00:00:00-04:00,104.82548166369767,105.7414037890358,99.06279858923106,99.54937744140625,30841300
2025-04-07 00:00:00-04:00,95.78073040169923,100.94234117352013,93.9393434106729,98.21365356445312,35068500
2025-04-08 00:00:00-04:00,100.61796339017117,100.75153492046304,94.46410825610165,96.14329528808594,27147800
2025-04-09 00:00:00-04:00,94.8075759495565,101.68653858318575,93.6245034757554,100.94235229492188,30063300
2025-04-10 00:00:00-04:00,98.94830347620935,99.01508923561397,93.30965642047127,95.34185791015625,33999300
2025-04-11 00:00:00-04:00,95.69488526258942,99.15821686877186,94.25421251307542,98.40448760986328,22884600
2025-04-14 00:00:00-04:00,100.20769894147189,100.2649417993093,98.00376156550836,98.64299774169922,18020000
2025-04-15 00:00:00-04:00,98.88151766868603,100.5702547371125,98.27090293182614,98.3663101196289,13164900
2025-04-16 00:00:00-04:00,99.17728689155166,100.74198813969231,98.93876527105336,99.4062728881836,13607000
2025-04-17 00:00:00-04:00,99.88331650638631,103.56609092311609,99.66387341189419,102.01092529296875,17916500
2025-04-21 00:00:00-04:00,100.76107263792318,100.78015116451047,99.33948583635168,100.51300811767578,16926500
2025-04-22 00:00:00-04:00,101.2667377762235,103.93818281528044,101.2667377762235,103.32756805419922,13147000
2025-04-23 00:00:00-04:00,103.8141490716372,104.28165669460046,101.58159016988695,102.44026947021484,14235700
2025-04-24 00:00:00-04:00,103.01270182922048,103.88091660113857,102.04907260137867,103.64239501953125,9849600
2025-04-25 00:00:00-04:00,103.17490946115805,103.7664456883202,102.48796604357672,103.58516693115234,11245800
2025-04-28 00:00:00-04:00,103.75688799917913,104.23393116239374,102.73601592106388,103.64239501953125,13890900
2025-04-29 00:00:00-04:00,102.79326757842871,103.83322554847031,102.58336740397435,103.38480377197266,9483100
2025-04-30 00:00:00-04:00,102.48796702471762,102.48796702471762,99.36810746562098,100.7801513671875,20379300
2025-05-01 00:00:00-04:00,100.27448447242551,102.01092152083714,100.1599987570128,100.92326354980469,18610300
2025-05-02 00:00:00-04:00,102.77419153116102,103.99542099841271,99.74973929131089,101.3335189819336,16581900
2025-05-05 00:00:00-04:00,99.84515509463252,99.85469799791629,98.33769665630227,98.52851104736328,19624000
2025-05-06 00:00:00-04:00,99.1200389424679,101.11408337257942,98.72886729006916,99.90238952636719,16303400
2025-05-07 00:00:00-04:00,100.16954183477145,100.45577070280711,99.29178398214573,99.80699157714844,12332200
2025-05-08 00:00:00-04:00,100.50344969501704,102.45932956733162,100.50344969501704,101.19993591308594,19196500
2025-05-09 00:00:00-04:00,102.22083315530877,102.8028265375246,101.49572533369346,102.38302612304688,10992100
2025-05-12 00:00:00-04:00,105.20711587333653,105.3693161115661,103.34665009722491,104.14808654785156,14244600
2025-05-13 00:00:00-04:00,104.30073938094199,105.43610468326804,104.0145105097178,104.43431091308594,13350800
2025-05-14 00:00:00-04:00,103.8618483150062,103.8618483150062,102.97454765280234,103.49929809570312,15494900
2025-05-15 00:00:00-04:00,102.53642575423892,104.6162366244776,102.03573462592806,104.54883575439453,15004300
2025-05-16 00:00:00-04:00,104.61624567613576,104.8473333441086,103.46079264398253,104.17332458496094,14042500
2025-05-19 00:00:00-04:00,103.57632576040372,103.57632576040372,101.7950108477382,102.51716613769531,16802700
2025-05-20 00:00:00-04:00,102.44013703873874,102.75788713734026,100.88990972317289,101.05359649658203,12429300
2025-05-21 00:00:00-04:00,100.64918835125309,101.07285513703019,99.79223133176284,99.81149291992188,16716100
2025-05-22 00:00:00-04:00,99.23377273169237,99.62855452083215,98.1072121345256,99.1471176147461,13417400
2025-05-23 00:00:00-04:00,98.79085135831974,99.6285542169664,98.28052941480807,99.20488739013672,12061600
2025-05-27 00:00:00-04:00,99.64780411031632,100.00407004879106,99.07971211381903,99.67668914794922,13043600
2025-05-28 00:00:00-04:00,100.41810344268559,100.5529051788848,98.01091908749459,98.31903839111328,14292400
2025-05-29 00:00:00-04:00,98.4827206989057,99.03155841315875,97.97239881412659,98.87750244140625,13825300
2025-05-30 00:00:00-04:00,98.36718952958898,98.58864638658616,97.43320078154211,98.50199127197266,28645800
2025-06-02 00:00:00-04:00,99.89814499476937,99.99443089421038,98.42494942950654,99.22413635253906,17290500
2025-06-03 00:00:00-04:00,99.07971642388539,100.77437638479212,98.41533114485188,99.94630432128906,19194300
2025-06-04 00:00:00-04:00,100.06184210416772,101.02471589041909,98.50199127197266,98.50199127197266,15648500
2025-06-05 00:00:00-04:00,99.15674478935911,99.22414565990444,97.95315256808973,98.0494384765625,13924800
2025-06-06 00:00:00-04:00,98.94490779654164,100.62030605089956,98.86787613409805,100.39884185791016,15487800
2025-06-09 00:00:00-04:00,100.45661451036285,101.92017929661513,99.97517766215387,101.0728530883789,17087300
2025-06-10 00:00:00-04:00,102.1416434220443,103.65335483073046,101.99721089843361,103.23931884765625,17634800
2025-06-11 00:00:00-04:00,103.75926685994192,105.32874826905099,102.50752817311864,105.25171661376953,22648200
2025-06-12 00:00:00-04:00,104.87620285765611,106.09905658468342,104.20219419829387,105.65613555908203,17469400
2025-06-13 00:00:00-04:00,108.17886193405955,108.35217949904542,106.57086457044517,107.95740509033203,28540200
2025-06-16 00:00:00-04:00,107.6685464062479,108.95880109887848,107.00416114345298,108.30404663085938,22986100
2025-06-17 00:00:00-04:00,109.71946201611948,110.6630815332449,108.9106515838495,109.76760864257812,19451700
2025-06-18 00:00:00-04:00,110.35496516988461,110.9615730102809,108.74696771079476,108.98768615722656,17968900
2025-06-20 00:00:00-04:00,109.23802009912195,110.76899312695922,108.97804742820651,110.44161224365234,36273300
2025-06-23 00:00:00-04:00,112.36735970734622,112.60807813632182,107.03304578585349,107.59150695800781,26631100
2025-06-24 00:00:00-04:00,105.19395236311243,106.82121127674935,103.90370512343452,104.31773376464844,24828300
2025-06-25 00:00:00-04:00,104.09628467206528,105.18432939601642,103.70150289714556,104.34663391113281,17483200
2025-06-26 00:00:00-04:00,104.89547343554061,106.33978412607817,104.51995324369237,105.90648651123047,18304800
2025-06-27 00:00:00-04:00,105.85835191696557,106.01240791078341,104.34664028777212,105.31913757324219,22002100
2025-06-30 00:00:00-04:00,104.606608619303,104.79918044006295,103.72076648997667,103.79779815673828,19199000
2025-07-01 00:00:00-04:00,104.11552817205984,105.56946948296286,103.17191608132832,105.18431854248047,15536900
2025-07-02 00:00:00-04:00,105.91611128843948,107.22562016115167,104.78955077690054,106.92713165283203,11892200
2025-07-03 00:00:00-04:00,106.74418416289659,108.29441148300808,106.5130965205741,108.03443145751953,11223600
2025-07-07 00:00:00-04:00,107.39893742867832,107.89000509111263,106.12794439060524,106.98490142822266,15415900
2025-07-08 00:00:00-04:00,106.77306022858359,110.21051892214973,106.73454440040875,109.95054626464844,17913400
2025-07-09 00:00:00-04:00,109.69057524305732,110.02757958450402,109.06470583971705,109.57503509521484,10652100
2025-07-10 00:00:00-04:00,109.48837117973027,110.99045185082323,108.87213257896681,110.66307830810547,14901700
2025-07-11 00:00:00-04:00,110.58603986843431,111.4622584369624,110.25866634578192,111.1445083618164,11683900
2025-07-14 00:00:00-04:00,110.95194424017892,110.95194424017892,109.01656596677141,109.6905746459961,13220300
2025-07-15 00:00:00-04:00,109.44023392561274,109.8253775486079,108.41958275547317,108.71807861328125,10959300
2025-07-16 00:00:00-04:00,108.689178360338,109.28616268658553,107.93813806527567,108.06331634521484,11158900
2025-07-17 00:00:00-04:00,107.35079409695216,108.06332597289979,106.96564312138607,107.51448822021484,13151400
2025-07-18 00:00:00-04:00,106.98490793447233,107.58189233189675,103.35486961401331,103.76890563964844,32366600
2025-07-21 00:00:00-04:00,103.6052155819203,104.73177612321237,103.45115959960856,104.03851318359375,17010400
2025-07-22 00:00:00-04:00,103.97111559647026,105.37691045536346,103.6148496477767,104.51032257080078,13970900
2025-07-23 00:00:00-04:00,104.8858429394058,105.91611760774447,104.80881127261651,105.84871673583984,12002700
2025-07-24 00:00:00-04:00,105.58873603781592,106.83083667643824,105.07840679363585,106.6767807006836,15647200
2025-07-25 00:00:00-04:00,106.61901964994476,106.85973810117217,105.62725346012678,106.30126953125,10548900
2025-07-28 00:00:00-04:00,106.8789836611563,107.94777408545934,106.72492033873907,107.30265045166016,12353000
2025-07-29 00:00:00-04:00,107.74557393641399,108.8047335906339,107.2737678565253,108.6891860961914,15928000
2025-07-30 00:00:00-04:00,108.23665028866449,108.42922211537449,107.12934391972125,107.7455825805664,12996900
2025-07-31 00:00:00-04:00,106.26273924238399,108.32328831689841,106.26273924238399,107.4952163696289,17233700
2025-08-01 00:00:00-04:00,107.84185581613299,108.36180850249798,104.81843294612216,105.56947326660156,19652000
2025-08-04 00:00:00-04:00,105.16507353667451,105.83908223210184,103.11414772060712,103.38375854492188,19129500
2025-08-05 00:00:00-04:00,103.23933645334417,103.81705930016427,102.13203004502128,103.25859069824219,21314300
2025-08-06 00:00:00-04:00,104.28886308142992,105.00139501103637,102.42089283040002,102.55569458007812,15321800
2025-08-07 00:00:00-04:00,103.16229398716435,104.04813608267548,101.95870178799905,102.01647186279297,13468300
2025-08-08 00:00:00-04:00,102.54605771765384,103.51856229377444,102.01647419943372,102.83492279052734,14417700
2025-08-11 00:00:00-04:00,103.13340183414549,103.53780702208884,101.61205963629006,101.90092468261719,13570700
2025-08-12 00:00:00-04:00,102.39199142506507,103.29709510415664,101.85278447384988,102.18978881835938,14109400
2025-08-13 00:00:00-04:00,102.06461288940845,103.60520935058594,101.8142636687973,103.60520935058594,17958700
2025-08-14 00:00:00-04:00,103.55707332974849,103.59558181461352,102.48828289422498,103.39337921142578,13683500
2025-08-15 00:00:00-04:00,103.19901679512692,104.53042413910818,102.96577138265387,103.49056243896484,19271900
2025-08-18 00:00:00-04:00,103.11154890699076,104.20972567810239,102.6936601404045,103.7140884399414,13040000
2025-08-19 00:00:00-04:00,103.20872522646735,104.43323763701244,103.16013799522867,104.39436340332031,16113600
2025-08-20 00:00:00-04:00,104.84141301967696,106.25057628140125,104.64704925264721,105.47310638427734,18959700
2025-08-21 00:00:00-04:00,105.36620628024141,106.48381650017089,104.91916367517014,106.15339660644531,12194900
2025-08-22 00:00:00-04:00,106.51297186111358,108.27199589706909,106.51297186111358,108.1456527709961,13586700
2025-08-25 00:00:00-04:00,107.77635281058514,108.76761986699798,107.42649210490949,108.59268951416016,9744900
2025-08-26 00:00:00-04:00,108.23311615272006,108.66071791639624,107.25156209122048,108.3497314453125,18143900
2025-08-27 00:00:00-04:00,108.28170867190343,109.7977742801282,108.28170867190343,109.57424926757812,15262600
2025-08-28 00:00:00-04:00,109.69086501091255,110.44889405961052,108.91339513740054,110.15734100341797,14189800
2025-08-29 00:00:00-04:00,110.5169321497463,111.55679393662437,110.38087602170638,111.07087707519531,14597900
2025-09-02 00:00:00-04:00,110.96396512433365,111.99410640835276,110.13790801462953,111.45960235595703,15206700
2025-09-03 00:00:00-04:00,110.75987893875846,111.20692151454529,108.32057447471314,108.75790405273438,14920100
2025-09-04 00:00:00-04:00,108.9522753120418,109.94354241103126,108.24283345769933,109.2341079711914,12864400
2025-09-05 00:00:00-04:00,108.45663769312769,108.63156805289493,105.9493050079647,106.15339660644531,16826700
2025-09-08 00:00:00-04:00,106.63930512241828,106.95029158055625,105.29816999741539,106.75592041015625,15440500
2025-09-09 00:00:00-04:00,107.41677115372212,109.34100502528872,107.41677115372212,107.53339385986328,14899500
2025-09-10 00:00:00-04:00,108.02903760030244,109.38959884806225,107.71804369852568,109.33129119873047,15837600
2025-09-11 00:00:00-04:00,108.2622676158315,109.59367494058706,107.74719697943684,108.9814224243164,11534500
2025-09-12 00:00:00-04:00,109.68115036518988,110.03101108521462,108.72875009078862,109.00086975097656,11105700
2025-09-15 00:00:00-04:00,109.02030640541297,109.29241865919302,108.18452881765838,109.18551635742188,12880500
2025-09-16 00:00:00-04:00,109.77832745457134,112.07185544585985,109.60339710220181,111.44988250732422,17208000
2025-09-17 00:00:00-04:00,111.30410607559392,112.23706548421598,110.83763007853405,112.0427017211914,13302000
2025-09-18 00:00:00-04:00,111.92607995354716,112.10101030753755,110.20593765139351,110.72100830078125,14628700
2025-09-19 00:00:00-04:00,110.69186278129207,110.76961125878745,109.46735021150015,109.64228057861328,38746500
2025-09-22 00:00:00-04:00,109.2826959138657,109.62284363833473,108.41776451945006,108.86480712890625,15611500
2025-09-23 00:00:00-04:00,109.54508159592271,111.51790256389175,109.31184361433323,110.74043273925781,25369100
2025-09-24 00:00:00-04:00,111.34297999499384,112.49946440086293,111.24579811375746,111.33325958251953,14756100
2025-09-25 00:00:00-04:00,111.41101237450077,112.63552488617954,111.18749478043796,112.3342514038086,15012600
2025-09-26 00:00:00-04:00,112.69383765243481,115.02624007101338,112.6549634137665,113.91835021972656,18568900
2025-09-29 00:00:00-04:00,112.7910162029508,113.21862540114104,110.46833426642237,111.00284576416016,19189300
2025-09-30 00:00:00-04:00,110.15734800250948,110.29340412684338,108.78706634614592,109.57424926757812,18076200
2025-10-01 00:00:00-04:00,109.38959246283336,109.83663504878889,108.15536699883687,108.83564758300781,16614000
2025-10-02 00:00:00-04:00,108.81621982766848,109.90466881890825,107.90269378330424,108.1553726196289,13062600
2025-10-03 00:00:00-04:00,108.74818331118651,110.54607402115766,108.74818331118651,110.06987762451172,12950100
2025-10-06 00:00:00-04:00,110.09903368290979,111.53734331429891,109.99213138962384,110.9833984375,12036800
2025-10-07 00:00:00-04:00,110.85706675882555,111.28467594749493,108.59269252173914,111.04171752929688,11945000
2025-10-08 00:00:00-04:00,111.1583323936962,111.77059235046264,110.2156599629254,110.8084716796875,12301000
2025-10-09 00:00:00-04:00,111.20692788321571,112.2565100331723,109.56452659751527,109.72974395751953,10976200
2025-10-10 00:00:00-04:00,109.09804934109887,109.44791005376213,107.59170419410415,107.61114501953125,13811600
2025-10-13 00:00:00-04:00,108.39832506981655,109.13692071210326,108.18452048274652,109.07860565185547,10296500
2025-10-14 00:00:00-04:00,107.64030054987607,109.77833168160478,107.59170590004028,109.12720489501953,11167200
2025-10-15 00:00:00-04:00,109.62283878732902,110.37114743614104,107.84438142670133,108.46635437011719,12182900
2025-10-16 00:00:00-04:00,108.72875337123354,109.03002686476279,107.28072321186103,107.523681640625,11782200
2025-10-17 00:00:00-04:00,108.48578653843487,109.72973982552386,108.04846436633875,109.07860565185547,13460100
2025-10-20 00:00:00-04:00,108.84536943126957,109.96297961815183,108.8259360205379,109.52565002441406,9523600
2025-10-21 00:00:00-04:00,109.71030022674081,110.16706322885845,108.83564845827111,109.53536987304688,9202300
2025-10-22 00:00:00-04:00,110.25452952377394,111.93580507533065,109.89495580258458,111.47904205322266,12938800
2025-10-23 00:00:00-04:00,113.34495804742382,113.5587626407378,112.11073255125102,112.71327209472656,15001100
2025-10-24 00:00:00-04:00,113.07284436855093,113.18946707646688,111.93580077075434,112.13988494873047,9919400
2025-10-27 00:00:00-04:00,112.44115490567556,112.72298756536166,111.85805617489514,112.67440032958984,10975400
2025-10-28 00:00:00-04:00,112.23706639389255,112.90763398641612,111.7511495678905,111.79002380371094,9535200
2025-10-29 00:00:00-04:00,111.68312434748483,113.7531348241486,111.57622204988705,113.17002868652344,12570600
2025-10-30 00:00:00-04:00,113.15059081063988,113.23805227913105,111.30410541485863,111.45960235595703,16172900
2025-10-31 00:00:00-04:00,110.76959902188928,111.98439104416849,109.44790470848932,111.1388931274414,20213400
2025-11-03 00:00:00-05:00,111.27495623795205,111.75115266456905,110.43917868090855,110.55580139160156,12290300
2025-11-04 00:00:00-05:00,110.18649135994585,111.12917114221159,109.34100086968844,110.92508697509766,16860700
2025-11-05 00:00:00-05:00,110.87650583197897,111.93580844495868,110.46833744804312,110.47805786132812,12400900
2025-11-06 00:00:00-05:00,110.4391706240461,111.70255728029366,110.4391706240461,111.27494812011719,14219700
2025-11-07 00:00:00-05:00,111.96496236003543,114.20018288919466,111.66369627848462,113.91835021972656,17181100
2025-11-10 00:00:00-05:00,114.13214580783787,115.11369245227725,112.20791192555146,114.89017486572266,13048000
2025-11-11 00:00:00-05:00,115.4829957289592,117.40722222583193,115.4829957289592,116.40623474121094,16077100
2025-11-12 00:00:00-05:00,115.74538444838527,115.92031479926958,114.47228475914534,114.7929916381836,13790900
2025-11-13 00:00:00-05:00,115.28862536860791,116.38680215875796,114.9484850676996,115.44412231445312,17291900
2025-11-14 00:00:00-05:00,116.12055397963738,117.13030423595934,114.36576278199473,116.94403839111328,17064300
2025-11-17 00:00:00-05:00,116.63031603758692,117.14989176671764,114.80689452973157,115.36568450927734,16034900
2025-11-18 00:00:00-05:00,114.9539526464096,117.13029505260532,114.18929341814709,116.68914031982422,15808500
2025-11-19 00:00:00-05:00,114.55201596702355,115.85586186327224,113.65011056424346,115.04218292236328,15919200
2025-11-20 00:00:00-05:00,115.65979317287263,116.66953586139736,114.44417378999563,114.71866607666016,14401000
2025-11-21 00:00:00-05:00,114.68925477292015,115.07158437525726,113.37561100680882,114.7774887084961,15667600
2025-11-24 00:00:00-05:00,114.89512993221705,114.89512993221705,112.48350943901481,113.68932342529297,18034900
2025-11-25 00:00:00-05:00,112.914847977459,113.62068951387047,111.94431960456993,112.25802612304688,14434600
2025-11-26 00:00:00-05:00,112.16001085320482,113.46384932290243,112.06197147468312,112.51292419433594,11650600
2025-11-28 00:00:00-05:00,112.68937191455296,116.40483806561917,112.5619312079222,113.64029693603516,7240800
2025-12-01 00:00:00-05:00,113.81676607945676,115.10100859456215,113.81676607945676,114.33634185791016,12658100
2025-12-02 00:00:00-05:00,114.15008279695115,114.3069323331814,112.43449845560603,113.11092376708984,14607700
2025-12-03 00:00:00-05:00,113.66971368830343,115.65979780503157,113.60109061388896,115.48333740234375,16819100
2025-12-04 00:00:00-05:00,115.1892321392773,116.01270901724688,114.36575526130771,114.83631134033203,13686900
2025-12-05 00:00:00-05:00,114.4539847645169,116.44406141854374,114.12067482295866,114.24811553955078,12516900
2025-12-08 00:00:00-05:00,113.55206799921592,114.69905677188999,112.7776033850286,113.6991195678711,14904200
2025-12-09 00:00:00-05:00,114.60103497720259,118.10082671847627,114.59122954393455,115.92448425292969,23790800
2025-12-10 00:00:00-05:00,116.3950417739158,117.51262176910427,116.04212098813484,117.1891098022461,19845200
2025-12-11 00:00:00-05:00,116.76756594586071,117.99298326333523,116.72835169417907,117.1891098022461,14781800
2025-12-12 00:00:00-05:00,117.09108609167848,117.56164218601954,115.98330397251515,116.4832763671875,14459500
2025-12-15 00:00:00-05:00,116.66953969111152,116.68914307822224,114.55201487415584,115.44412231445312,16358700
2025-12-16 00:00:00-05:00,114.47358447642657,114.54220754921194,112.35606717379666,112.42469024658203,17638700
2025-12-17 00:00:00-05:00,112.94426650972589,115.30687477346801,112.90505225662412,115.10100555419922,18502200
2025-12-18 00:00:00-05:00,114.68926281028475,114.68926281028475,113.35600808534332,114.24811553955078,13705600
2025-12-19 00:00:00-05:00,114.45398212999562,115.25785562394006,113.67951745617594,114.3951644897461,45412800
2025-12-22 00:00:00-05:00,115.03237860130838,116.13035528445343,115.03237860130838,115.82645416259766,11768600
2025-12-23 00:00:00-05:00,116.14015795769345,117.66947644340163,115.99310637729363,117.07147216796875,12567600
2025-12-24 00:00:00-05:00,116.9832416812017,117.68908325934501,116.77737246746888,116.87540435791016,6137400
2025-12-26 00:00:00-05:00,116.5519034579325,117.19892745913499,116.19898263534104,116.767578125,8066100
2025-12-29 00:00:00-05:00,117.787120887003,118.9145063803753,117.05187045384986,118.1596450805664,14782500
2025-12-30 00:00:00-05:00,118.71843302977904,119.40467124297325,118.2576749030489,118.610595703125,11150500
2025-12-31 00:00:00-05:00,118.79685774677961,118.87528625081782,117.51262278040748,117.97337341308594,10559900
2026-01-02 00:00:00-05:00,117.72830081012032,120.26736963731908,117.25774470118102,120.23796081542969,14175100
2026-01-05 00:00:00-05:00,122.74760936566847,123.45345098557014,119.98306800728975,122.89466094970703,30112200
2026-01-06 00:00:00-05:00,122.8848495018372,123.32600423236111,118.62039864956253,118.66941833496094,23328600
2026-01-07 00:00:00-05:00,117.44400199217434,117.75770853507144,115.94408487086373,116.15975952148438,20353000
2026-01-08 00:00:00-05:00,116.64013108932252,121.19867775555002,116.32642453948432,120.49284362792969,20232700
2026-01-09 00:00:00-05:00,120.80655047223998,122.40449204572425,120.67910227773142,122.15940856933594,16137700
2026-01-12 00:00:00-05:00,122.01235656019075,122.051570813798,120.14972065029409,121.59081268310547,15314900
2026-01-13 00:00:00-05:00,122.54173753279225,124.63965148100533,122.35547169834909,124.05145263671875,21619700
2026-01-14 00:00:00-05:00,124.84552279472729,129.12958470323446,124.62984813635859,127.63947296142578,27593900
2026-01-15 00:00:00-05:00,126.59051513671875,127.63946458017203,125.77683624424921,126.59051513671875,17400000
2026-01-16 00:00:00-05:00,126.37483309964092,127.60025034335311,126.33561137096643,127.33555603027344,16592400
2026-01-20 00:00:00-05:00,128.92371738258842,129.34526877597648,127.51204900512043,127.89437866210938,16477300
2026-01-21 00:00:00-05:00,129.315842058889,131.10004189171138,129.315842058889,130.98240661621094,18879900
2026-01-22 00:00:00-05:00,130.4334321339966,131.54119930090036,129.2570344119412,131.01182556152344,16600100
2026-01-23 00:00:00-05:00,132.43330911480464,133.30580572799937,131.83530480966832,132.315673828125,17758200
2026-01-26 00:00:00-05:00,134.23709589269498,134.24690880396307,131.53138007370205,132.18820190429688,16056100
2026-01-27 00:00:00-05:00,132.59015456841982,134.23710827308267,132.0607808658375,134.1390838623047,14517000
2026-01-28 00:00:00-05:00,134.98218120270877,135.2958802817515,133.98223640576208,134.8743438720703,15637300
2026-01-29 00:00:00-05:00,137.56045323507496,139.54071684501432,136.3742426928216,137.7467041015625,35760600
2026-01-30 00:00:00-05:00,136.0115249641907,139.413284651152,135.1194175625329,138.61920166015625,29657700
2026-02-02 00:00:00-05:00,137.0800926697375,137.5604616716114,135.34489745756886,135.67820739746094,27735600
2026-02-03 00:00:00-05:00,135.91348559607266,142.15820749031957,135.58997362759902,140.90338134765625,37577800
2026-02-04 00:00:00-05:00,141.28570982267485,144.9325529451777,141.28570982267485,144.68746948242188,29426200
2026-02-05 00:00:00-05:00,143.69733549717404,143.8443795891129,140.9720086293876,143.20716857910156,18431700
2026-02-06 00:00:00-05:00,143.73654018937657,146.62853693113198,143.21696446043293,146.11875915527344,17216000
2026-02-09 00:00:00-05:00,146.32463450957823,148.56960754784373,145.7070343161397,148.23629760742188,21297300
2026-02-10 00:00:00-05:00,148.3735398653639,148.79507625683397,146.87363021409703,148.6088104248047,15800300
2026-02-11 00:00:00-05:00,150.94200517912682,153.8437850193578,150.54987761975752,152.500732421875,23091500
2026-02-12 00:00:00-05:00,151.86914039995418,153.2112816986525,147.9118045030338,147.9611358642578,30652500
2026-02-13 00:00:00-05:00,148.573009056918,149.66843335045488,146.0367505798841,146.50057983398438,20166000
2026-02-17 00:00:00-05:00,146.25386332053407,147.17165857121253,143.24391231753378,144.270263671875,19766600
2026-02-18 00:00:00-05:00,146.20451859059764,148.99735741858277,145.67161638544218,148.7012939453125,19849700
2026-02-19 00:00:00-05:00,150.20133141726754,151.36584368014013,148.85919011306916,148.98748779296875,20305000
2026-02-20 00:00:00-05:00,148.51380081276685,148.8295908063359,144.53672317214324,145.345947265625,25908600
2026-02-23 00:00:00-05:00,146.2045163413988,149.28355533426253,146.18478981965436,148.78024291992188,16073100
2026-02-24 00:00:00-05:00,148.44471274188743,148.7407762133805,146.08609834773506,147.29994201660156,14185500
2026-02-25 00:00:00-05:00,147.94141356259428,148.20785713109032,145.39529183251534,147.10256958007812,15225700
2026-02-26 00:00:00-05:00,145.8689764649243,148.97762012181042,144.8426402313522,146.58938598632812,15632100
2026-02-27 00:00:00-05:00,149.01710365170337,151.63229845401327,147.2900842385214,150.49740600585938,30275100
2026-03-02 00:00:00-05:00,157.25744744344775,157.5140277442215,151.0204334392882,152.19480895996094,31493100
2026-03-03 00:00:00-05:00,153.388913296314,154.00078180487054,148.32628979550924,149.83619689941406,25198900
2026-03-04 00:00:00-05:00,148.74077544915835,149.1749998639953,145.9183318111316,147.85260009765625,16764800
2026-03-05 00:00:00-05:00,149.0170967065771,150.32963320643273,147.5071895803822,148.78024291992188,22969300
2026-03-06 00:00:00-05:00,151.13886167079949,151.78033504800396,147.99076470220882,149.22434997558594,21136400
2026-03-09 00:00:00-04:00,150.0237005068187,151.8691391301945,147.50718371049803,148.46444702148438,25532700
2026-03-10 00:00:00-04:00,147.2900868194475,148.42497928748784,145.76043801499983,146.18479919433594,19617600
2026-03-11 00:00:00-04:00,146.046624457752,149.8164529995664,145.72095615785696,149.5894775390625,15297400
2026-03-12 00:00:00-04:00,150.27042175538625,152.96456766631465,149.63882672348768,151.5138702392578,26054000
2026-03-13 00:00:00-04:00,152.27376248734015,154.82974744779892,150.97108926767592,154.06985473632812,22414100
2026-03-16 00:00:00-04:00,153.95143953087205,155.70806372597428,152.7277175392131,155.165283203125,22835600
2026-03-17 00:00:00-04:00,156.17188931021934,158.34299629210685,154.74093346250348,156.7245330810547,21592200
2026-03-18 00:00:00-04:00,157.56337795891957,158.07653857282673,155.46134390714047,155.5205535888672,18947100
2026-03-19 00:00:00-04:00,156.18174662674213,157.46467822216096,152.80665939038394,156.08306884765625,27082700
2026-03-20 00:00:00-04:00,157.25745219688022,160.3068712918422,157.01073514922803,157.5732421875,53942100
2026-03-23 00:00:00-04:00,154.06986435705824,159.30026902536085,152.9843183312989,159.0140838623047,25021300
2026-03-24 00:00:00-04:00,159.58646273652485,165.2806813902276,159.13249674027693,163.20826721191406,26131800
2026-03-25 00:00:00-04:00,161.71809435727107,162.83326029190215,160.79043579838304,161.11610412597656,17192300
2026-03-26 00:00:00-04:00,161.9351991047626,163.50431592661914,159.9318578661477,163.25759887695312,18625200
2026-03-27 00:00:00-04:00,163.4056230540538,168.98142183830936,162.6358671348429,168.7445831298828,30338300
2026-03-30 00:00:00-04:00,170.24461319200663,174.09340787768787,168.80379417601876,169.21827697753906,29813500
2026-03-31 00:00:00-04:00,170.40252029916738,172.09007144795677,163.79050675840085,167.4320526123047,32006700
2026-04-01 00:00:00-04:00,163.59314847597437,165.79386038255356,157.43508538359336,158.66867065429688,37927600
2026-04-02 00:00:00-04:00,162.32995131495318,164.70829216920555,157.4942882287153,158.57984924316406,25377700
2026-04-06 00:00:00-04:00,158.46143620148837,161.59966989102813,157.4350848271786,161.2246551513672,16344300
2026-04-07 00:00:00-04:00,162.06349508840393,164.0569730451393,159.64567103873514,161.757568359375,25227500
2026-04-08 00:00:00-04:00,151.50400750448705,154.29684626632607,148.99735388970248,154.16854858398438,31311200
2026-04-09 00:00:00-04:00,154.80015098369313,157.1390238674347,152.28363398837865,153.00404357910156,25868400
2026-04-10 00:00:00-04:00,152.01715490726124,153.08297425812682,149.92499936208736,150.5072479248047,21065000
2026-04-13 00:00:00-04:00,152.244159041483,152.58955387101517,149.29341774875434,150.63555908203125,18685600
2026-04-14 00:00:00-04:00,148.09931479763057,148.13878289907458,144.79330037579695,147.28021240234375,18528200
2026-04-15 00:00:00-04:00,146.6486181452608,148.25720304523475,144.97093018596462,147.05322265625,15626500
2026-04-16 00:00:00-04:00,147.56639837260283,150.77371997111916,147.3887693274927,149.98422241210938,15191000
2026-04-17 00:00:00-04:00,142.95771435979552,144.8722408937409,140.10566613734218,144.5169677734375,28947400
2026-04-20 00:00:00-04:00,145.44462849031555,147.40848641370326,144.42815553036803,145.7406768798828,16354400
2026-04-21 00:00:00-04:00,145.43475353941858,146.85584607589826,144.31960277659698,146.41175842285156,17515900
2026-04-22 00:00:00-04:00,147.40849126178932,148.70128613345972,146.2341157498405,147.5367889404297,13738700
2026-04-23 00:00:00-04:00,147.88220528695376,149.24407315856882,146.54992719815058,148.5532684326172,12970400
2026-04-24 00:00:00-04:00,147.6749536212974,148.32629023309528,145.02027581191402,146.9545440673828,13735900
2026-04-27 00:00:00-04:00,147.20126666981344,149.19472962349624,146.0268910837684,146.24400329589844,13940800
2026-04-28 00:00:00-04:00,149.54013382081567,150.30988979505028,147.86246092975082,148.58287048339844,15173600
2026-04-29 00:00:00-04:00,150.02370608327118,152.9152226446687,149.0269595764905,152.63890075683594,14669100
2026-04-30 00:00:00-04:00,150.42830150729972,153.64550124162795,149.35261886191103,152.30335998535156,22885900
2026-05-01 00:00:00-04:00,150.60594916857974,152.97442670827715,149.14538852104675,150.74411010742188,15458200
2026-05-04 00:00:00-04:00,150.66515846041094,152.4415241398171,147.55652981525986,151.67176818847656,14238500
2026-05-05 00:00:00-04:00,151.08952150756775,153.25075013159284,150.40858006697343,152.8461456298828,12494600
2026-05-06 00:00:00-04:00,147.11244147126834,148.35588991182468,145.1584317038633,146.7374267578125,20527000
2026-05-07 00:00:00-04:00,144.87224830738384,145.14857018638108,142.29652181797798,144.65513610839844,22509400
2026-05-08 00:00:00-04:00,143.9347293661345,144.5761876566039,142.03006595775787,142.67153930664062,19550100
2026-05-11 00:00:00-04:00,144.10250542845526,147.75391492522851,144.08276384718866,147.7144317626953,14849500
2026-05-12 00:00:00-04:00,149.26381574762087,149.8164595321171,147.80325502310743,148.65196228027344,16443100
2026-05-13 00:00:00-04:00,148.0894397413527,149.79671751167356,147.71442500651165,149.57962036132812,15772800
2026-05-14 00:00:00-04:00,149.905263382453,151.10924370941106,149.27366837965636,150.77371215820312,11331500
2026-05-15 00:00:00-04:00,152.7608516688576,156.98350935726506,152.01567678266807,156.90402221679688,27882400
2026-05-18 00:00:00-04:00,156.30788510753027,160.6895017397437,154.23131965292822,159.45748901367188,20065200
2026-05-19 00:00:00-04:00,160.46099405822483,162.2692924138743,158.612959712182,161.50424194335938,20715600
2026-05-20 00:00:00-04:00,160.57027775243373,162.62695246090524,155.2646364435186,155.27456665039062,18509700
2026-05-21 00:00:00-04:00,157.40080741244543,158.36456815663448,152.47272592771048,154.2909393310547,17061700
2026-05-22 00:00:00-04:00,153.039050982118,154.54927634853834,152.1845831622433,153.92332458496094,12948500
2026-05-26 00:00:00-04:00,152.51245412992614,153.55570196228766,148.50838244281752,148.84619140625,13057800
2026-05-27 00:00:00-04:00,146.2827985604971,147.73341239068998,144.812324315,146.948486328125,16241100
2026-05-28 00:00:00-04:00,148.37921962101078,149.2436327977562,145.9251091176085,146.01454162597656,14012500
2026-05-29 00:00:00-04:00,145.2494947353263,145.9847242712525,143.77902050285167,144.32546997070312,27959900
2026-06-01 00:00:00-04:00,146.07415816976595,148.6872278824595,146.05428259382654,148.41897583007812,16732100
2026-06-02 00:00:00-04:00,148.0712197861663,149.8596425847688,147.54463073444197,148.59780883789062,10462400
2026-06-03 00:00:00-04:00,149.6410600803893,153.91339931686977,149.05485944903873,151.5487060546875,14373000
2026-06-04 00:00:00-04:00,151.07178923986044,152.44290069957347,149.96892981929165,151.0618438720703,11799400
2026-06-05 00:00:00-04:00,151.0320404901442,151.15127878116928,148.33948372439218,148.9554901123047,16584000
2026-06-08 00:00:00-04:00,150.18751157814702,152.82045666526088,149.92917459257427,150.77371215820312,13870900
2026-06-09 00:00:00-04:00,149.93912891268184,150.1577147624696,146.82926081757435,147.95199584960938,18163500
2026-06-10 00:00:00-04:00,150.25706190677164,151.5089654358688,148.5978076229357,149.65098571777344,14596500
2026-06-11 00:00:00-04:00,151.32018657890387,151.5089666465856,145.47801049142424,145.6568603515625,17285800
2026-06-12 00:00:00-04:00,144.69309749283448,147.95199447310367,144.21617464648634,146.064208984375,17713100
2026-06-15 00:00:00-04:00,138.8409959581125,141.06657534019064,136.83398727052634,140.01339721679688,23631400
2026-06-16 00:00:00-04:00,139.28808771120796,141.2354695284117,139.07943207905402,140.9473419189453,18925400
2026-06-17 00:00:00-04:00,140.31145660572122,141.42424618882197,139.41725285653254,139.8345489501953,16663200
2026-06-18 00:00:00-04:00,137.43012951128387,137.5692282188612,134.97601897282365,136.92340087890625,48063400
2026-06-22 00:00:00-04:00,137.64870437324234,138.10575166092363,136.1384941196488,137.57916259765625,15783300
2026-06-23 00:00:00-04:00,138.56278739587265,139.486796941336,137.60895690836153,138.83103942871094,13699400
2026-06-24 00:00:00-04:00,136.23784244879812,136.75450130722126,134.7176868182312,136.01925659179688,16212900
2026-06-25 00:00:00-04:00,134.76735400327686,137.18172838415734,134.08179072030313,136.66506958007812,13288800
2026-06-26 00:00:00-04:00,136.08880152709986,136.6948776843146,135.04555369443563,135.66156005859375,22684200
2026-06-29 00:00:00-04:00,135.70132071428984,136.5061071911013,134.51897409848138,135.18466186523438,11972700
2026-06-30 00:00:00-04:00,135.6019469157409,136.4166786942443,134.45935154509178,135.8404083251953,28784000
2026-07-01 00:00:00-04:00,135.6516356483452,136.60546617741443,134.75743184534812,135.4032440185547,12433400
2026-07-02 00:00:00-04:00,136.26763463349974,138.24483735700704,135.45291801558523,136.20802307128906,13703300
2026-07-06 00:00:00-04:00,135.67150299991567,136.48621961272076,135.13496862214214,135.5622100830078,13915100
2026-07-07 00:00:00-04:00,137.6685743295943,140.82812374084455,137.24134800388697,140.7784423828125,14667800
2026-07-08 00:00:00-04:00,142.5171821025025,143.0636467131422,138.91053083290223,140.2220458984375,18291400
2026-07-09 00:00:00-04:00,138.7614962690738,139.14898658435814,136.2378289556867,136.57565307617188,14110200
2026-07-10 00:00:00-04:00,137.01282036043938,138.0759438396731,136.25771524478435,137.9865264892578,9753500
2026-07-13 00:00:00-04:00,140.013391594685,144.29566085231056,139.58616526996687,143.58029174804688,18724300
2026-07-14 00:00:00-04:00,144.57385127298625,145.06070430003604,142.9642784465353,144.15655517578125,16096400
2026-07-15 00:00:00-04:00,144.15656214651605,144.15656214651605,141.11625103370636,143.58029174804688,13444500
2026-07-16 00:00:00-04:00,144.3453443482853,145.92511149334146,143.62004502594374,145.0110321044922,13518000
2026-07-17 00:00:00-04:00,148.07121098589766,149.03497168229288,146.2231767306124,146.41195678710938,19031400
2026-07-20 00:00:00-04:00,145.55749846162485,148.13083216789195,145.28923125020256,147.40553283691406,12149200
2026-07-21 00:00:00-04:00,148.0513366306137,150.78364446729043,147.52474760584934,150.73397827148438,13145300
2026-07-22 00:00:00-04:00,152.87014400150304,153.80409894761962,151.96599483786918,153.4563446044922,13788700
2026-07-23 00:00:00-04:00,155.59251814100296,157.54984533591656,155.05598374734197,155.88064575195312,15822800
2026-07-24 00:00:00-04:00,155.98000972608443,157.6889453127249,154.67842488089144,155.93032836914062,12091600
2026-07-27 00:00:00-04:00,152.08523196835614,154.420104155216,151.51889178426083,153.7742919921875,13955800
2026-07-28 00:00:00-04:00,153.17815498792126,155.17521831898253,150.9028942324521,152.055419921875,16299900
2026-07-29 00:00:00-04:00,156.7053073348219,158.04662815474293,154.85727306502608,155.74154663085938,14571300
2026-07-30 00:00:00-04:00,154.09223405988436,156.76493053038882,153.53583921231603,155.96014404296875,12578100
2026-07-31 00:00:00-04:00,152.7509270772818,155.1553563125088,151.16121453071767,154.4399871826172,15714200
2026-08-03 00:00:00-04:00,152.4727263545316,154.90696132074848,151.66792473036153,154.0624237060547,14532800
2026-08-04 00:00:00-04:00,150.6445556868725,153.84384119554895,148.13083352442996,152.96951293945312,14347900
2026-08-05 00:00:00-04:00,154.04254552700252,154.04254552700252,150.17757239730147,150.6544952392578,12227500
2026-08-06 00:00:00-04:00,153.227835140774,153.87364733649875,150.8631418913171,153.84384155273438,11879100
2026-08-07 00:00:00-04:00,151.65799936147022,152.68137170710398,150.55513987163098,152.055419921875,18455200
2026-08-10 00:00:00-04:00,153.50603299447087,159.33826383030498,153.45635163451644,158.76199340820312,19761600
2026-08-11 00:00:00-04:00,158.6328281788065,160.62989135010667,158.2453378571924,158.7719268798828,13744500
2026-08-12 00:00:00-04:00,157.5299675257101,159.19915192536513,156.54633125837117,158.7222442626953,13219500
2026-08-13 00:00:00-04:00,157.0133139569994,158.73217976988673,156.4171679882901,157.58958435058594,10542800
2026-08-14 00:00:00-04:00,158.68251698441384,160.22253297554738,158.22546971049474,159.07000732421875,10231300
2026-08-17 00:00:00-04:00,160.10000610351562,162.50999450683594,159.08999633789062,161.4600067138672,12858100
2026-08-18 00:00:00-04:00,164.35000610351562,165.6699981689453,163.25,165.55999755859375,18952700
2026-08-19 00:00:00-04:00,166.07000732421875,168.2100067138672,164.66000366210938,164.77000427246094,13648900
2026-08-20 00:00:00-04:00,167.02000427246094,168.63999938964844,166.07000732421875,166.14999389648438,13803000
2026-08-21 00:00:00-04:00,166.5399932861328,168.0,164.61000061035156,165.11000061035156,14314300
2026-08-24 00:00:00-04:00,163.8699951171875,165.22000122070312,162.25,164.0500030517578,10842500
2026-08-25 00:00:00-04:00,161.4499969482422,162.80999755859375,160.4600067138672,160.63999938964844,17525300
2026-08-26 00:00:00-04:00,158.0,161.1300048828125,157.75999450683594,158.19000244140625,14838400
2026-08-27 00:00:00-04:00,157.6300048828125,158.19000244140625,156.13999938964844,156.44000244140625,14288500
2026-08-28 00:00:00-04:00,156.60000610351562,157.4199981689453,155.32000732421875,156.7100067138672,11352600
2026-08-31 00:00:00-04:00,159.94000244140625,161.58999633789062,158.74000549316406,160.9499969482422,18363400
2026-09-01 00:00:00-04:00,163.60000610351562,164.6999969482422,162.22000122070312,164.5500030517578,11381800
2026-09-02 00:00:00-04:00,163.92999267578125,165.02000427246094,162.75999450683594,164.14999389648438,11287000
2026-09-03 00:00:00-04:00,164.42999267578125,165.64999389648438,162.08999633789062,162.2100067138672,13755100
2026-09-04 00:00:00-04:00,161.02000427246094,161.47999572753906,159.16000366210938,159.47000122070312,16206400
2026-09-08 00:00:00-04:00,160.61000061035156,163.11000061035156,158.75,160.66000366210938,12607700
2026-09-09 00:00:00-04:00,162.8800048828125,165.17999267578125,162.5500030517578,164.22999572753906,13124000
2026-09-10 00:00:00-04:00,167.0,167.3699951171875,163.17999267578125,165.22999572753906,16615300
2026-09-11 00:00:00-04:00,165.07000732421875,167.08999633789062,164.0800018310547,165.99000549316406,11362400
2026-09-14 00:00:00-04:00,168.6999969482422,169.4499969482422,164.0399932861328,165.0800018310547,13942100
2026-09-15 00:00:00-04:00,165.36000061035156,169.63999938964844,165.14999389648438,169.32000732421875,12329200
2026-09-16 00:00:00-04:00,167.22999572753906,167.5,162.55999755859375,163.32000732421875,13437800
2026-09-17 00:00:00-04:00,161.8300018310547,163.38999938964844,161.4499969482422,163.27000427246094,10976500
2026-09-18 00:00:00-04:00,162.5,163.5399932861328,161.30999755859375,163.5399932861328,37605100
